commence_time,book,home_key,away_key,total_line,pred_total_mu,pred_sigma,side,confidence,edge,kelly_frac,price_over,price_under,p_over,p_under
10/30/2025,BetOnline.ag,miami dolphins,baltimore ravens,2.5,38.038544874462126,13.198837971623302,Over,0.9964546159073222,2.9957830097883615,0.24881918685949853,301.0,1.91,0.9964546159073222,0.0035453840926777946
10/30/2025,BetOnline.ag,miami dolphins,baltimore ravens,2.5,38.038544874462126,13.198837971623302,Over,0.9964546159073222,2.9957830097883615,0.24881918685949853,301.0,2.21,0.9964546159073222,0.0035453840926777946
10/30/2025,BetOnline.ag,miami dolphins,baltimore ravens,2.5,38.038544874462126,13.198837971623302,Over,0.9964546159073222,2.9957830097883615,0.24881918685949853,301.0,1.8,0.9964546159073222,0.0035453840926777946
10/30/2025,BetOnline.ag,miami dolphins,baltimore ravens,2.5,38.038544874462126,13.198837971623302,Over,0.9964546159073222,2.9957830097883615,0.24881918685949853,301.0,1.59,0.9964546159073222,0.0035453840926777946
10/30/2025,BetOnline.ag,miami dolphins,baltimore ravens,2.5,38.038544874462126,13.198837971623302,Over,0.9964546159073222,2.9957830097883615,0.24881918685949853,301.0,2.21,0.9964546159073222,0.0035453840926777946
10/30/2025,BetOnline.ag,miami dolphins,baltimore ravens,2.5,38.038544874462126,13.198837971623302,Over,0.9964546159073222,2.9957830097883615,0.24881918685949853,301.0,1.91,0.9964546159073222,0.0035453840926777946
10/30/2025,BetOnline.ag,miami dolphins,baltimore ravens,2.5,38.038544874462126,13.198837971623302,Over,0.9964546159073222,2.9957830097883615,0.24881918685949853,301.0,1.8,0.9964546159073222,0.0035453840926777946
10/30/2025,BetOnline.ag,miami dolphins,baltimore ravens,2.5,38.038544874462126,13.198837971623302,Over,0.9964546159073222,2.9957830097883615,0.24881918685949853,301.0,1.59,0.9964546159073222,0.0035453840926777946
10/30/2025,BetOnline.ag,miami dolphins,baltimore ravens,2.5,38.038544874462126,13.198837971623302,Over,0.9964546159073222,2.9957830097883615,0.24881918685949853,301.0,2.21,0.9964546159073222,0.0035453840926777946
10/30/2025,BetOnline.ag,miami dolphins,baltimore ravens,2.5,38.038544874462126,13.198837971623302,Over,0.9964546159073222,2.9957830097883615,0.24881918685949853,301.0,2.21,0.9964546159073222,0.0035453840926777946
10/30/2025,BetOnline.ag,miami dolphins,baltimore ravens,2.5,38.038544874462126,13.198837971623302,Over,0.9964546159073222,2.9957830097883615,0.24881918685949853,301.0,1.91,0.9964546159073222,0.0035453840926777946
10/30/2025,BetOnline.ag,miami dolphins,baltimore ravens,2.5,38.038544874462126,13.198837971623302,Over,0.9964546159073222,2.9957830097883615,0.24881918685949853,301.0,1.8,0.9964546159073222,0.0035453840926777946
10/30/2025,BetOnline.ag,miami dolphins,baltimore ravens,2.5,38.038544874462126,13.198837971623302,Over,0.9964546159073222,2.9957830097883615,0.24881918685949853,301.0,1.91,0.9964546159073222,0.0035453840926777946
10/30/2025,BetOnline.ag,miami dolphins,baltimore ravens,2.5,38.038544874462126,13.198837971623302,Over,0.9964546159073222,2.9957830097883615,0.24881918685949853,301.0,2.21,0.9964546159073222,0.0035453840926777946
10/30/2025,BetOnline.ag,miami dolphins,baltimore ravens,2.5,38.038544874462126,13.198837971623302,Over,0.9964546159073222,2.9957830097883615,0.24881918685949853,301.0,1.59,0.9964546159073222,0.0035453840926777946
10/30/2025,BetOnline.ag,miami dolphins,baltimore ravens,2.5,38.038544874462126,13.198837971623302,Over,0.9964546159073222,2.9957830097883615,0.24881918685949853,301.0,1.8,0.9964546159073222,0.0035453840926777946
10/30/2025,BetOnline.ag,miami dolphins,baltimore ravens,2.5,38.038544874462126,13.198837971623302,Over,0.9964546159073222,2.9957830097883615,0.24881918685949853,301.0,1.91,0.9964546159073222,0.0035453840926777946
10/30/2025,BetOnline.ag,miami dolphins,baltimore ravens,2.5,38.038544874462126,13.198837971623302,Over,0.9964546159073222,2.9957830097883615,0.24881918685949853,301.0,2.21,0.9964546159073222,0.0035453840926777946
10/30/2025,BetOnline.ag,miami dolphins,baltimore ravens,2.5,38.038544874462126,13.198837971623302,Over,0.9964546159073222,2.9957830097883615,0.24881918685949853,301.0,1.59,0.9964546159073222,0.0035453840926777946
10/30/2025,BetOnline.ag,miami dolphins,baltimore ravens,2.5,38.038544874462126,13.198837971623302,Over,0.9964546159073222,2.9957830097883615,0.24881918685949853,301.0,1.8,0.9964546159073222,0.0035453840926777946
10/30/2025,BetOnline.ag,miami dolphins,baltimore ravens,2.5,38.038544874462126,13.198837971623302,Over,0.9964546159073222,2.9957830097883615,0.24881918685949853,301.0,1.91,0.9964546159073222,0.0035453840926777946
10/30/2025,BetOnline.ag,miami dolphins,baltimore ravens,2.5,38.038544874462126,13.198837971623302,Over,0.9964546159073222,2.9957830097883615,0.24881918685949853,301.0,2.21,0.9964546159073222,0.0035453840926777946
10/30/2025,BetOnline.ag,miami dolphins,baltimore ravens,2.5,38.038544874462126,13.198837971623302,Over,0.9964546159073222,2.9957830097883615,0.24881918685949853,301.0,1.59,0.9964546159073222,0.0035453840926777946
10/30/2025,BetOnline.ag,miami dolphins,baltimore ravens,2.5,38.038544874462126,13.198837971623302,Over,0.9964546159073222,2.9957830097883615,0.24881918685949853,301.0,1.91,0.9964546159073222,0.0035453840926777946
10/30/2025,BetOnline.ag,miami dolphins,baltimore ravens,2.5,38.038544874462126,13.198837971623302,Over,0.9964546159073222,2.9957830097883615,0.24881918685949853,301.0,1.59,0.9964546159073222,0.0035453840926777946
10/30/2025,BetOnline.ag,miami dolphins,baltimore ravens,2.5,38.038544874462126,13.198837971623302,Over,0.9964546159073222,2.9957830097883615,0.24881918685949853,301.0,1.8,0.9964546159073222,0.0035453840926777946
10/30/2025,BetOnline.ag,miami dolphins,baltimore ravens,2.5,38.038544874462126,13.198837971623302,Over,0.9964546159073222,2.9957830097883615,0.24881918685949853,301.0,1.8,0.9964546159073222,0.0035453840926777946
10/30/2025,BetOnline.ag,miami dolphins,baltimore ravens,2.5,38.038544874462126,13.198837971623302,Over,0.9964546159073222,2.9957830097883615,0.24881918685949853,301.0,1.8,0.9964546159073222,0.0035453840926777946
10/30/2025,BetOnline.ag,miami dolphins,baltimore ravens,2.5,38.038544874462126,13.198837971623302,Over,0.9964546159073222,2.9957830097883615,0.24881918685949853,301.0,1.59,0.9964546159073222,0.0035453840926777946
10/30/2025,BetOnline.ag,miami dolphins,baltimore ravens,2.5,38.038544874462126,13.198837971623302,Over,0.9964546159073222,2.9957830097883615,0.24881918685949853,301.0,2.21,0.9964546159073222,0.0035453840926777946
10/30/2025,BetOnline.ag,miami dolphins,baltimore ravens,2.5,38.038544874462126,13.198837971623302,Over,0.9964546159073222,2.9957830097883615,0.24881918685949853,301.0,1.59,0.9964546159073222,0.0035453840926777946
10/30/2025,BetOnline.ag,miami dolphins,baltimore ravens,2.5,38.038544874462126,13.198837971623302,Over,0.9964546159073222,2.9957830097883615,0.24881918685949853,301.0,1.91,0.9964546159073222,0.0035453840926777946
10/30/2025,BetMGM,miami dolphins,baltimore ravens,1.5,38.038544874462126,13.198837971623302,Over,0.9971826541663928,2.500111116124039,0.2490150514067768,251.0,2.45,0.9971826541663928,0.0028173458336071544
10/30/2025,BetMGM,miami dolphins,baltimore ravens,1.5,38.038544874462126,13.198837971623302,Over,0.9971826541663928,2.500111116124039,0.2490150514067768,251.0,1.65,0.9971826541663928,0.0028173458336071544
10/30/2025,BetMGM,miami dolphins,baltimore ravens,1.5,38.038544874462126,13.198837971623302,Over,0.9971826541663928,2.500111116124039,0.2490150514067768,251.0,2.45,0.9971826541663928,0.0028173458336071544
10/30/2025,BetMGM,miami dolphins,baltimore ravens,1.5,38.038544874462126,13.198837971623302,Over,0.9971826541663928,2.500111116124039,0.2490150514067768,251.0,1.65,0.9971826541663928,0.0028173458336071544
10/30/2025,BetMGM,miami dolphins,baltimore ravens,1.5,38.038544874462126,13.198837971623302,Over,0.9971826541663928,2.500111116124039,0.2490150514067768,251.0,1.74,0.9971826541663928,0.0028173458336071544
10/30/2025,BetMGM,miami dolphins,baltimore ravens,1.5,38.038544874462126,13.198837971623302,Over,0.9971826541663928,2.500111116124039,0.2490150514067768,251.0,1.74,0.9971826541663928,0.0028173458336071544
10/30/2025,BetMGM,miami dolphins,baltimore ravens,1.5,38.038544874462126,13.198837971623302,Over,0.9971826541663928,2.500111116124039,0.2490150514067768,251.0,1.95,0.9971826541663928,0.0028173458336071544
10/30/2025,BetMGM,miami dolphins,baltimore ravens,1.5,38.038544874462126,13.198837971623302,Over,0.9971826541663928,2.500111116124039,0.2490150514067768,251.0,1.95,0.9971826541663928,0.0028173458336071544
10/30/2025,BetMGM,miami dolphins,baltimore ravens,1.5,38.038544874462126,13.198837971623302,Over,0.9971826541663928,2.500111116124039,0.2490150514067768,251.0,2.35,0.9971826541663928,0.0028173458336071544
10/30/2025,BetMGM,miami dolphins,baltimore ravens,1.5,38.038544874462126,13.198837971623302,Over,0.9971826541663928,2.500111116124039,0.2490150514067768,251.0,1.65,0.9971826541663928,0.0028173458336071544
10/30/2025,BetMGM,miami dolphins,baltimore ravens,1.5,38.038544874462126,13.198837971623302,Over,0.9971826541663928,2.500111116124039,0.2490150514067768,251.0,2.45,0.9971826541663928,0.0028173458336071544
10/30/2025,BetMGM,miami dolphins,baltimore ravens,1.5,38.038544874462126,13.198837971623302,Over,0.9971826541663928,2.500111116124039,0.2490150514067768,251.0,2.1,0.9971826541663928,0.0028173458336071544
10/30/2025,BetMGM,miami dolphins,baltimore ravens,1.5,38.038544874462126,13.198837971623302,Over,0.9971826541663928,2.500111116124039,0.2490150514067768,251.0,1.65,0.9971826541663928,0.0028173458336071544
10/30/2025,BetMGM,miami dolphins,baltimore ravens,1.5,38.038544874462126,13.198837971623302,Over,0.9971826541663928,2.500111116124039,0.2490150514067768,251.0,2.35,0.9971826541663928,0.0028173458336071544
10/30/2025,BetMGM,miami dolphins,baltimore ravens,1.5,38.038544874462126,13.198837971623302,Over,0.9971826541663928,2.500111116124039,0.2490150514067768,251.0,2.35,0.9971826541663928,0.0028173458336071544
10/30/2025,BetMGM,miami dolphins,baltimore ravens,1.5,38.038544874462126,13.198837971623302,Over,0.9971826541663928,2.500111116124039,0.2490150514067768,251.0,1.65,0.9971826541663928,0.0028173458336071544
10/30/2025,BetMGM,miami dolphins,baltimore ravens,1.5,38.038544874462126,13.198837971623302,Over,0.9971826541663928,2.500111116124039,0.2490150514067768,251.0,2.1,0.9971826541663928,0.0028173458336071544
10/30/2025,BetMGM,miami dolphins,baltimore ravens,1.5,38.038544874462126,13.198837971623302,Over,0.9971826541663928,2.500111116124039,0.2490150514067768,251.0,1.65,0.9971826541663928,0.0028173458336071544
10/30/2025,BetMGM,miami dolphins,baltimore ravens,1.5,38.038544874462126,13.198837971623302,Over,0.9971826541663928,2.500111116124039,0.2490150514067768,251.0,2.1,0.9971826541663928,0.0028173458336071544
10/30/2025,BetMGM,miami dolphins,baltimore ravens,1.5,38.038544874462126,13.198837971623302,Over,0.9971826541663928,2.500111116124039,0.2490150514067768,251.0,1.95,0.9971826541663928,0.0028173458336071544
10/30/2025,BetMGM,miami dolphins,baltimore ravens,1.5,38.038544874462126,13.198837971623302,Over,0.9971826541663928,2.500111116124039,0.2490150514067768,251.0,1.74,0.9971826541663928,0.0028173458336071544
10/30/2025,BetMGM,miami dolphins,baltimore ravens,1.5,38.038544874462126,13.198837971623302,Over,0.9971826541663928,2.500111116124039,0.2490150514067768,251.0,1.74,0.9971826541663928,0.0028173458336071544
10/30/2025,BetMGM,miami dolphins,baltimore ravens,1.5,38.038544874462126,13.198837971623302,Over,0.9971826541663928,2.500111116124039,0.2490150514067768,251.0,1.95,0.9971826541663928,0.0028173458336071544
10/30/2025,BetMGM,miami dolphins,baltimore ravens,1.5,38.038544874462126,13.198837971623302,Over,0.9971826541663928,2.500111116124039,0.2490150514067768,251.0,2.35,0.9971826541663928,0.0028173458336071544
10/30/2025,BetMGM,miami dolphins,baltimore ravens,1.5,38.038544874462126,13.198837971623302,Over,0.9971826541663928,2.500111116124039,0.2490150514067768,251.0,1.65,0.9971826541663928,0.0028173458336071544
10/30/2025,BetMGM,miami dolphins,baltimore ravens,1.5,38.038544874462126,13.198837971623302,Over,0.9971826541663928,2.500111116124039,0.2490150514067768,251.0,2.45,0.9971826541663928,0.0028173458336071544
10/30/2025,BetMGM,miami dolphins,baltimore ravens,1.5,38.038544874462126,13.198837971623302,Over,0.9971826541663928,2.500111116124039,0.2490150514067768,251.0,2.1,0.9971826541663928,0.0028173458336071544
10/30/2025,BetMGM,miami dolphins,baltimore ravens,1.5,38.038544874462126,13.198837971623302,Over,0.9971826541663928,2.500111116124039,0.2490150514067768,251.0,1.65,0.9971826541663928,0.0028173458336071544
10/30/2025,DraftKings,miami dolphins,baltimore ravens,2.5,38.038544874462126,13.198837971623302,Over,0.9964546159073222,2.4975557018347008,0.24876052807118534,251.0,1.99,0.9964546159073222,0.0035453840926777946
10/30/2025,DraftKings,miami dolphins,baltimore ravens,2.5,38.038544874462126,13.198837971623302,Over,0.9964546159073222,2.4975557018347008,0.24876052807118534,251.0,1.99,0.9964546159073222,0.0035453840926777946
10/30/2025,DraftKings,miami dolphins,baltimore ravens,2.5,38.038544874462126,13.198837971623302,Over,0.9964546159073222,2.4975557018347008,0.24876052807118534,251.0,1.79,0.9964546159073222,0.0035453840926777946
10/30/2025,DraftKings,miami dolphins,baltimore ravens,2.5,38.038544874462126,13.198837971623302,Over,0.9964546159073222,2.4975557018347008,0.24876052807118534,251.0,1.79,0.9964546159073222,0.0035453840926777946
10/30/2025,DraftKings,miami dolphins,baltimore ravens,2.5,38.038544874462126,13.198837971623302,Over,0.9964546159073222,2.4975557018347008,0.24876052807118534,251.0,1.62,0.9964546159073222,0.0035453840926777946
10/30/2025,DraftKings,miami dolphins,baltimore ravens,2.5,38.038544874462126,13.198837971623302,Over,0.9964546159073222,2.4975557018347008,0.24876052807118534,251.0,2.25,0.9964546159073222,0.0035453840926777946
10/30/2025,DraftKings,miami dolphins,baltimore ravens,2.5,38.038544874462126,13.198837971623302,Over,0.9964546159073222,2.4975557018347008,0.24876052807118534,251.0,1.62,0.9964546159073222,0.0035453840926777946
10/30/2025,DraftKings,miami dolphins,baltimore ravens,2.5,38.038544874462126,13.198837971623302,Over,0.9964546159073222,2.4975557018347008,0.24876052807118534,251.0,2.25,0.9964546159073222,0.0035453840926777946
10/30/2025,DraftKings,miami dolphins,baltimore ravens,2.5,38.038544874462126,13.198837971623302,Over,0.9964546159073222,2.4975557018347008,0.24876052807118534,251.0,1.99,0.9964546159073222,0.0035453840926777946
10/30/2025,DraftKings,miami dolphins,baltimore ravens,2.5,38.038544874462126,13.198837971623302,Over,0.9964546159073222,2.4975557018347008,0.24876052807118534,251.0,1.79,0.9964546159073222,0.0035453840926777946
10/30/2025,DraftKings,miami dolphins,baltimore ravens,2.5,38.038544874462126,13.198837971623302,Over,0.9964546159073222,2.4975557018347008,0.24876052807118534,251.0,2.25,0.9964546159073222,0.0035453840926777946
10/30/2025,DraftKings,miami dolphins,baltimore ravens,2.5,38.038544874462126,13.198837971623302,Over,0.9964546159073222,2.4975557018347008,0.24876052807118534,251.0,1.99,0.9964546159073222,0.0035453840926777946
10/30/2025,DraftKings,miami dolphins,baltimore ravens,2.5,38.038544874462126,13.198837971623302,Over,0.9964546159073222,2.4975557018347008,0.24876052807118534,251.0,1.99,0.9964546159073222,0.0035453840926777946
10/30/2025,DraftKings,miami dolphins,baltimore ravens,2.5,38.038544874462126,13.198837971623302,Over,0.9964546159073222,2.4975557018347008,0.24876052807118534,251.0,1.79,0.9964546159073222,0.0035453840926777946
10/30/2025,DraftKings,miami dolphins,baltimore ravens,2.5,38.038544874462126,13.198837971623302,Over,0.9964546159073222,2.4975557018347008,0.24876052807118534,251.0,1.62,0.9964546159073222,0.0035453840926777946
10/30/2025,BetOnline.ag,miami dolphins,baltimore ravens,2.5,38.038544874462126,13.198837971623302,Over,0.9964546159073222,2.4975557018347008,0.24876052807118534,251.0,1.91,0.9964546159073222,0.0035453840926777946
10/30/2025,DraftKings,miami dolphins,baltimore ravens,2.5,38.038544874462126,13.198837971623302,Over,0.9964546159073222,2.4975557018347008,0.24876052807118534,251.0,1.79,0.9964546159073222,0.0035453840926777946
10/30/2025,DraftKings,miami dolphins,baltimore ravens,2.5,38.038544874462126,13.198837971623302,Over,0.9964546159073222,2.4975557018347008,0.24876052807118534,251.0,1.99,0.9964546159073222,0.0035453840926777946
10/30/2025,DraftKings,miami dolphins,baltimore ravens,2.5,38.038544874462126,13.198837971623302,Over,0.9964546159073222,2.4975557018347008,0.24876052807118534,251.0,2.25,0.9964546159073222,0.0035453840926777946
10/30/2025,DraftKings,miami dolphins,baltimore ravens,2.5,38.038544874462126,13.198837971623302,Over,0.9964546159073222,2.4975557018347008,0.24876052807118534,251.0,1.62,0.9964546159073222,0.0035453840926777946
10/30/2025,DraftKings,miami dolphins,baltimore ravens,2.5,38.038544874462126,13.198837971623302,Over,0.9964546159073222,2.4975557018347008,0.24876052807118534,251.0,2.25,0.9964546159073222,0.0035453840926777946
10/30/2025,DraftKings,miami dolphins,baltimore ravens,2.5,38.038544874462126,13.198837971623302,Over,0.9964546159073222,2.4975557018347008,0.24876052807118534,251.0,1.79,0.9964546159073222,0.0035453840926777946
10/30/2025,DraftKings,miami dolphins,baltimore ravens,2.5,38.038544874462126,13.198837971623302,Over,0.9964546159073222,2.4975557018347008,0.24876052807118534,251.0,1.62,0.9964546159073222,0.0035453840926777946
10/30/2025,DraftKings,miami dolphins,baltimore ravens,2.5,38.038544874462126,13.198837971623302,Over,0.9964546159073222,2.4975557018347008,0.24876052807118534,251.0,2.25,0.9964546159073222,0.0035453840926777946
10/30/2025,BetOnline.ag,miami dolphins,baltimore ravens,2.5,38.038544874462126,13.198837971623302,Over,0.9964546159073222,2.4975557018347008,0.24876052807118534,251.0,2.21,0.9964546159073222,0.0035453840926777946
10/30/2025,BetMGM,miami dolphins,baltimore ravens,2.5,38.038544874462126,13.198837971623302,Over,0.9964546159073222,2.4975557018347008,0.24876052807118534,251.0,2.2,0.9964546159073222,0.0035453840926777946
10/30/2025,BetMGM,miami dolphins,baltimore ravens,2.5,38.038544874462126,13.198837971623302,Over,0.9964546159073222,2.4975557018347008,0.24876052807118534,251.0,1.69,0.9964546159073222,0.0035453840926777946
10/30/2025,BetOnline.ag,miami dolphins,baltimore ravens,2.5,38.038544874462126,13.198837971623302,Over,0.9964546159073222,2.4975557018347008,0.24876052807118534,251.0,1.59,0.9964546159073222,0.0035453840926777946
10/30/2025,BetMGM,miami dolphins,baltimore ravens,2.5,38.038544874462126,13.198837971623302,Over,0.9964546159073222,2.4975557018347008,0.24876052807118534,251.0,1.8,0.9964546159073222,0.0035453840926777946
10/30/2025,BetMGM,miami dolphins,baltimore ravens,2.5,38.038544874462126,13.198837971623302,Over,0.9964546159073222,2.4975557018347008,0.24876052807118534,251.0,1.83,0.9964546159073222,0.0035453840926777946
10/30/2025,DraftKings,miami dolphins,baltimore ravens,2.5,38.038544874462126,13.198837971623302,Over,0.9964546159073222,2.4975557018347008,0.24876052807118534,251.0,1.62,0.9964546159073222,0.0035453840926777946
10/30/2025,BetOnline.ag,miami dolphins,baltimore ravens,2.5,38.038544874462126,13.198837971623302,Over,0.9964546159073222,2.4975557018347008,0.24876052807118534,251.0,1.8,0.9964546159073222,0.0035453840926777946
10/30/2025,BetMGM,miami dolphins,baltimore ravens,1.5,38.038544874462126,13.198837971623302,Over,0.9971826541663928,2.0015197890408425,0.24894524739313958,201.0,2.45,0.9971826541663928,0.0028173458336071544
10/30/2025,BetMGM,miami dolphins,baltimore ravens,1.5,38.038544874462126,13.198837971623302,Over,0.9971826541663928,2.0015197890408425,0.24894524739313958,201.0,2.35,0.9971826541663928,0.0028173458336071544
10/30/2025,BetMGM,miami dolphins,baltimore ravens,1.5,38.038544874462126,13.198837971623302,Over,0.9971826541663928,2.0015197890408425,0.24894524739313958,201.0,1.95,0.9971826541663928,0.0028173458336071544
10/30/2025,BetMGM,miami dolphins,baltimore ravens,1.5,38.038544874462126,13.198837971623302,Over,0.9971826541663928,2.0015197890408425,0.24894524739313958,201.0,1.74,0.9971826541663928,0.0028173458336071544
10/30/2025,BetMGM,miami dolphins,baltimore ravens,1.5,38.038544874462126,13.198837971623302,Over,0.9971826541663928,2.0015197890408425,0.24894524739313958,201.0,1.65,0.9971826541663928,0.0028173458336071544
10/30/2025,BetMGM,miami dolphins,baltimore ravens,1.5,38.038544874462126,13.198837971623302,Over,0.9971826541663928,2.0015197890408425,0.24894524739313958,201.0,2.1,0.9971826541663928,0.0028173458336071544
10/30/2025,BetMGM,miami dolphins,baltimore ravens,1.5,38.038544874462126,13.198837971623302,Over,0.9971826541663928,2.0015197890408425,0.24894524739313958,201.0,1.65,0.9971826541663928,0.0028173458336071544
10/30/2025,BetMGM,miami dolphins,baltimore ravens,1.5,38.038544874462126,13.198837971623302,Over,0.9971826541663928,2.0015197890408425,0.24894524739313958,201.0,2.45,0.9971826541663928,0.0028173458336071544
10/30/2025,BetMGM,miami dolphins,baltimore ravens,1.5,38.038544874462126,13.198837971623302,Over,0.9971826541663928,2.0015197890408425,0.24894524739313958,201.0,2.35,0.9971826541663928,0.0028173458336071544
10/30/2025,BetMGM,miami dolphins,baltimore ravens,1.5,38.038544874462126,13.198837971623302,Over,0.9971826541663928,2.0015197890408425,0.24894524739313958,201.0,1.95,0.9971826541663928,0.0028173458336071544
10/30/2025,BetMGM,miami dolphins,baltimore ravens,1.5,38.038544874462126,13.198837971623302,Over,0.9971826541663928,2.0015197890408425,0.24894524739313958,201.0,1.74,0.9971826541663928,0.0028173458336071544
10/30/2025,BetMGM,miami dolphins,baltimore ravens,1.5,38.038544874462126,13.198837971623302,Over,0.9971826541663928,2.0015197890408425,0.24894524739313958,201.0,1.65,0.9971826541663928,0.0028173458336071544
10/30/2025,BetMGM,miami dolphins,baltimore ravens,1.5,38.038544874462126,13.198837971623302,Over,0.9971826541663928,2.0015197890408425,0.24894524739313958,201.0,2.1,0.9971826541663928,0.0028173458336071544
10/30/2025,BetMGM,miami dolphins,baltimore ravens,1.5,38.038544874462126,13.198837971623302,Over,0.9971826541663928,2.0015197890408425,0.24894524739313958,201.0,2.45,0.9971826541663928,0.0028173458336071544
10/30/2025,BetMGM,miami dolphins,baltimore ravens,1.5,38.038544874462126,13.198837971623302,Over,0.9971826541663928,2.0015197890408425,0.24894524739313958,201.0,1.65,0.9971826541663928,0.0028173458336071544
10/30/2025,BetMGM,miami dolphins,baltimore ravens,1.5,38.038544874462126,13.198837971623302,Over,0.9971826541663928,2.0015197890408425,0.24894524739313958,201.0,2.35,0.9971826541663928,0.0028173458336071544
10/30/2025,BetMGM,miami dolphins,baltimore ravens,1.5,38.038544874462126,13.198837971623302,Over,0.9971826541663928,2.0015197890408425,0.24894524739313958,201.0,1.95,0.9971826541663928,0.0028173458336071544
10/30/2025,BetMGM,miami dolphins,baltimore ravens,1.5,38.038544874462126,13.198837971623302,Over,0.9971826541663928,2.0015197890408425,0.24894524739313958,201.0,1.74,0.9971826541663928,0.0028173458336071544
10/30/2025,BetMGM,miami dolphins,baltimore ravens,1.5,38.038544874462126,13.198837971623302,Over,0.9971826541663928,2.0015197890408425,0.24894524739313958,201.0,1.65,0.9971826541663928,0.0028173458336071544
10/30/2025,BetMGM,miami dolphins,baltimore ravens,1.5,38.038544874462126,13.198837971623302,Over,0.9971826541663928,2.0015197890408425,0.24894524739313958,201.0,2.1,0.9971826541663928,0.0028173458336071544
10/30/2025,DraftKings,miami dolphins,baltimore ravens,1.5,38.038544874462126,13.198837971623302,Over,0.9971826541663928,2.0015197890408425,0.24894524739313958,201.0,2.47,0.9971826541663928,0.0028173458336071544
10/30/2025,DraftKings,miami dolphins,baltimore ravens,1.5,38.038544874462126,13.198837971623302,Over,0.9971826541663928,2.0015197890408425,0.24894524739313958,201.0,1.64,0.9971826541663928,0.0028173458336071544
10/30/2025,DraftKings,miami dolphins,baltimore ravens,1.5,38.038544874462126,13.198837971623302,Over,0.9971826541663928,2.0015197890408425,0.24894524739313958,201.0,2.26,0.9971826541663928,0.0028173458336071544
10/30/2025,DraftKings,miami dolphins,baltimore ravens,1.5,38.038544874462126,13.198837971623302,Over,0.9971826541663928,2.0015197890408425,0.24894524739313958,201.0,1.67,0.9971826541663928,0.0028173458336071544
10/30/2025,DraftKings,miami dolphins,baltimore ravens,1.5,38.038544874462126,13.198837971623302,Over,0.9971826541663928,2.0015197890408425,0.24894524739313958,201.0,1.98,0.9971826541663928,0.0028173458336071544
10/30/2025,BetMGM,miami dolphins,baltimore ravens,1.5,38.038544874462126,13.198837971623302,Over,0.9971826541663928,2.0015197890408425,0.24894524739313958,201.0,1.65,0.9971826541663928,0.0028173458336071544
10/30/2025,DraftKings,miami dolphins,baltimore ravens,2.5,38.038544874462126,13.198837971623302,Over,0.9964546159073222,1.9993283938810398,0.24867268580609947,201.0,2.25,0.9964546159073222,0.0035453840926777946
10/30/2025,BetOnline.ag,miami dolphins,baltimore ravens,2.5,38.038544874462126,13.198837971623302,Over,0.9964546159073222,1.9993283938810398,0.24867268580609947,201.0,2.21,0.9964546159073222,0.0035453840926777946
10/30/2025,BetOnline.ag,miami dolphins,baltimore ravens,2.5,38.038544874462126,13.198837971623302,Over,0.9964546159073222,1.9993283938810398,0.24867268580609947,201.0,1.91,0.9964546159073222,0.0035453840926777946
10/30/2025,BetOnline.ag,miami dolphins,baltimore ravens,2.5,38.038544874462126,13.198837971623302,Over,0.9964546159073222,1.9993283938810398,0.24867268580609947,201.0,1.8,0.9964546159073222,0.0035453840926777946
10/30/2025,BetOnline.ag,miami dolphins,baltimore ravens,2.5,38.038544874462126,13.198837971623302,Over,0.9964546159073222,1.9993283938810398,0.24867268580609947,201.0,1.59,0.9964546159073222,0.0035453840926777946
10/30/2025,BetOnline.ag,miami dolphins,baltimore ravens,2.5,38.038544874462126,13.198837971623302,Over,0.9964546159073222,1.9993283938810398,0.24867268580609947,201.0,2.21,0.9964546159073222,0.0035453840926777946
10/30/2025,BetOnline.ag,miami dolphins,baltimore ravens,2.5,38.038544874462126,13.198837971623302,Over,0.9964546159073222,1.9993283938810398,0.24867268580609947,201.0,1.91,0.9964546159073222,0.0035453840926777946
10/30/2025,DraftKings,miami dolphins,baltimore ravens,2.5,38.038544874462126,13.198837971623302,Over,0.9964546159073222,1.9993283938810398,0.24867268580609947,201.0,1.99,0.9964546159073222,0.0035453840926777946
10/30/2025,DraftKings,miami dolphins,baltimore ravens,2.5,38.038544874462126,13.198837971623302,Over,0.9964546159073222,1.9993283938810398,0.24867268580609947,201.0,1.79,0.9964546159073222,0.0035453840926777946
10/30/2025,DraftKings,miami dolphins,baltimore ravens,2.5,38.038544874462126,13.198837971623302,Over,0.9964546159073222,1.9993283938810398,0.24867268580609947,201.0,1.62,0.9964546159073222,0.0035453840926777946
10/30/2025,DraftKings,miami dolphins,baltimore ravens,2.5,38.038544874462126,13.198837971623302,Over,0.9964546159073222,1.9993283938810398,0.24867268580609947,201.0,2.25,0.9964546159073222,0.0035453840926777946
10/30/2025,DraftKings,miami dolphins,baltimore ravens,2.5,38.038544874462126,13.198837971623302,Over,0.9964546159073222,1.9993283938810398,0.24867268580609947,201.0,1.99,0.9964546159073222,0.0035453840926777946
10/30/2025,DraftKings,miami dolphins,baltimore ravens,2.5,38.038544874462126,13.198837971623302,Over,0.9964546159073222,1.9993283938810398,0.24867268580609947,201.0,1.79,0.9964546159073222,0.0035453840926777946
10/30/2025,DraftKings,miami dolphins,baltimore ravens,2.5,38.038544874462126,13.198837971623302,Over,0.9964546159073222,1.9993283938810398,0.24867268580609947,201.0,1.62,0.9964546159073222,0.0035453840926777946
10/30/2025,DraftKings,miami dolphins,baltimore ravens,2.5,38.038544874462126,13.198837971623302,Over,0.9964546159073222,1.9993283938810398,0.24867268580609947,201.0,2.25,0.9964546159073222,0.0035453840926777946
10/30/2025,DraftKings,miami dolphins,baltimore ravens,2.5,38.038544874462126,13.198837971623302,Over,0.9964546159073222,1.9993283938810398,0.24867268580609947,201.0,1.99,0.9964546159073222,0.0035453840926777946
10/30/2025,DraftKings,miami dolphins,baltimore ravens,2.5,38.038544874462126,13.198837971623302,Over,0.9964546159073222,1.9993283938810398,0.24867268580609947,201.0,1.79,0.9964546159073222,0.0035453840926777946
10/30/2025,DraftKings,miami dolphins,baltimore ravens,2.5,38.038544874462126,13.198837971623302,Over,0.9964546159073222,1.9993283938810398,0.24867268580609947,201.0,1.62,0.9964546159073222,0.0035453840926777946
10/30/2025,BetOnline.ag,miami dolphins,baltimore ravens,2.5,38.038544874462126,13.198837971623302,Over,0.9964546159073222,1.9993283938810398,0.24867268580609947,201.0,1.91,0.9964546159073222,0.0035453840926777946
10/30/2025,BetOnline.ag,miami dolphins,baltimore ravens,2.5,38.038544874462126,13.198837971623302,Over,0.9964546159073222,1.9993283938810398,0.24867268580609947,201.0,1.8,0.9964546159073222,0.0035453840926777946
10/30/2025,BetOnline.ag,miami dolphins,baltimore ravens,2.5,38.038544874462126,13.198837971623302,Over,0.9964546159073222,1.9993283938810398,0.24867268580609947,201.0,1.8,0.9964546159073222,0.0035453840926777946
10/30/2025,BetOnline.ag,miami dolphins,baltimore ravens,2.5,38.038544874462126,13.198837971623302,Over,0.9964546159073222,1.9993283938810398,0.24867268580609947,201.0,1.8,0.9964546159073222,0.0035453840926777946
10/30/2025,BetMGM,miami dolphins,baltimore ravens,2.5,38.038544874462126,13.198837971623302,Over,0.9964546159073222,1.9993283938810398,0.24867268580609947,201.0,2.2,0.9964546159073222,0.0035453840926777946
10/30/2025,BetMGM,miami dolphins,baltimore ravens,2.5,38.038544874462126,13.198837971623302,Over,0.9964546159073222,1.9993283938810398,0.24867268580609947,201.0,1.69,0.9964546159073222,0.0035453840926777946
10/30/2025,BetMGM,miami dolphins,baltimore ravens,2.5,38.038544874462126,13.198837971623302,Over,0.9964546159073222,1.9993283938810398,0.24867268580609947,201.0,1.8,0.9964546159073222,0.0035453840926777946
10/30/2025,BetMGM,miami dolphins,baltimore ravens,2.5,38.038544874462126,13.198837971623302,Over,0.9964546159073222,1.9993283938810398,0.24867268580609947,201.0,1.83,0.9964546159073222,0.0035453840926777946
10/30/2025,BetOnline.ag,miami dolphins,baltimore ravens,2.5,38.038544874462126,13.198837971623302,Over,0.9964546159073222,1.9993283938810398,0.24867268580609947,201.0,1.91,0.9964546159073222,0.0035453840926777946
10/30/2025,BetOnline.ag,miami dolphins,baltimore ravens,2.5,38.038544874462126,13.198837971623302,Over,0.9964546159073222,1.9993283938810398,0.24867268580609947,201.0,2.21,0.9964546159073222,0.0035453840926777946
10/30/2025,BetOnline.ag,miami dolphins,baltimore ravens,2.5,38.038544874462126,13.198837971623302,Over,0.9964546159073222,1.9993283938810398,0.24867268580609947,201.0,1.59,0.9964546159073222,0.0035453840926777946
10/30/2025,BetOnline.ag,miami dolphins,baltimore ravens,2.5,38.038544874462126,13.198837971623302,Over,0.9964546159073222,1.9993283938810398,0.24867268580609947,201.0,1.59,0.9964546159073222,0.0035453840926777946
10/30/2025,BetOnline.ag,miami dolphins,baltimore ravens,2.5,38.038544874462126,13.198837971623302,Over,0.9964546159073222,1.9993283938810398,0.24867268580609947,201.0,1.8,0.9964546159073222,0.0035453840926777946
10/30/2025,BetOnline.ag,miami dolphins,baltimore ravens,2.5,38.038544874462126,13.198837971623302,Over,0.9964546159073222,1.9993283938810398,0.24867268580609947,201.0,1.91,0.9964546159073222,0.0035453840926777946
10/30/2025,BetOnline.ag,miami dolphins,baltimore ravens,2.5,38.038544874462126,13.198837971623302,Over,0.9964546159073222,1.9993283938810398,0.24867268580609947,201.0,2.21,0.9964546159073222,0.0035453840926777946
10/30/2025,BetOnline.ag,miami dolphins,baltimore ravens,2.5,38.038544874462126,13.198837971623302,Over,0.9964546159073222,1.9993283938810398,0.24867268580609947,201.0,1.59,0.9964546159073222,0.0035453840926777946
10/30/2025,BetOnline.ag,miami dolphins,baltimore ravens,2.5,38.038544874462126,13.198837971623302,Over,0.9964546159073222,1.9993283938810398,0.24867268580609947,201.0,1.59,0.9964546159073222,0.0035453840926777946
10/30/2025,BetOnline.ag,miami dolphins,baltimore ravens,2.5,38.038544874462126,13.198837971623302,Over,0.9964546159073222,1.9993283938810398,0.24867268580609947,201.0,1.91,0.9964546159073222,0.0035453840926777946
10/30/2025,BetOnline.ag,miami dolphins,baltimore ravens,2.5,38.038544874462126,13.198837971623302,Over,0.9964546159073222,1.9993283938810398,0.24867268580609947,201.0,2.21,0.9964546159073222,0.0035453840926777946
10/30/2025,BetOnline.ag,miami dolphins,baltimore ravens,2.5,38.038544874462126,13.198837971623302,Over,0.9964546159073222,1.9993283938810398,0.24867268580609947,201.0,1.8,0.9964546159073222,0.0035453840926777946
10/30/2025,BetOnline.ag,miami dolphins,baltimore ravens,2.5,38.038544874462126,13.198837971623302,Over,0.9964546159073222,1.9993283938810398,0.24867268580609947,201.0,1.91,0.9964546159073222,0.0035453840926777946
10/30/2025,BetOnline.ag,miami dolphins,baltimore ravens,2.5,38.038544874462126,13.198837971623302,Over,0.9964546159073222,1.9993283938810398,0.24867268580609947,201.0,2.21,0.9964546159073222,0.0035453840926777946
10/30/2025,BetOnline.ag,miami dolphins,baltimore ravens,2.5,38.038544874462126,13.198837971623302,Over,0.9964546159073222,1.9993283938810398,0.24867268580609947,201.0,1.59,0.9964546159073222,0.0035453840926777946
10/30/2025,BetOnline.ag,miami dolphins,baltimore ravens,2.5,38.038544874462126,13.198837971623302,Over,0.9964546159073222,1.9993283938810398,0.24867268580609947,201.0,1.8,0.9964546159073222,0.0035453840926777946
10/30/2025,BetOnline.ag,miami dolphins,baltimore ravens,2.5,38.038544874462126,13.198837971623302,Over,0.9964546159073222,1.9993283938810398,0.24867268580609947,201.0,1.91,0.9964546159073222,0.0035453840926777946
10/30/2025,BetOnline.ag,miami dolphins,baltimore ravens,2.5,38.038544874462126,13.198837971623302,Over,0.9964546159073222,1.9993283938810398,0.24867268580609947,201.0,2.21,0.9964546159073222,0.0035453840926777946
10/30/2025,BetOnline.ag,miami dolphins,baltimore ravens,2.5,38.038544874462126,13.198837971623302,Over,0.9964546159073222,1.9993283938810398,0.24867268580609947,201.0,2.21,0.9964546159073222,0.0035453840926777946
10/30/2025,BetOnline.ag,miami dolphins,baltimore ravens,2.5,38.038544874462126,13.198837971623302,Over,0.9964546159073222,1.9993283938810398,0.24867268580609947,201.0,1.8,0.9964546159073222,0.0035453840926777946
10/30/2025,BetOnline.ag,miami dolphins,baltimore ravens,2.5,38.038544874462126,13.198837971623302,Over,0.9964546159073222,1.9993283938810398,0.24867268580609947,201.0,1.59,0.9964546159073222,0.0035453840926777946
10/30/2025,BetOnline.ag,miami dolphins,baltimore ravens,2.5,38.038544874462126,13.198837971623302,Over,0.9964546159073222,1.9993283938810398,0.24867268580609947,201.0,1.59,0.9964546159073222,0.0035453840926777946
10/30/2025,DraftKings,miami dolphins,baltimore ravens,1.5,38.038544874462126,13.198837971623302,Over,0.9971826541663928,1.9018015236242032,0.24892690099793238,191.0,2.26,0.9971826541663928,0.0028173458336071544
10/30/2025,DraftKings,miami dolphins,baltimore ravens,1.5,38.038544874462126,13.198837971623302,Over,0.9971826541663928,1.9018015236242032,0.24892690099793238,191.0,2.47,0.9971826541663928,0.0028173458336071544
10/30/2025,DraftKings,miami dolphins,baltimore ravens,1.5,38.038544874462126,13.198837971623302,Over,0.9971826541663928,1.9018015236242032,0.24892690099793238,191.0,1.64,0.9971826541663928,0.0028173458336071544
10/30/2025,DraftKings,miami dolphins,baltimore ravens,1.5,38.038544874462126,13.198837971623302,Over,0.9971826541663928,1.9018015236242032,0.24892690099793238,191.0,2.47,0.9971826541663928,0.0028173458336071544
10/30/2025,DraftKings,miami dolphins,baltimore ravens,1.5,38.038544874462126,13.198837971623302,Over,0.9971826541663928,1.9018015236242032,0.24892690099793238,191.0,1.67,0.9971826541663928,0.0028173458336071544
10/30/2025,DraftKings,miami dolphins,baltimore ravens,1.5,38.038544874462126,13.198837971623302,Over,0.9971826541663928,1.9018015236242032,0.24892690099793238,191.0,1.98,0.9971826541663928,0.0028173458336071544
10/30/2025,DraftKings,miami dolphins,baltimore ravens,1.5,38.038544874462126,13.198837971623302,Over,0.9971826541663928,1.9018015236242032,0.24892690099793238,191.0,1.64,0.9971826541663928,0.0028173458336071544
10/30/2025,DraftKings,miami dolphins,baltimore ravens,1.5,38.038544874462126,13.198837971623302,Over,0.9971826541663928,1.9018015236242032,0.24892690099793238,191.0,2.26,0.9971826541663928,0.0028173458336071544
10/30/2025,DraftKings,miami dolphins,baltimore ravens,1.5,38.038544874462126,13.198837971623302,Over,0.9971826541663928,1.9018015236242032,0.24892690099793238,191.0,1.98,0.9971826541663928,0.0028173458336071544
10/30/2025,DraftKings,miami dolphins,baltimore ravens,1.5,38.038544874462126,13.198837971623302,Over,0.9971826541663928,1.9018015236242032,0.24892690099793238,191.0,1.67,0.9971826541663928,0.0028173458336071544
10/30/2025,DraftKings,miami dolphins,baltimore ravens,2.5,38.038544874462126,13.198837971623302,Over,0.9964546159073222,1.8996829322903075,0.2486495984673178,191.0,1.62,0.9964546159073222,0.0035453840926777946
10/30/2025,DraftKings,miami dolphins,baltimore ravens,2.5,38.038544874462126,13.198837971623302,Over,0.9964546159073222,1.8996829322903075,0.2486495984673178,191.0,1.79,0.9964546159073222,0.0035453840926777946
10/30/2025,DraftKings,miami dolphins,baltimore ravens,2.5,38.038544874462126,13.198837971623302,Over,0.9964546159073222,1.8996829322903075,0.2486495984673178,191.0,2.25,0.9964546159073222,0.0035453840926777946
10/30/2025,DraftKings,miami dolphins,baltimore ravens,2.5,38.038544874462126,13.198837971623302,Over,0.9964546159073222,1.8996829322903075,0.2486495984673178,191.0,1.99,0.9964546159073222,0.0035453840926777946
10/30/2025,DraftKings,miami dolphins,baltimore ravens,1.5,38.038544874462126,13.198837971623302,Over,0.9971826541663928,1.8020832582075639,0.24890652737673533,181.0,2.47,0.9971826541663928,0.0028173458336071544
10/30/2025,DraftKings,miami dolphins,baltimore ravens,1.5,38.038544874462126,13.198837971623302,Over,0.9971826541663928,1.8020832582075639,0.24890652737673533,181.0,1.64,0.9971826541663928,0.0028173458336071544
10/30/2025,BetRivers,miami dolphins,baltimore ravens,1.5,38.038544874462126,13.198837971623302,Over,0.9971826541663928,1.8020832582075639,0.24890652737673533,181.0,1.67,0.9971826541663928,0.0028173458336071544
10/30/2025,BetRivers,miami dolphins,baltimore ravens,1.5,38.038544874462126,13.198837971623302,Over,0.9971826541663928,1.8020832582075639,0.24890652737673533,181.0,2.3,0.9971826541663928,0.0028173458336071544
10/30/2025,BetRivers,miami dolphins,baltimore ravens,1.5,38.038544874462126,13.198837971623302,Over,0.9971826541663928,1.8020832582075639,0.24890652737673533,181.0,2.35,0.9971826541663928,0.0028173458336071544
10/30/2025,BetRivers,miami dolphins,baltimore ravens,1.5,38.038544874462126,13.198837971623302,Over,0.9971826541663928,1.8020832582075639,0.24890652737673533,181.0,1.66,0.9971826541663928,0.0028173458336071544
10/30/2025,BetRivers,miami dolphins,baltimore ravens,1.5,38.038544874462126,13.198837971623302,Over,0.9971826541663928,1.8020832582075639,0.24890652737673533,181.0,1.67,0.9971826541663928,0.0028173458336071544
10/30/2025,BetRivers,miami dolphins,baltimore ravens,1.5,38.038544874462126,13.198837971623302,Over,0.9971826541663928,1.8020832582075639,0.24890652737673533,181.0,2.3,0.9971826541663928,0.0028173458336071544
10/30/2025,BetRivers,miami dolphins,baltimore ravens,1.5,38.038544874462126,13.198837971623302,Over,0.9971826541663928,1.8020832582075639,0.24890652737673533,181.0,2.35,0.9971826541663928,0.0028173458336071544
10/30/2025,BetRivers,miami dolphins,baltimore ravens,1.5,38.038544874462126,13.198837971623302,Over,0.9971826541663928,1.8020832582075639,0.24890652737673533,181.0,1.66,0.9971826541663928,0.0028173458336071544
10/30/2025,DraftKings,miami dolphins,baltimore ravens,1.5,38.038544874462126,13.198837971623302,Over,0.9971826541663928,1.8020832582075639,0.24890652737673533,181.0,1.98,0.9971826541663928,0.0028173458336071544
10/30/2025,DraftKings,miami dolphins,baltimore ravens,1.5,38.038544874462126,13.198837971623302,Over,0.9971826541663928,1.8020832582075639,0.24890652737673533,181.0,1.67,0.9971826541663928,0.0028173458336071544
10/30/2025,DraftKings,miami dolphins,baltimore ravens,1.5,38.038544874462126,13.198837971623302,Over,0.9971826541663928,1.8020832582075639,0.24890652737673533,181.0,2.26,0.9971826541663928,0.0028173458336071544
10/30/2025,BetRivers,miami dolphins,baltimore ravens,2.5,38.038544874462126,13.198837971623302,Over,0.9964546159073222,1.8000374706995754,0.24862396004137782,181.0,1.81,0.9964546159073222,0.0035453840926777946
10/30/2025,BetRivers,miami dolphins,baltimore ravens,2.5,38.038544874462126,13.198837971623302,Over,0.9964546159073222,1.8000374706995754,0.24862396004137782,181.0,2.38,0.9964546159073222,0.0035453840926777946
10/30/2025,BetRivers,miami dolphins,baltimore ravens,2.5,38.038544874462126,13.198837971623302,Over,0.9964546159073222,1.8000374706995754,0.24862396004137782,181.0,1.97,0.9964546159073222,0.0035453840926777946
10/30/2025,BetRivers,miami dolphins,baltimore ravens,2.5,38.038544874462126,13.198837971623302,Over,0.9964546159073222,1.8000374706995754,0.24862396004137782,181.0,1.66,0.9964546159073222,0.0035453840926777946
11/2/2025,FanDuel,buffalo bills,kansas city chiefs,2.5,54.87320985456503,13.198837971623302,Over,0.9999637633759754,1.759899986917692,0.24998579359626305,176.0,1.41,0.9999637633759754,3.623662402463257e-05
10/30/2025,BetOnline.ag,miami dolphins,baltimore ravens,2.5,38.038544874462126,13.198837971623302,Over,0.9964546159073222,1.7502147399042094,0.2486100482818479,176.0,2.21,0.9964546159073222,0.0035453840926777946
10/30/2025,BetOnline.ag,miami dolphins,baltimore ravens,2.5,38.038544874462126,13.198837971623302,Over,0.9964546159073222,1.7502147399042094,0.2486100482818479,176.0,1.8,0.9964546159073222,0.0035453840926777946
10/30/2025,BetOnline.ag,miami dolphins,baltimore ravens,2.5,38.038544874462126,13.198837971623302,Over,0.9964546159073222,1.7502147399042094,0.2486100482818479,176.0,2.21,0.9964546159073222,0.0035453840926777946
10/30/2025,BetOnline.ag,miami dolphins,baltimore ravens,2.5,38.038544874462126,13.198837971623302,Over,0.9964546159073222,1.7502147399042094,0.2486100482818479,176.0,1.91,0.9964546159073222,0.0035453840926777946
10/30/2025,BetOnline.ag,miami dolphins,baltimore ravens,2.5,38.038544874462126,13.198837971623302,Over,0.9964546159073222,1.7502147399042094,0.2486100482818479,176.0,1.91,0.9964546159073222,0.0035453840926777946
10/30/2025,BetOnline.ag,miami dolphins,baltimore ravens,2.5,38.038544874462126,13.198837971623302,Over,0.9964546159073222,1.7502147399042094,0.2486100482818479,176.0,1.8,0.9964546159073222,0.0035453840926777946
10/30/2025,BetOnline.ag,miami dolphins,baltimore ravens,2.5,38.038544874462126,13.198837971623302,Over,0.9964546159073222,1.7502147399042094,0.2486100482818479,176.0,1.59,0.9964546159073222,0.0035453840926777946
10/30/2025,BetOnline.ag,miami dolphins,baltimore ravens,2.5,38.038544874462126,13.198837971623302,Over,0.9964546159073222,1.7502147399042094,0.2486100482818479,176.0,1.8,0.9964546159073222,0.0035453840926777946
10/30/2025,BetOnline.ag,miami dolphins,baltimore ravens,2.5,38.038544874462126,13.198837971623302,Over,0.9964546159073222,1.7502147399042094,0.2486100482818479,176.0,1.91,0.9964546159073222,0.0035453840926777946
10/30/2025,BetOnline.ag,miami dolphins,baltimore ravens,2.5,38.038544874462126,13.198837971623302,Over,0.9964546159073222,1.7502147399042094,0.2486100482818479,176.0,2.21,0.9964546159073222,0.0035453840926777946
10/30/2025,BetOnline.ag,miami dolphins,baltimore ravens,2.5,38.038544874462126,13.198837971623302,Over,0.9964546159073222,1.7502147399042094,0.2486100482818479,176.0,1.59,0.9964546159073222,0.0035453840926777946
10/30/2025,BetOnline.ag,miami dolphins,baltimore ravens,2.5,38.038544874462126,13.198837971623302,Over,0.9964546159073222,1.7502147399042094,0.2486100482818479,176.0,1.59,0.9964546159073222,0.0035453840926777946
10/30/2025,DraftKings,miami dolphins,baltimore ravens,1.5,38.038544874462126,13.198837971623302,Over,0.9971826541663928,1.7023649927909246,0.2488837708758662,171.0,1.98,0.9971826541663928,0.0028173458336071544
10/30/2025,DraftKings,miami dolphins,baltimore ravens,1.5,38.038544874462126,13.198837971623302,Over,0.9971826541663928,1.7023649927909246,0.2488837708758662,171.0,2.26,0.9971826541663928,0.0028173458336071544
10/30/2025,DraftKings,miami dolphins,baltimore ravens,1.5,38.038544874462126,13.198837971623302,Over,0.9971826541663928,1.7023649927909246,0.2488837708758662,171.0,2.26,0.9971826541663928,0.0028173458336071544
10/30/2025,DraftKings,miami dolphins,baltimore ravens,1.5,38.038544874462126,13.198837971623302,Over,0.9971826541663928,1.7023649927909246,0.2488837708758662,171.0,1.67,0.9971826541663928,0.0028173458336071544
10/30/2025,DraftKings,miami dolphins,baltimore ravens,1.5,38.038544874462126,13.198837971623302,Over,0.9971826541663928,1.7023649927909246,0.2488837708758662,171.0,2.47,0.9971826541663928,0.0028173458336071544
10/30/2025,DraftKings,miami dolphins,baltimore ravens,1.5,38.038544874462126,13.198837971623302,Over,0.9971826541663928,1.7023649927909246,0.2488837708758662,171.0,2.47,0.9971826541663928,0.0028173458336071544
10/30/2025,DraftKings,miami dolphins,baltimore ravens,1.5,38.038544874462126,13.198837971623302,Over,0.9971826541663928,1.7023649927909246,0.2488837708758662,171.0,1.64,0.9971826541663928,0.0028173458336071544
10/30/2025,DraftKings,miami dolphins,baltimore ravens,1.5,38.038544874462126,13.198837971623302,Over,0.9971826541663928,1.7023649927909246,0.2488837708758662,171.0,1.67,0.9971826541663928,0.0028173458336071544
10/30/2025,DraftKings,miami dolphins,baltimore ravens,1.5,38.038544874462126,13.198837971623302,Over,0.9971826541663928,1.7023649927909246,0.2488837708758662,171.0,1.98,0.9971826541663928,0.0028173458336071544
10/30/2025,DraftKings,miami dolphins,baltimore ravens,1.5,38.038544874462126,13.198837971623302,Over,0.9971826541663928,1.7023649927909246,0.2488837708758662,171.0,1.64,0.9971826541663928,0.0028173458336071544
10/30/2025,BetRivers,miami dolphins,baltimore ravens,1.5,38.038544874462126,13.198837971623302,Over,0.9971826541663928,1.6026467273742855,0.24885818748047914,161.0,1.66,0.9971826541663928,0.0028173458336071544
10/30/2025,DraftKings,miami dolphins,baltimore ravens,1.5,38.038544874462126,13.198837971623302,Over,0.9971826541663928,1.6026467273742855,0.24885818748047914,161.0,1.98,0.9971826541663928,0.0028173458336071544
10/30/2025,BetRivers,miami dolphins,baltimore ravens,1.5,38.038544874462126,13.198837971623302,Over,0.9971826541663928,1.6026467273742855,0.24885818748047914,161.0,2.35,0.9971826541663928,0.0028173458336071544
10/30/2025,BetRivers,miami dolphins,baltimore ravens,1.5,38.038544874462126,13.198837971623302,Over,0.9971826541663928,1.6026467273742855,0.24885818748047914,161.0,2.3,0.9971826541663928,0.0028173458336071544
10/30/2025,DraftKings,miami dolphins,baltimore ravens,1.5,38.038544874462126,13.198837971623302,Over,0.9971826541663928,1.6026467273742855,0.24885818748047914,161.0,2.47,0.9971826541663928,0.0028173458336071544
10/30/2025,BetRivers,miami dolphins,baltimore ravens,1.5,38.038544874462126,13.198837971623302,Over,0.9971826541663928,1.6026467273742855,0.24885818748047914,161.0,1.67,0.9971826541663928,0.0028173458336071544
10/30/2025,DraftKings,miami dolphins,baltimore ravens,1.5,38.038544874462126,13.198837971623302,Over,0.9971826541663928,1.6026467273742855,0.24885818748047914,161.0,1.64,0.9971826541663928,0.0028173458336071544
10/30/2025,DraftKings,miami dolphins,baltimore ravens,1.5,38.038544874462126,13.198837971623302,Over,0.9971826541663928,1.6026467273742855,0.24885818748047914,161.0,2.26,0.9971826541663928,0.0028173458336071544
10/30/2025,DraftKings,miami dolphins,baltimore ravens,1.5,38.038544874462126,13.198837971623302,Over,0.9971826541663928,1.6026467273742855,0.24885818748047914,161.0,1.67,0.9971826541663928,0.0028173458336071544
10/30/2025,DraftKings,miami dolphins,baltimore ravens,2.5,38.038544874462126,13.198837971623302,Over,0.9964546159073222,1.600746547518111,0.24856312849660112,161.0,1.79,0.9964546159073222,0.0035453840926777946
10/30/2025,DraftKings,miami dolphins,baltimore ravens,2.5,38.038544874462126,13.198837971623302,Over,0.9964546159073222,1.600746547518111,0.24856312849660112,161.0,1.99,0.9964546159073222,0.0035453840926777946
10/30/2025,DraftKings,miami dolphins,baltimore ravens,2.5,38.038544874462126,13.198837971623302,Over,0.9964546159073222,1.600746547518111,0.24856312849660112,161.0,2.25,0.9964546159073222,0.0035453840926777946
10/30/2025,DraftKings,miami dolphins,baltimore ravens,2.5,38.038544874462126,13.198837971623302,Over,0.9964546159073222,1.600746547518111,0.24856312849660112,161.0,1.62,0.9964546159073222,0.0035453840926777946
11/2/2025,FanDuel,buffalo bills,kansas city chiefs,2.5,54.87320985456503,13.198837971623302,Over,0.9999637633759754,1.5099090460736981,0.24998494140293015,151.0,1.41,0.9999637633759754,3.623662402463257e-05
10/30/2025,BetMGM,miami dolphins,baltimore ravens,1.5,38.038544874462126,13.198837971623302,Over,0.9971826541663928,1.502928461957646,0.24882921555590162,151.0,1.95,0.9971826541663928,0.0028173458336071544
10/30/2025,BetMGM,miami dolphins,baltimore ravens,1.5,38.038544874462126,13.198837971623302,Over,0.9971826541663928,1.502928461957646,0.24882921555590162,151.0,2.45,0.9971826541663928,0.0028173458336071544
10/30/2025,BetMGM,miami dolphins,baltimore ravens,1.5,38.038544874462126,13.198837971623302,Over,0.9971826541663928,1.502928461957646,0.24882921555590162,151.0,1.95,0.9971826541663928,0.0028173458336071544
10/30/2025,BetMGM,miami dolphins,baltimore ravens,1.5,38.038544874462126,13.198837971623302,Over,0.9971826541663928,1.502928461957646,0.24882921555590162,151.0,1.65,0.9971826541663928,0.0028173458336071544
10/30/2025,BetMGM,miami dolphins,baltimore ravens,1.5,38.038544874462126,13.198837971623302,Over,0.9971826541663928,1.502928461957646,0.24882921555590162,151.0,2.1,0.9971826541663928,0.0028173458336071544
10/30/2025,BetMGM,miami dolphins,baltimore ravens,1.5,38.038544874462126,13.198837971623302,Over,0.9971826541663928,1.502928461957646,0.24882921555590162,151.0,2.35,0.9971826541663928,0.0028173458336071544
10/30/2025,BetMGM,miami dolphins,baltimore ravens,1.5,38.038544874462126,13.198837971623302,Over,0.9971826541663928,1.502928461957646,0.24882921555590162,151.0,1.65,0.9971826541663928,0.0028173458336071544
10/30/2025,BetMGM,miami dolphins,baltimore ravens,1.5,38.038544874462126,13.198837971623302,Over,0.9971826541663928,1.502928461957646,0.24882921555590162,151.0,1.65,0.9971826541663928,0.0028173458336071544
10/30/2025,BetMGM,miami dolphins,baltimore ravens,1.5,38.038544874462126,13.198837971623302,Over,0.9971826541663928,1.502928461957646,0.24882921555590162,151.0,2.35,0.9971826541663928,0.0028173458336071544
10/30/2025,BetMGM,miami dolphins,baltimore ravens,1.5,38.038544874462126,13.198837971623302,Over,0.9971826541663928,1.502928461957646,0.24882921555590162,151.0,1.74,0.9971826541663928,0.0028173458336071544
10/30/2025,BetMGM,miami dolphins,baltimore ravens,1.5,38.038544874462126,13.198837971623302,Over,0.9971826541663928,1.502928461957646,0.24882921555590162,151.0,1.65,0.9971826541663928,0.0028173458336071544
10/30/2025,BetMGM,miami dolphins,baltimore ravens,1.5,38.038544874462126,13.198837971623302,Over,0.9971826541663928,1.502928461957646,0.24882921555590162,151.0,2.1,0.9971826541663928,0.0028173458336071544
10/30/2025,BetMGM,miami dolphins,baltimore ravens,1.5,38.038544874462126,13.198837971623302,Over,0.9971826541663928,1.502928461957646,0.24882921555590162,151.0,1.74,0.9971826541663928,0.0028173458336071544
10/30/2025,BetMGM,miami dolphins,baltimore ravens,1.5,38.038544874462126,13.198837971623302,Over,0.9971826541663928,1.502928461957646,0.24882921555590162,151.0,2.45,0.9971826541663928,0.0028173458336071544
10/30/2025,BetMGM,miami dolphins,baltimore ravens,2.5,38.038544874462126,13.198837971623302,Over,0.9964546159073222,1.5011010859273788,0.2485266698555262,151.0,1.69,0.9964546159073222,0.0035453840926777946
10/30/2025,BetRivers,miami dolphins,baltimore ravens,2.5,38.038544874462126,13.198837971623302,Over,0.9964546159073222,1.5011010859273788,0.2485266698555262,151.0,1.81,0.9964546159073222,0.0035453840926777946
10/30/2025,BetRivers,miami dolphins,baltimore ravens,2.5,38.038544874462126,13.198837971623302,Over,0.9964546159073222,1.5011010859273788,0.2485266698555262,151.0,2.38,0.9964546159073222,0.0035453840926777946
10/30/2025,BetRivers,miami dolphins,baltimore ravens,2.5,38.038544874462126,13.198837971623302,Over,0.9964546159073222,1.5011010859273788,0.2485266698555262,151.0,1.97,0.9964546159073222,0.0035453840926777946
10/30/2025,BetRivers,miami dolphins,baltimore ravens,2.5,38.038544874462126,13.198837971623302,Over,0.9964546159073222,1.5011010859273788,0.2485266698555262,151.0,1.66,0.9964546159073222,0.0035453840926777946
10/30/2025,BetRivers,miami dolphins,baltimore ravens,2.5,38.038544874462126,13.198837971623302,Over,0.9964546159073222,1.5011010859273788,0.2485266698555262,151.0,1.97,0.9964546159073222,0.0035453840926777946
10/30/2025,BetMGM,miami dolphins,baltimore ravens,2.5,38.038544874462126,13.198837971623302,Over,0.9964546159073222,1.5011010859273788,0.2485266698555262,151.0,1.83,0.9964546159073222,0.0035453840926777946
10/30/2025,BetRivers,miami dolphins,baltimore ravens,2.5,38.038544874462126,13.198837971623302,Over,0.9964546159073222,1.5011010859273788,0.2485266698555262,151.0,2.38,0.9964546159073222,0.0035453840926777946
10/30/2025,BetRivers,miami dolphins,baltimore ravens,2.5,38.038544874462126,13.198837971623302,Over,0.9964546159073222,1.5011010859273788,0.2485266698555262,151.0,1.81,0.9964546159073222,0.0035453840926777946
10/30/2025,BetMGM,miami dolphins,baltimore ravens,2.5,38.038544874462126,13.198837971623302,Over,0.9964546159073222,1.5011010859273788,0.2485266698555262,151.0,1.8,0.9964546159073222,0.0035453840926777946
10/30/2025,BetMGM,miami dolphins,baltimore ravens,2.5,38.038544874462126,13.198837971623302,Over,0.9964546159073222,1.5011010859273788,0.2485266698555262,151.0,1.69,0.9964546159073222,0.0035453840926777946
10/30/2025,BetMGM,miami dolphins,baltimore ravens,2.5,38.038544874462126,13.198837971623302,Over,0.9964546159073222,1.5011010859273788,0.2485266698555262,151.0,1.8,0.9964546159073222,0.0035453840926777946
10/30/2025,BetMGM,miami dolphins,baltimore ravens,2.5,38.038544874462126,13.198837971623302,Over,0.9964546159073222,1.5011010859273788,0.2485266698555262,151.0,2.2,0.9964546159073222,0.0035453840926777946
10/30/2025,BetMGM,miami dolphins,baltimore ravens,2.5,38.038544874462126,13.198837971623302,Over,0.9964546159073222,1.5011010859273788,0.2485266698555262,151.0,2.2,0.9964546159073222,0.0035453840926777946
10/30/2025,BetRivers,miami dolphins,baltimore ravens,2.5,38.038544874462126,13.198837971623302,Over,0.9964546159073222,1.5011010859273788,0.2485266698555262,151.0,1.66,0.9964546159073222,0.0035453840926777946
10/30/2025,BetMGM,miami dolphins,baltimore ravens,2.5,38.038544874462126,13.198837971623302,Over,0.9964546159073222,1.5011010859273788,0.2485266698555262,151.0,1.83,0.9964546159073222,0.0035453840926777946
10/30/2025,BetMGM,miami dolphins,baltimore ravens,2.5,38.038544874462126,13.198837971623302,Over,0.9964546159073222,1.5011010859273788,0.2485266698555262,151.0,1.83,0.9964546159073222,0.0035453840926777946
10/30/2025,DraftKings,miami dolphins,baltimore ravens,2.5,38.038544874462126,13.198837971623302,Over,0.9964546159073222,1.5011010859273788,0.2485266698555262,151.0,2.25,0.9964546159073222,0.0035453840926777946
10/30/2025,BetMGM,miami dolphins,baltimore ravens,2.5,38.038544874462126,13.198837971623302,Over,0.9964546159073222,1.5011010859273788,0.2485266698555262,151.0,1.8,0.9964546159073222,0.0035453840926777946
10/30/2025,BetMGM,miami dolphins,baltimore ravens,2.5,38.038544874462126,13.198837971623302,Over,0.9964546159073222,1.5011010859273788,0.2485266698555262,151.0,1.83,0.9964546159073222,0.0035453840926777946
10/30/2025,BetMGM,miami dolphins,baltimore ravens,2.5,38.038544874462126,13.198837971623302,Over,0.9964546159073222,1.5011010859273788,0.2485266698555262,151.0,2.2,0.9964546159073222,0.0035453840926777946
10/30/2025,DraftKings,miami dolphins,baltimore ravens,2.5,38.038544874462126,13.198837971623302,Over,0.9964546159073222,1.5011010859273788,0.2485266698555262,151.0,1.79,0.9964546159073222,0.0035453840926777946
10/30/2025,DraftKings,miami dolphins,baltimore ravens,2.5,38.038544874462126,13.198837971623302,Over,0.9964546159073222,1.5011010859273788,0.2485266698555262,151.0,1.62,0.9964546159073222,0.0035453840926777946
10/30/2025,DraftKings,miami dolphins,baltimore ravens,2.5,38.038544874462126,13.198837971623302,Over,0.9964546159073222,1.5011010859273788,0.2485266698555262,151.0,1.99,0.9964546159073222,0.0035453840926777946
10/30/2025,BetMGM,miami dolphins,baltimore ravens,2.5,38.038544874462126,13.198837971623302,Over,0.9964546159073222,1.5011010859273788,0.2485266698555262,151.0,1.69,0.9964546159073222,0.0035453840926777946
10/30/2025,DraftKings,miami dolphins,baltimore ravens,2.5,38.038544874462126,13.198837971623302,Over,0.9964546159073222,1.5011010859273788,0.2485266698555262,151.0,1.62,0.9964546159073222,0.0035453840926777946
10/30/2025,DraftKings,miami dolphins,baltimore ravens,2.5,38.038544874462126,13.198837971623302,Over,0.9964546159073222,1.5011010859273788,0.2485266698555262,151.0,1.79,0.9964546159073222,0.0035453840926777946
10/30/2025,BetMGM,miami dolphins,baltimore ravens,2.5,38.038544874462126,13.198837971623302,Over,0.9964546159073222,1.5011010859273788,0.2485266698555262,151.0,2.2,0.9964546159073222,0.0035453840926777946
10/30/2025,DraftKings,miami dolphins,baltimore ravens,2.5,38.038544874462126,13.198837971623302,Over,0.9964546159073222,1.5011010859273788,0.2485266698555262,151.0,1.99,0.9964546159073222,0.0035453840926777946
10/30/2025,DraftKings,miami dolphins,baltimore ravens,2.5,38.038544874462126,13.198837971623302,Over,0.9964546159073222,1.5011010859273788,0.2485266698555262,151.0,2.25,0.9964546159073222,0.0035453840926777946
10/30/2025,BetMGM,miami dolphins,baltimore ravens,2.5,38.038544874462126,13.198837971623302,Over,0.9964546159073222,1.5011010859273788,0.2485266698555262,151.0,1.69,0.9964546159073222,0.0035453840926777946
10/30/2025,BetMGM,miami dolphins,baltimore ravens,2.5,38.038544874462126,13.198837971623302,Over,0.9964546159073222,1.5011010859273788,0.2485266698555262,151.0,1.8,0.9964546159073222,0.0035453840926777946
10/30/2025,BetRivers,miami dolphins,baltimore ravens,1.5,38.038544874462126,13.198837971623302,Over,0.9971826541663928,1.4032101965410066,0.24879613413847645,141.0,1.66,0.9971826541663928,0.0028173458336071544
10/30/2025,DraftKings,miami dolphins,baltimore ravens,1.5,38.038544874462126,13.198837971623302,Over,0.9971826541663928,1.4032101965410066,0.24879613413847645,141.0,1.64,0.9971826541663928,0.0028173458336071544
10/30/2025,BetRivers,miami dolphins,baltimore ravens,1.5,38.038544874462126,13.198837971623302,Over,0.9971826541663928,1.4032101965410066,0.24879613413847645,141.0,2.35,0.9971826541663928,0.0028173458336071544
10/30/2025,BetRivers,miami dolphins,baltimore ravens,1.5,38.038544874462126,13.198837971623302,Over,0.9971826541663928,1.4032101965410066,0.24879613413847645,141.0,2.3,0.9971826541663928,0.0028173458336071544
10/30/2025,BetRivers,miami dolphins,baltimore ravens,1.5,38.038544874462126,13.198837971623302,Over,0.9971826541663928,1.4032101965410066,0.24879613413847645,141.0,1.67,0.9971826541663928,0.0028173458336071544
10/30/2025,BetRivers,miami dolphins,baltimore ravens,1.5,38.038544874462126,13.198837971623302,Over,0.9971826541663928,1.4032101965410066,0.24879613413847645,141.0,1.67,0.9971826541663928,0.0028173458336071544
10/30/2025,DraftKings,miami dolphins,baltimore ravens,1.5,38.038544874462126,13.198837971623302,Over,0.9971826541663928,1.4032101965410066,0.24879613413847645,141.0,2.47,0.9971826541663928,0.0028173458336071544
10/30/2025,BetRivers,miami dolphins,baltimore ravens,1.5,38.038544874462126,13.198837971623302,Over,0.9971826541663928,1.4032101965410066,0.24879613413847645,141.0,2.35,0.9971826541663928,0.0028173458336071544
10/30/2025,DraftKings,miami dolphins,baltimore ravens,1.5,38.038544874462126,13.198837971623302,Over,0.9971826541663928,1.4032101965410066,0.24879613413847645,141.0,1.67,0.9971826541663928,0.0028173458336071544
10/30/2025,BetRivers,miami dolphins,baltimore ravens,1.5,38.038544874462126,13.198837971623302,Over,0.9971826541663928,1.4032101965410066,0.24879613413847645,141.0,2.3,0.9971826541663928,0.0028173458336071544
10/30/2025,DraftKings,miami dolphins,baltimore ravens,1.5,38.038544874462126,13.198837971623302,Over,0.9971826541663928,1.4032101965410066,0.24879613413847645,141.0,2.26,0.9971826541663928,0.0028173458336071544
10/30/2025,BetRivers,miami dolphins,baltimore ravens,1.5,38.038544874462126,13.198837971623302,Over,0.9971826541663928,1.4032101965410066,0.24879613413847645,141.0,1.66,0.9971826541663928,0.0028173458336071544
10/30/2025,DraftKings,miami dolphins,baltimore ravens,1.5,38.038544874462126,13.198837971623302,Over,0.9971826541663928,1.4032101965410066,0.24879613413847645,141.0,1.98,0.9971826541663928,0.0028173458336071544
10/30/2025,DraftKings,miami dolphins,baltimore ravens,2.5,38.038544874462126,13.198837971623302,Over,0.9964546159073222,1.4014556243366465,0.2484850397760012,141.0,1.79,0.9964546159073222,0.0035453840926777946
10/30/2025,DraftKings,miami dolphins,baltimore ravens,2.5,38.038544874462126,13.198837971623302,Over,0.9964546159073222,1.4014556243366465,0.2484850397760012,141.0,2.25,0.9964546159073222,0.0035453840926777946
10/30/2025,DraftKings,miami dolphins,baltimore ravens,2.5,38.038544874462126,13.198837971623302,Over,0.9964546159073222,1.4014556243366465,0.2484850397760012,141.0,1.62,0.9964546159073222,0.0035453840926777946
10/30/2025,DraftKings,miami dolphins,baltimore ravens,2.5,38.038544874462126,13.198837971623302,Over,0.9964546159073222,1.4014556243366465,0.2484850397760012,141.0,1.99,0.9964546159073222,0.0035453840926777946
10/30/2025,DraftKings,miami dolphins,baltimore ravens,1.5,38.038544874462126,13.198837971623302,Over,0.9971826541663928,1.3034919311243676,0.2487580021229709,131.0,1.98,0.9971826541663928,0.0028173458336071544
10/30/2025,BetOnline.ag,miami dolphins,baltimore ravens,1.5,38.038544874462126,13.198837971623302,Over,0.9971826541663928,1.3034919311243676,0.2487580021229709,131.0,1.67,0.9971826541663928,0.0028173458336071544
10/30/2025,BetOnline.ag,miami dolphins,baltimore ravens,1.5,38.038544874462126,13.198837971623302,Over,0.9971826541663928,1.3034919311243676,0.2487580021229709,131.0,2.44,0.9971826541663928,0.0028173458336071544
10/30/2025,BetOnline.ag,miami dolphins,baltimore ravens,1.5,38.038544874462126,13.198837971623302,Over,0.9971826541663928,1.3034919311243676,0.2487580021229709,131.0,1.65,0.9971826541663928,0.0028173458336071544
10/30/2025,DraftKings,miami dolphins,baltimore ravens,1.5,38.038544874462126,13.198837971623302,Over,0.9971826541663928,1.3034919311243676,0.2487580021229709,131.0,1.64,0.9971826541663928,0.0028173458336071544
10/30/2025,BetOnline.ag,miami dolphins,baltimore ravens,1.5,38.038544874462126,13.198837971623302,Over,0.9971826541663928,1.3034919311243676,0.2487580021229709,131.0,2.28,0.9971826541663928,0.0028173458336071544
10/30/2025,DraftKings,miami dolphins,baltimore ravens,1.5,38.038544874462126,13.198837971623302,Over,0.9971826541663928,1.3034919311243676,0.2487580021229709,131.0,2.26,0.9971826541663928,0.0028173458336071544
10/30/2025,DraftKings,miami dolphins,baltimore ravens,1.5,38.038544874462126,13.198837971623302,Over,0.9971826541663928,1.3034919311243676,0.2487580021229709,131.0,1.67,0.9971826541663928,0.0028173458336071544
10/30/2025,BetRivers,miami dolphins,baltimore ravens,1.5,38.038544874462126,13.198837971623302,Over,0.9971826541663928,1.3034919311243676,0.2487580021229709,131.0,1.67,0.9971826541663928,0.0028173458336071544
10/30/2025,BetRivers,miami dolphins,baltimore ravens,1.5,38.038544874462126,13.198837971623302,Over,0.9971826541663928,1.3034919311243676,0.2487580021229709,131.0,2.35,0.9971826541663928,0.0028173458336071544
10/30/2025,BetRivers,miami dolphins,baltimore ravens,1.5,38.038544874462126,13.198837971623302,Over,0.9971826541663928,1.3034919311243676,0.2487580021229709,131.0,2.3,0.9971826541663928,0.0028173458336071544
10/30/2025,BetRivers,miami dolphins,baltimore ravens,1.5,38.038544874462126,13.198837971623302,Over,0.9971826541663928,1.3034919311243676,0.2487580021229709,131.0,1.66,0.9971826541663928,0.0028173458336071544
10/30/2025,DraftKings,miami dolphins,baltimore ravens,1.5,38.038544874462126,13.198837971623302,Over,0.9971826541663928,1.3034919311243676,0.2487580021229709,131.0,2.47,0.9971826541663928,0.0028173458336071544
10/30/2025,BetRivers,miami dolphins,baltimore ravens,1.5,38.038544874462126,13.198837971623302,Over,0.9971826541663928,1.3034919311243676,0.2487580021229709,131.0,1.66,0.9971826541663928,0.0028173458336071544
10/30/2025,BetRivers,miami dolphins,baltimore ravens,1.5,38.038544874462126,13.198837971623302,Over,0.9971826541663928,1.3034919311243676,0.2487580021229709,131.0,2.35,0.9971826541663928,0.0028173458336071544
10/30/2025,BetRivers,miami dolphins,baltimore ravens,1.5,38.038544874462126,13.198837971623302,Over,0.9971826541663928,1.3034919311243676,0.2487580021229709,131.0,2.3,0.9971826541663928,0.0028173458336071544
10/30/2025,BetRivers,miami dolphins,baltimore ravens,1.5,38.038544874462126,13.198837971623302,Over,0.9971826541663928,1.3034919311243676,0.2487580021229709,131.0,1.67,0.9971826541663928,0.0028173458336071544
11/2/2025,FanDuel,buffalo bills,kansas city chiefs,1.5,54.87320985456503,13.198837971623302,Over,0.999973701971486,1.2599405664555585,0.2499882076300711,126.0,2.36,0.999973701971486,2.6298028513949134e-05
11/2/2025,FanDuel,buffalo bills,kansas city chiefs,1.5,54.87320985456503,13.198837971623302,Over,0.999973701971486,1.2599405664555585,0.2499882076300711,126.0,2.16,0.999973701971486,2.6298028513949134e-05
11/2/2025,FanDuel,buffalo bills,kansas city chiefs,1.5,54.87320985456503,13.198837971623302,Over,0.999973701971486,1.2599405664555585,0.2499882076300711,126.0,1.62,0.999973701971486,2.6298028513949134e-05
11/2/2025,FanDuel,buffalo bills,kansas city chiefs,1.5,54.87320985456503,13.198837971623302,Over,0.999973701971486,1.2599405664555585,0.2499882076300711,126.0,2.16,0.999973701971486,2.6298028513949134e-05
11/2/2025,FanDuel,buffalo bills,kansas city chiefs,1.5,54.87320985456503,13.198837971623302,Over,0.999973701971486,1.2599405664555585,0.2499882076300711,126.0,1.88,0.999973701971486,2.6298028513949134e-05
11/2/2025,FanDuel,buffalo bills,kansas city chiefs,1.5,54.87320985456503,13.198837971623302,Over,0.999973701971486,1.2599405664555585,0.2499882076300711,126.0,1.62,0.999973701971486,2.6298028513949134e-05
11/2/2025,FanDuel,buffalo bills,kansas city chiefs,1.5,54.87320985456503,13.198837971623302,Over,0.999973701971486,1.2599405664555585,0.2499882076300711,126.0,2.36,0.999973701971486,2.6298028513949134e-05
11/2/2025,FanDuel,buffalo bills,kansas city chiefs,1.5,54.87320985456503,13.198837971623302,Over,0.999973701971486,1.2599405664555585,0.2499882076300711,126.0,1.88,0.999973701971486,2.6298028513949134e-05
11/2/2025,FanDuel,buffalo bills,kansas city chiefs,2.5,54.87320985456503,13.198837971623302,Over,0.9999637633759754,1.2599181052297044,0.24998375103763967,126.0,1.41,0.9999637633759754,3.623662402463257e-05
10/30/2025,FanDuel,miami dolphins,baltimore ravens,1.5,38.038544874462126,13.198837971623302,Over,0.9971826541663928,1.2536327984160478,0.2487366663523904,126.0,2.46,0.9971826541663928,0.0028173458336071544
10/30/2025,BetMGM,miami dolphins,baltimore ravens,1.5,38.038544874462126,13.198837971623302,Over,0.9971826541663928,1.2536327984160478,0.2487366663523904,126.0,2.45,0.9971826541663928,0.0028173458336071544
10/30/2025,BetMGM,miami dolphins,baltimore ravens,1.5,38.038544874462126,13.198837971623302,Over,0.9971826541663928,1.2536327984160478,0.2487366663523904,126.0,2.1,0.9971826541663928,0.0028173458336071544
10/30/2025,BetMGM,miami dolphins,baltimore ravens,1.5,38.038544874462126,13.198837971623302,Over,0.9971826541663928,1.2536327984160478,0.2487366663523904,126.0,2.45,0.9971826541663928,0.0028173458336071544
10/30/2025,BetMGM,miami dolphins,baltimore ravens,1.5,38.038544874462126,13.198837971623302,Over,0.9971826541663928,1.2536327984160478,0.2487366663523904,126.0,1.65,0.9971826541663928,0.0028173458336071544
10/30/2025,BetMGM,miami dolphins,baltimore ravens,1.5,38.038544874462126,13.198837971623302,Over,0.9971826541663928,1.2536327984160478,0.2487366663523904,126.0,2.35,0.9971826541663928,0.0028173458336071544
10/30/2025,BetMGM,miami dolphins,baltimore ravens,1.5,38.038544874462126,13.198837971623302,Over,0.9971826541663928,1.2536327984160478,0.2487366663523904,126.0,1.95,0.9971826541663928,0.0028173458336071544
10/30/2025,BetMGM,miami dolphins,baltimore ravens,1.5,38.038544874462126,13.198837971623302,Over,0.9971826541663928,1.2536327984160478,0.2487366663523904,126.0,1.74,0.9971826541663928,0.0028173458336071544
10/30/2025,BetMGM,miami dolphins,baltimore ravens,1.5,38.038544874462126,13.198837971623302,Over,0.9971826541663928,1.2536327984160478,0.2487366663523904,126.0,2.35,0.9971826541663928,0.0028173458336071544
10/30/2025,FanDuel,miami dolphins,baltimore ravens,1.5,38.038544874462126,13.198837971623302,Over,0.9971826541663928,1.2536327984160478,0.2487366663523904,126.0,1.68,0.9971826541663928,0.0028173458336071544
10/30/2025,BetMGM,miami dolphins,baltimore ravens,1.5,38.038544874462126,13.198837971623302,Over,0.9971826541663928,1.2536327984160478,0.2487366663523904,126.0,1.65,0.9971826541663928,0.0028173458336071544
10/30/2025,BetMGM,miami dolphins,baltimore ravens,1.5,38.038544874462126,13.198837971623302,Over,0.9971826541663928,1.2536327984160478,0.2487366663523904,126.0,1.65,0.9971826541663928,0.0028173458336071544
10/30/2025,BetMGM,miami dolphins,baltimore ravens,1.5,38.038544874462126,13.198837971623302,Over,0.9971826541663928,1.2536327984160478,0.2487366663523904,126.0,2.1,0.9971826541663928,0.0028173458336071544
10/30/2025,BetMGM,miami dolphins,baltimore ravens,1.5,38.038544874462126,13.198837971623302,Over,0.9971826541663928,1.2536327984160478,0.2487366663523904,126.0,1.65,0.9971826541663928,0.0028173458336071544
10/30/2025,FanDuel,miami dolphins,baltimore ravens,1.5,38.038544874462126,13.198837971623302,Over,0.9971826541663928,1.2536327984160478,0.2487366663523904,126.0,1.68,0.9971826541663928,0.0028173458336071544
10/30/2025,BetMGM,miami dolphins,baltimore ravens,1.5,38.038544874462126,13.198837971623302,Over,0.9971826541663928,1.2536327984160478,0.2487366663523904,126.0,1.74,0.9971826541663928,0.0028173458336071544
10/30/2025,FanDuel,miami dolphins,baltimore ravens,1.5,38.038544874462126,13.198837971623302,Over,0.9971826541663928,1.2536327984160478,0.2487366663523904,126.0,1.93,0.9971826541663928,0.0028173458336071544
10/30/2025,FanDuel,miami dolphins,baltimore ravens,1.5,38.038544874462126,13.198837971623302,Over,0.9971826541663928,1.2536327984160478,0.2487366663523904,126.0,1.63,0.9971826541663928,0.0028173458336071544
10/30/2025,FanDuel,miami dolphins,baltimore ravens,1.5,38.038544874462126,13.198837971623302,Over,0.9971826541663928,1.2536327984160478,0.2487366663523904,126.0,2.24,0.9971826541663928,0.0028173458336071544
10/30/2025,FanDuel,miami dolphins,baltimore ravens,1.5,38.038544874462126,13.198837971623302,Over,0.9971826541663928,1.2536327984160478,0.2487366663523904,126.0,1.93,0.9971826541663928,0.0028173458336071544
10/30/2025,FanDuel,miami dolphins,baltimore ravens,1.5,38.038544874462126,13.198837971623302,Over,0.9971826541663928,1.2536327984160478,0.2487366663523904,126.0,2.24,0.9971826541663928,0.0028173458336071544
10/30/2025,FanDuel,miami dolphins,baltimore ravens,1.5,38.038544874462126,13.198837971623302,Over,0.9971826541663928,1.2536327984160478,0.2487366663523904,126.0,1.63,0.9971826541663928,0.0028173458336071544
10/30/2025,FanDuel,miami dolphins,baltimore ravens,1.5,38.038544874462126,13.198837971623302,Over,0.9971826541663928,1.2536327984160478,0.2487366663523904,126.0,2.46,0.9971826541663928,0.0028173458336071544
10/30/2025,BetMGM,miami dolphins,baltimore ravens,1.5,38.038544874462126,13.198837971623302,Over,0.9971826541663928,1.2536327984160478,0.2487366663523904,126.0,1.95,0.9971826541663928,0.0028173458336071544
10/30/2025,BetMGM,miami dolphins,baltimore ravens,2.5,38.038544874462126,13.198837971623302,Over,0.9964546159073222,1.2519874319505482,0.24841020475209286,126.0,2.2,0.9964546159073222,0.0035453840926777946
10/30/2025,BetMGM,miami dolphins,baltimore ravens,2.5,38.038544874462126,13.198837971623302,Over,0.9964546159073222,1.2519874319505482,0.24841020475209286,126.0,1.69,0.9964546159073222,0.0035453840926777946
10/30/2025,BetMGM,miami dolphins,baltimore ravens,2.5,38.038544874462126,13.198837971623302,Over,0.9964546159073222,1.2519874319505482,0.24841020475209286,126.0,1.8,0.9964546159073222,0.0035453840926777946
10/30/2025,BetMGM,miami dolphins,baltimore ravens,2.5,38.038544874462126,13.198837971623302,Over,0.9964546159073222,1.2519874319505482,0.24841020475209286,126.0,1.83,0.9964546159073222,0.0035453840926777946
10/30/2025,BetOnline.ag,miami dolphins,baltimore ravens,1.5,38.038544874462126,13.198837971623302,Over,0.9971826541663928,1.2037736657077283,0.24871356729498514,121.0,2.28,0.9971826541663928,0.0028173458336071544
10/30/2025,BetOnline.ag,miami dolphins,baltimore ravens,1.5,38.038544874462126,13.198837971623302,Over,0.9971826541663928,1.2037736657077283,0.24871356729498514,121.0,1.67,0.9971826541663928,0.0028173458336071544
10/30/2025,BetOnline.ag,miami dolphins,baltimore ravens,1.5,38.038544874462126,13.198837971623302,Over,0.9971826541663928,1.2037736657077283,0.24871356729498514,121.0,2.44,0.9971826541663928,0.0028173458336071544
10/30/2025,BetRivers,miami dolphins,baltimore ravens,1.5,38.038544874462126,13.198837971623302,Over,0.9971826541663928,1.2037736657077283,0.24871356729498514,121.0,1.67,0.9971826541663928,0.0028173458336071544
10/30/2025,BetRivers,miami dolphins,baltimore ravens,1.5,38.038544874462126,13.198837971623302,Over,0.9971826541663928,1.2037736657077283,0.24871356729498514,121.0,2.3,0.9971826541663928,0.0028173458336071544
10/30/2025,BetOnline.ag,miami dolphins,baltimore ravens,1.5,38.038544874462126,13.198837971623302,Over,0.9971826541663928,1.2037736657077283,0.24871356729498514,121.0,1.65,0.9971826541663928,0.0028173458336071544
10/30/2025,BetOnline.ag,miami dolphins,baltimore ravens,1.5,38.038544874462126,13.198837971623302,Over,0.9971826541663928,1.2037736657077283,0.24871356729498514,121.0,2.28,0.9971826541663928,0.0028173458336071544
10/30/2025,BetRivers,miami dolphins,baltimore ravens,1.5,38.038544874462126,13.198837971623302,Over,0.9971826541663928,1.2037736657077283,0.24871356729498514,121.0,2.35,0.9971826541663928,0.0028173458336071544
10/30/2025,BetRivers,miami dolphins,baltimore ravens,1.5,38.038544874462126,13.198837971623302,Over,0.9971826541663928,1.2037736657077283,0.24871356729498514,121.0,1.66,0.9971826541663928,0.0028173458336071544
10/30/2025,BetOnline.ag,miami dolphins,baltimore ravens,1.5,38.038544874462126,13.198837971623302,Over,0.9971826541663928,1.2037736657077283,0.24871356729498514,121.0,1.67,0.9971826541663928,0.0028173458336071544
10/30/2025,BetOnline.ag,miami dolphins,baltimore ravens,1.5,38.038544874462126,13.198837971623302,Over,0.9971826541663928,1.2037736657077283,0.24871356729498514,121.0,2.44,0.9971826541663928,0.0028173458336071544
10/30/2025,BetOnline.ag,miami dolphins,baltimore ravens,1.5,38.038544874462126,13.198837971623302,Over,0.9971826541663928,1.2037736657077283,0.24871356729498514,121.0,1.65,0.9971826541663928,0.0028173458336071544
10/30/2025,DraftKings,miami dolphins,baltimore ravens,1.5,38.038544874462126,13.198837971623302,Over,0.9971826541663928,1.2037736657077283,0.24871356729498514,121.0,1.98,0.9971826541663928,0.0028173458336071544
10/30/2025,DraftKings,miami dolphins,baltimore ravens,1.5,38.038544874462126,13.198837971623302,Over,0.9971826541663928,1.2037736657077283,0.24871356729498514,121.0,1.67,0.9971826541663928,0.0028173458336071544
10/30/2025,DraftKings,miami dolphins,baltimore ravens,1.5,38.038544874462126,13.198837971623302,Over,0.9971826541663928,1.2037736657077283,0.24871356729498514,121.0,2.26,0.9971826541663928,0.0028173458336071544
10/30/2025,DraftKings,miami dolphins,baltimore ravens,1.5,38.038544874462126,13.198837971623302,Over,0.9971826541663928,1.2037736657077283,0.24871356729498514,121.0,1.64,0.9971826541663928,0.0028173458336071544
10/30/2025,DraftKings,miami dolphins,baltimore ravens,1.5,38.038544874462126,13.198837971623302,Over,0.9971826541663928,1.2037736657077283,0.24871356729498514,121.0,1.98,0.9971826541663928,0.0028173458336071544
10/30/2025,DraftKings,miami dolphins,baltimore ravens,1.5,38.038544874462126,13.198837971623302,Over,0.9971826541663928,1.2037736657077283,0.24871356729498514,121.0,1.67,0.9971826541663928,0.0028173458336071544
10/30/2025,DraftKings,miami dolphins,baltimore ravens,1.5,38.038544874462126,13.198837971623302,Over,0.9971826541663928,1.2037736657077283,0.24871356729498514,121.0,2.26,0.9971826541663928,0.0028173458336071544
10/30/2025,DraftKings,miami dolphins,baltimore ravens,1.5,38.038544874462126,13.198837971623302,Over,0.9971826541663928,1.2037736657077283,0.24871356729498514,121.0,1.64,0.9971826541663928,0.0028173458336071544
10/30/2025,DraftKings,miami dolphins,baltimore ravens,1.5,38.038544874462126,13.198837971623302,Over,0.9971826541663928,1.2037736657077283,0.24871356729498514,121.0,2.47,0.9971826541663928,0.0028173458336071544
10/30/2025,DraftKings,miami dolphins,baltimore ravens,1.5,38.038544874462126,13.198837971623302,Over,0.9971826541663928,1.2037736657077283,0.24871356729498514,121.0,2.47,0.9971826541663928,0.0028173458336071544
10/30/2025,DraftKings,miami dolphins,baltimore ravens,2.5,38.038544874462126,13.198837971623302,Over,0.9964546159073222,1.2021647011551821,0.24838113660231037,121.0,1.62,0.9964546159073222,0.0035453840926777946
10/30/2025,DraftKings,miami dolphins,baltimore ravens,2.5,38.038544874462126,13.198837971623302,Over,0.9964546159073222,1.2021647011551821,0.24838113660231037,121.0,1.79,0.9964546159073222,0.0035453840926777946
10/30/2025,DraftKings,miami dolphins,baltimore ravens,2.5,38.038544874462126,13.198837971623302,Over,0.9964546159073222,1.2021647011551821,0.24838113660231037,121.0,1.99,0.9964546159073222,0.0035453840926777946
10/30/2025,BetRivers,miami dolphins,baltimore ravens,2.5,38.038544874462126,13.198837971623302,Over,0.9964546159073222,1.2021647011551821,0.24838113660231037,121.0,1.81,0.9964546159073222,0.0035453840926777946
10/30/2025,BetOnline.ag,miami dolphins,baltimore ravens,2.5,38.038544874462126,13.198837971623302,Over,0.9964546159073222,1.2021647011551821,0.24838113660231037,121.0,1.8,0.9964546159073222,0.0035453840926777946
10/30/2025,BetOnline.ag,miami dolphins,baltimore ravens,2.5,38.038544874462126,13.198837971623302,Over,0.9964546159073222,1.2021647011551821,0.24838113660231037,121.0,1.59,0.9964546159073222,0.0035453840926777946
10/30/2025,BetOnline.ag,miami dolphins,baltimore ravens,2.5,38.038544874462126,13.198837971623302,Over,0.9964546159073222,1.2021647011551821,0.24838113660231037,121.0,2.21,0.9964546159073222,0.0035453840926777946
10/30/2025,BetOnline.ag,miami dolphins,baltimore ravens,2.5,38.038544874462126,13.198837971623302,Over,0.9964546159073222,1.2021647011551821,0.24838113660231037,121.0,1.91,0.9964546159073222,0.0035453840926777946
10/30/2025,BetRivers,miami dolphins,baltimore ravens,2.5,38.038544874462126,13.198837971623302,Over,0.9964546159073222,1.2021647011551821,0.24838113660231037,121.0,1.66,0.9964546159073222,0.0035453840926777946
10/30/2025,DraftKings,miami dolphins,baltimore ravens,2.5,38.038544874462126,13.198837971623302,Over,0.9964546159073222,1.2021647011551821,0.24838113660231037,121.0,2.25,0.9964546159073222,0.0035453840926777946
10/30/2025,BetRivers,miami dolphins,baltimore ravens,2.5,38.038544874462126,13.198837971623302,Over,0.9964546159073222,1.2021647011551821,0.24838113660231037,121.0,1.97,0.9964546159073222,0.0035453840926777946
10/30/2025,BetRivers,miami dolphins,baltimore ravens,2.5,38.038544874462126,13.198837971623302,Over,0.9964546159073222,1.2021647011551821,0.24838113660231037,121.0,2.38,0.9964546159073222,0.0035453840926777946
10/30/2025,DraftKings,miami dolphins,baltimore ravens,1.5,38.038544874462126,13.198837971623302,Over,0.9971826541663928,1.104055400291089,0.2486611261916868,111.0,1.67,0.9971826541663928,0.0028173458336071544
10/30/2025,BetOnline.ag,miami dolphins,baltimore ravens,1.5,38.038544874462126,13.198837971623302,Over,0.9971826541663928,1.104055400291089,0.2486611261916868,111.0,2.28,0.9971826541663928,0.0028173458336071544
10/30/2025,BetOnline.ag,miami dolphins,baltimore ravens,1.5,38.038544874462126,13.198837971623302,Over,0.9971826541663928,1.104055400291089,0.2486611261916868,111.0,1.65,0.9971826541663928,0.0028173458336071544
10/30/2025,BetOnline.ag,miami dolphins,baltimore ravens,1.5,38.038544874462126,13.198837971623302,Over,0.9971826541663928,1.104055400291089,0.2486611261916868,111.0,2.44,0.9971826541663928,0.0028173458336071544
10/30/2025,BetOnline.ag,miami dolphins,baltimore ravens,1.5,38.038544874462126,13.198837971623302,Over,0.9971826541663928,1.104055400291089,0.2486611261916868,111.0,1.67,0.9971826541663928,0.0028173458336071544
10/30/2025,DraftKings,miami dolphins,baltimore ravens,1.5,38.038544874462126,13.198837971623302,Over,0.9971826541663928,1.104055400291089,0.2486611261916868,111.0,2.26,0.9971826541663928,0.0028173458336071544
10/30/2025,DraftKings,miami dolphins,baltimore ravens,1.5,38.038544874462126,13.198837971623302,Over,0.9971826541663928,1.104055400291089,0.2486611261916868,111.0,1.98,0.9971826541663928,0.0028173458336071544
10/30/2025,DraftKings,miami dolphins,baltimore ravens,1.5,38.038544874462126,13.198837971623302,Over,0.9971826541663928,1.104055400291089,0.2486611261916868,111.0,1.64,0.9971826541663928,0.0028173458336071544
10/30/2025,DraftKings,miami dolphins,baltimore ravens,1.5,38.038544874462126,13.198837971623302,Over,0.9971826541663928,1.104055400291089,0.2486611261916868,111.0,2.47,0.9971826541663928,0.0028173458336071544
10/30/2025,BetOnline.ag,miami dolphins,baltimore ravens,2.5,38.038544874462126,13.198837971623302,Over,0.9964546159073222,1.1025192395644499,0.2483151440460473,111.0,1.8,0.9964546159073222,0.0035453840926777946
10/30/2025,BetOnline.ag,miami dolphins,baltimore ravens,2.5,38.038544874462126,13.198837971623302,Over,0.9964546159073222,1.1025192395644499,0.2483151440460473,111.0,1.91,0.9964546159073222,0.0035453840926777946
10/30/2025,BetOnline.ag,miami dolphins,baltimore ravens,2.5,38.038544874462126,13.198837971623302,Over,0.9964546159073222,1.1025192395644499,0.2483151440460473,111.0,2.21,0.9964546159073222,0.0035453840926777946
10/30/2025,BetOnline.ag,miami dolphins,baltimore ravens,2.5,38.038544874462126,13.198837971623302,Over,0.9964546159073222,1.1025192395644499,0.2483151440460473,111.0,1.59,0.9964546159073222,0.0035453840926777946
11/2/2025,FanDuel,buffalo bills,kansas city chiefs,1.5,54.87320985456503,13.198837971623302,Over,0.999973701971486,1.009947140962687,0.24998691607987297,101.0,1.88,0.999973701971486,2.6298028513949134e-05
11/2/2025,FanDuel,buffalo bills,kansas city chiefs,1.5,54.87320985456503,13.198837971623302,Over,0.999973701971486,1.009947140962687,0.24998691607987297,101.0,2.36,0.999973701971486,2.6298028513949134e-05
11/2/2025,FanDuel,buffalo bills,kansas city chiefs,1.5,54.87320985456503,13.198837971623302,Over,0.999973701971486,1.009947140962687,0.24998691607987297,101.0,1.62,0.999973701971486,2.6298028513949134e-05
11/2/2025,FanDuel,buffalo bills,kansas city chiefs,1.5,54.87320985456503,13.198837971623302,Over,0.999973701971486,1.009947140962687,0.24998691607987297,101.0,2.16,0.999973701971486,2.6298028513949134e-05
11/2/2025,FanDuel,buffalo bills,kansas city chiefs,1.5,54.87320985456503,13.198837971623302,Over,0.999973701971486,1.009947140962687,0.24998691607987297,101.0,2.36,0.999973701971486,2.6298028513949134e-05
11/2/2025,FanDuel,buffalo bills,kansas city chiefs,1.5,54.87320985456503,13.198837971623302,Over,0.999973701971486,1.009947140962687,0.24998691607987297,101.0,1.62,0.999973701971486,2.6298028513949134e-05
11/2/2025,FanDuel,buffalo bills,kansas city chiefs,1.5,54.87320985456503,13.198837971623302,Over,0.999973701971486,1.009947140962687,0.24998691607987297,101.0,2.16,0.999973701971486,2.6298028513949134e-05
11/2/2025,FanDuel,buffalo bills,kansas city chiefs,1.5,54.87320985456503,13.198837971623302,Over,0.999973701971486,1.009947140962687,0.24998691607987297,101.0,1.88,0.999973701971486,2.6298028513949134e-05
10/30/2025,Bovada,miami dolphins,baltimore ravens,1.5,38.038544874462126,13.198837971623302,Over,0.9971826541663928,1.0043371348744496,0.24859830071149738,101.0,1.67,0.9971826541663928,0.0028173458336071544
10/30/2025,Bovada,miami dolphins,baltimore ravens,1.5,38.038544874462126,13.198837971623302,Over,0.9971826541663928,1.0043371348744496,0.24859830071149738,101.0,1.62,0.9971826541663928,0.0028173458336071544
10/30/2025,Bovada,miami dolphins,baltimore ravens,1.5,38.038544874462126,13.198837971623302,Over,0.9971826541663928,1.0043371348744496,0.24859830071149738,101.0,2.25,0.9971826541663928,0.0028173458336071544
10/30/2025,Bovada,miami dolphins,baltimore ravens,1.5,38.038544874462126,13.198837971623302,Over,0.9971826541663928,1.0043371348744496,0.24859830071149738,101.0,1.67,0.9971826541663928,0.0028173458336071544
10/30/2025,Bovada,miami dolphins,baltimore ravens,1.5,38.038544874462126,13.198837971623302,Over,0.9971826541663928,1.0043371348744496,0.24859830071149738,101.0,2.25,0.9971826541663928,0.0028173458336071544
10/30/2025,Bovada,miami dolphins,baltimore ravens,1.5,38.038544874462126,13.198837971623302,Over,0.9971826541663928,1.0043371348744496,0.24859830071149738,101.0,1.67,0.9971826541663928,0.0028173458336071544
10/30/2025,Bovada,miami dolphins,baltimore ravens,1.5,38.038544874462126,13.198837971623302,Over,0.9971826541663928,1.0043371348744496,0.24859830071149738,101.0,1.62,0.9971826541663928,0.0028173458336071544
10/30/2025,Bovada,miami dolphins,baltimore ravens,1.5,38.038544874462126,13.198837971623302,Over,0.9971826541663928,1.0043371348744496,0.24859830071149738,101.0,2.45,0.9971826541663928,0.0028173458336071544
10/30/2025,BetOnline.ag,miami dolphins,baltimore ravens,1.5,38.038544874462126,13.198837971623302,Over,0.9971826541663928,1.0043371348744496,0.24859830071149738,101.0,1.67,0.9971826541663928,0.0028173458336071544
10/30/2025,BetOnline.ag,miami dolphins,baltimore ravens,1.5,38.038544874462126,13.198837971623302,Over,0.9971826541663928,1.0043371348744496,0.24859830071149738,101.0,2.28,0.9971826541663928,0.0028173458336071544
10/30/2025,Bovada,miami dolphins,baltimore ravens,1.5,38.038544874462126,13.198837971623302,Over,0.9971826541663928,1.0043371348744496,0.24859830071149738,101.0,2.45,0.9971826541663928,0.0028173458336071544
10/30/2025,Bovada,miami dolphins,baltimore ravens,1.5,38.038544874462126,13.198837971623302,Over,0.9971826541663928,1.0043371348744496,0.24859830071149738,101.0,2.25,0.9971826541663928,0.0028173458336071544
10/30/2025,Bovada,miami dolphins,baltimore ravens,1.5,38.038544874462126,13.198837971623302,Over,0.9971826541663928,1.0043371348744496,0.24859830071149738,101.0,2.45,0.9971826541663928,0.0028173458336071544
10/30/2025,Bovada,miami dolphins,baltimore ravens,1.5,38.038544874462126,13.198837971623302,Over,0.9971826541663928,1.0043371348744496,0.24859830071149738,101.0,2.45,0.9971826541663928,0.0028173458336071544
10/30/2025,Bovada,miami dolphins,baltimore ravens,1.5,38.038544874462126,13.198837971623302,Over,0.9971826541663928,1.0043371348744496,0.24859830071149738,101.0,2.45,0.9971826541663928,0.0028173458336071544
10/30/2025,Bovada,miami dolphins,baltimore ravens,1.5,38.038544874462126,13.198837971623302,Over,0.9971826541663928,1.0043371348744496,0.24859830071149738,101.0,1.67,0.9971826541663928,0.0028173458336071544
10/30/2025,Bovada,miami dolphins,baltimore ravens,1.5,38.038544874462126,13.198837971623302,Over,0.9971826541663928,1.0043371348744496,0.24859830071149738,101.0,1.62,0.9971826541663928,0.0028173458336071544
10/30/2025,Bovada,miami dolphins,baltimore ravens,1.5,38.038544874462126,13.198837971623302,Over,0.9971826541663928,1.0043371348744496,0.24859830071149738,101.0,1.62,0.9971826541663928,0.0028173458336071544
10/30/2025,Bovada,miami dolphins,baltimore ravens,1.5,38.038544874462126,13.198837971623302,Over,0.9971826541663928,1.0043371348744496,0.24859830071149738,101.0,2.25,0.9971826541663928,0.0028173458336071544
10/30/2025,Bovada,miami dolphins,baltimore ravens,1.5,38.038544874462126,13.198837971623302,Over,0.9971826541663928,1.0043371348744496,0.24859830071149738,101.0,1.62,0.9971826541663928,0.0028173458336071544
10/30/2025,Bovada,miami dolphins,baltimore ravens,1.5,38.038544874462126,13.198837971623302,Over,0.9971826541663928,1.0043371348744496,0.24859830071149738,101.0,1.67,0.9971826541663928,0.0028173458336071544
10/30/2025,Bovada,miami dolphins,baltimore ravens,1.5,38.038544874462126,13.198837971623302,Over,0.9971826541663928,1.0043371348744496,0.24859830071149738,101.0,2.25,0.9971826541663928,0.0028173458336071544
10/30/2025,Bovada,miami dolphins,baltimore ravens,1.5,38.038544874462126,13.198837971623302,Over,0.9971826541663928,1.0043371348744496,0.24859830071149738,101.0,2.45,0.9971826541663928,0.0028173458336071544
10/30/2025,Bovada,miami dolphins,baltimore ravens,1.5,38.038544874462126,13.198837971623302,Over,0.9971826541663928,1.0043371348744496,0.24859830071149738,101.0,1.67,0.9971826541663928,0.0028173458336071544
10/30/2025,Bovada,miami dolphins,baltimore ravens,1.5,38.038544874462126,13.198837971623302,Over,0.9971826541663928,1.0043371348744496,0.24859830071149738,101.0,1.62,0.9971826541663928,0.0028173458336071544
10/30/2025,Bovada,miami dolphins,baltimore ravens,1.5,38.038544874462126,13.198837971623302,Over,0.9971826541663928,1.0043371348744496,0.24859830071149738,101.0,2.25,0.9971826541663928,0.0028173458336071544
10/30/2025,BetOnline.ag,miami dolphins,baltimore ravens,1.5,38.038544874462126,13.198837971623302,Over,0.9971826541663928,1.0043371348744496,0.24859830071149738,101.0,1.65,0.9971826541663928,0.0028173458336071544
10/30/2025,DraftKings,miami dolphins,baltimore ravens,1.5,38.038544874462126,13.198837971623302,Over,0.9971826541663928,1.0043371348744496,0.24859830071149738,101.0,2.47,0.9971826541663928,0.0028173458336071544
10/30/2025,BetRivers,miami dolphins,baltimore ravens,1.5,38.038544874462126,13.198837971623302,Over,0.9971826541663928,1.0043371348744496,0.24859830071149738,101.0,2.35,0.9971826541663928,0.0028173458336071544
10/30/2025,Bovada,miami dolphins,baltimore ravens,1.5,38.038544874462126,13.198837971623302,Over,0.9971826541663928,1.0043371348744496,0.24859830071149738,101.0,1.62,0.9971826541663928,0.0028173458336071544
10/30/2025,BetOnline.ag,miami dolphins,baltimore ravens,1.5,38.038544874462126,13.198837971623302,Over,0.9971826541663928,1.0043371348744496,0.24859830071149738,101.0,2.44,0.9971826541663928,0.0028173458336071544
10/30/2025,DraftKings,miami dolphins,baltimore ravens,1.5,38.038544874462126,13.198837971623302,Over,0.9971826541663928,1.0043371348744496,0.24859830071149738,101.0,1.98,0.9971826541663928,0.0028173458336071544
10/30/2025,DraftKings,miami dolphins,baltimore ravens,1.5,38.038544874462126,13.198837971623302,Over,0.9971826541663928,1.0043371348744496,0.24859830071149738,101.0,1.67,0.9971826541663928,0.0028173458336071544
10/30/2025,DraftKings,miami dolphins,baltimore ravens,1.5,38.038544874462126,13.198837971623302,Over,0.9971826541663928,1.0043371348744496,0.24859830071149738,101.0,2.26,0.9971826541663928,0.0028173458336071544
10/30/2025,DraftKings,miami dolphins,baltimore ravens,1.5,38.038544874462126,13.198837971623302,Over,0.9971826541663928,1.0043371348744496,0.24859830071149738,101.0,1.64,0.9971826541663928,0.0028173458336071544
10/30/2025,BetOnline.ag,miami dolphins,baltimore ravens,1.5,38.038544874462126,13.198837971623302,Over,0.9971826541663928,1.0043371348744496,0.24859830071149738,101.0,1.67,0.9971826541663928,0.0028173458336071544
10/30/2025,BetRivers,miami dolphins,baltimore ravens,1.5,38.038544874462126,13.198837971623302,Over,0.9971826541663928,1.0043371348744496,0.24859830071149738,101.0,1.67,0.9971826541663928,0.0028173458336071544
10/30/2025,Bovada,miami dolphins,baltimore ravens,1.5,38.038544874462126,13.198837971623302,Over,0.9971826541663928,1.0043371348744496,0.24859830071149738,101.0,2.45,0.9971826541663928,0.0028173458336071544
10/30/2025,Bovada,miami dolphins,baltimore ravens,1.5,38.038544874462126,13.198837971623302,Over,0.9971826541663928,1.0043371348744496,0.24859830071149738,101.0,1.67,0.9971826541663928,0.0028173458336071544
10/30/2025,BetOnline.ag,miami dolphins,baltimore ravens,1.5,38.038544874462126,13.198837971623302,Over,0.9971826541663928,1.0043371348744496,0.24859830071149738,101.0,2.28,0.9971826541663928,0.0028173458336071544
10/30/2025,BetOnline.ag,miami dolphins,baltimore ravens,1.5,38.038544874462126,13.198837971623302,Over,0.9971826541663928,1.0043371348744496,0.24859830071149738,101.0,1.65,0.9971826541663928,0.0028173458336071544
10/30/2025,BetRivers,miami dolphins,baltimore ravens,1.5,38.038544874462126,13.198837971623302,Over,0.9971826541663928,1.0043371348744496,0.24859830071149738,101.0,2.3,0.9971826541663928,0.0028173458336071544
10/30/2025,BetOnline.ag,miami dolphins,baltimore ravens,1.5,38.038544874462126,13.198837971623302,Over,0.9971826541663928,1.0043371348744496,0.24859830071149738,101.0,2.44,0.9971826541663928,0.0028173458336071544
10/30/2025,BetOnline.ag,miami dolphins,baltimore ravens,1.5,38.038544874462126,13.198837971623302,Over,0.9971826541663928,1.0043371348744496,0.24859830071149738,101.0,1.67,0.9971826541663928,0.0028173458336071544
10/30/2025,Bovada,miami dolphins,baltimore ravens,1.5,38.038544874462126,13.198837971623302,Over,0.9971826541663928,1.0043371348744496,0.24859830071149738,101.0,1.67,0.9971826541663928,0.0028173458336071544
10/30/2025,Bovada,miami dolphins,baltimore ravens,1.5,38.038544874462126,13.198837971623302,Over,0.9971826541663928,1.0043371348744496,0.24859830071149738,101.0,2.45,0.9971826541663928,0.0028173458336071544
10/30/2025,BetOnline.ag,miami dolphins,baltimore ravens,1.5,38.038544874462126,13.198837971623302,Over,0.9971826541663928,1.0043371348744496,0.24859830071149738,101.0,1.67,0.9971826541663928,0.0028173458336071544
10/30/2025,BetOnline.ag,miami dolphins,baltimore ravens,1.5,38.038544874462126,13.198837971623302,Over,0.9971826541663928,1.0043371348744496,0.24859830071149738,101.0,2.44,0.9971826541663928,0.0028173458336071544
10/30/2025,BetOnline.ag,miami dolphins,baltimore ravens,1.5,38.038544874462126,13.198837971623302,Over,0.9971826541663928,1.0043371348744496,0.24859830071149738,101.0,1.65,0.9971826541663928,0.0028173458336071544
10/30/2025,BetOnline.ag,miami dolphins,baltimore ravens,1.5,38.038544874462126,13.198837971623302,Over,0.9971826541663928,1.0043371348744496,0.24859830071149738,101.0,2.28,0.9971826541663928,0.0028173458336071544
10/30/2025,Bovada,miami dolphins,baltimore ravens,1.5,38.038544874462126,13.198837971623302,Over,0.9971826541663928,1.0043371348744496,0.24859830071149738,101.0,2.25,0.9971826541663928,0.0028173458336071544
10/30/2025,Bovada,miami dolphins,baltimore ravens,1.5,38.038544874462126,13.198837971623302,Over,0.9971826541663928,1.0043371348744496,0.24859830071149738,101.0,1.62,0.9971826541663928,0.0028173458336071544
10/30/2025,Bovada,miami dolphins,baltimore ravens,1.5,38.038544874462126,13.198837971623302,Over,0.9971826541663928,1.0043371348744496,0.24859830071149738,101.0,2.25,0.9971826541663928,0.0028173458336071544
10/30/2025,BetMGM,miami dolphins,baltimore ravens,1.5,38.038544874462126,13.198837971623302,Over,0.9971826541663928,1.0043371348744496,0.24859830071149738,101.0,1.65,0.9971826541663928,0.0028173458336071544
10/30/2025,BetMGM,miami dolphins,baltimore ravens,1.5,38.038544874462126,13.198837971623302,Over,0.9971826541663928,1.0043371348744496,0.24859830071149738,101.0,2.1,0.9971826541663928,0.0028173458336071544
10/30/2025,Bovada,miami dolphins,baltimore ravens,1.5,38.038544874462126,13.198837971623302,Over,0.9971826541663928,1.0043371348744496,0.24859830071149738,101.0,1.62,0.9971826541663928,0.0028173458336071544
10/30/2025,Bovada,miami dolphins,baltimore ravens,1.5,38.038544874462126,13.198837971623302,Over,0.9971826541663928,1.0043371348744496,0.24859830071149738,101.0,2.25,0.9971826541663928,0.0028173458336071544
10/30/2025,Bovada,miami dolphins,baltimore ravens,1.5,38.038544874462126,13.198837971623302,Over,0.9971826541663928,1.0043371348744496,0.24859830071149738,101.0,1.62,0.9971826541663928,0.0028173458336071544
10/30/2025,Bovada,miami dolphins,baltimore ravens,1.5,38.038544874462126,13.198837971623302,Over,0.9971826541663928,1.0043371348744496,0.24859830071149738,101.0,1.67,0.9971826541663928,0.0028173458336071544
10/30/2025,Bovada,miami dolphins,baltimore ravens,1.5,38.038544874462126,13.198837971623302,Over,0.9971826541663928,1.0043371348744496,0.24859830071149738,101.0,2.45,0.9971826541663928,0.0028173458336071544
10/30/2025,BetMGM,miami dolphins,baltimore ravens,1.5,38.038544874462126,13.198837971623302,Over,0.9971826541663928,1.0043371348744496,0.24859830071149738,101.0,1.74,0.9971826541663928,0.0028173458336071544
10/30/2025,BetMGM,miami dolphins,baltimore ravens,1.5,38.038544874462126,13.198837971623302,Over,0.9971826541663928,1.0043371348744496,0.24859830071149738,101.0,1.95,0.9971826541663928,0.0028173458336071544
10/30/2025,BetMGM,miami dolphins,baltimore ravens,1.5,38.038544874462126,13.198837971623302,Over,0.9971826541663928,1.0043371348744496,0.24859830071149738,101.0,2.35,0.9971826541663928,0.0028173458336071544
10/30/2025,BetMGM,miami dolphins,baltimore ravens,1.5,38.038544874462126,13.198837971623302,Over,0.9971826541663928,1.0043371348744496,0.24859830071149738,101.0,1.65,0.9971826541663928,0.0028173458336071544
10/30/2025,BetOnline.ag,miami dolphins,baltimore ravens,1.5,38.038544874462126,13.198837971623302,Over,0.9971826541663928,1.0043371348744496,0.24859830071149738,101.0,2.44,0.9971826541663928,0.0028173458336071544
10/30/2025,Bovada,miami dolphins,baltimore ravens,1.5,38.038544874462126,13.198837971623302,Over,0.9971826541663928,1.0043371348744496,0.24859830071149738,101.0,2.25,0.9971826541663928,0.0028173458336071544
10/30/2025,Bovada,miami dolphins,baltimore ravens,1.5,38.038544874462126,13.198837971623302,Over,0.9971826541663928,1.0043371348744496,0.24859830071149738,101.0,1.67,0.9971826541663928,0.0028173458336071544
10/30/2025,Bovada,miami dolphins,baltimore ravens,1.5,38.038544874462126,13.198837971623302,Over,0.9971826541663928,1.0043371348744496,0.24859830071149738,101.0,2.45,0.9971826541663928,0.0028173458336071544
10/30/2025,Bovada,miami dolphins,baltimore ravens,1.5,38.038544874462126,13.198837971623302,Over,0.9971826541663928,1.0043371348744496,0.24859830071149738,101.0,2.25,0.9971826541663928,0.0028173458336071544
10/30/2025,Bovada,miami dolphins,baltimore ravens,1.5,38.038544874462126,13.198837971623302,Over,0.9971826541663928,1.0043371348744496,0.24859830071149738,101.0,1.62,0.9971826541663928,0.0028173458336071544
10/30/2025,Bovada,miami dolphins,baltimore ravens,1.5,38.038544874462126,13.198837971623302,Over,0.9971826541663928,1.0043371348744496,0.24859830071149738,101.0,1.67,0.9971826541663928,0.0028173458336071544
10/30/2025,Bovada,miami dolphins,baltimore ravens,1.5,38.038544874462126,13.198837971623302,Over,0.9971826541663928,1.0043371348744496,0.24859830071149738,101.0,2.45,0.9971826541663928,0.0028173458336071544
10/30/2025,BetMGM,miami dolphins,baltimore ravens,1.5,38.038544874462126,13.198837971623302,Over,0.9971826541663928,1.0043371348744496,0.24859830071149738,101.0,2.45,0.9971826541663928,0.0028173458336071544
10/30/2025,BetOnline.ag,miami dolphins,baltimore ravens,1.5,38.038544874462126,13.198837971623302,Over,0.9971826541663928,1.0043371348744496,0.24859830071149738,101.0,2.28,0.9971826541663928,0.0028173458336071544
10/30/2025,BetOnline.ag,miami dolphins,baltimore ravens,1.5,38.038544874462126,13.198837971623302,Over,0.9971826541663928,1.0043371348744496,0.24859830071149738,101.0,1.65,0.9971826541663928,0.0028173458336071544
10/30/2025,BetRivers,miami dolphins,baltimore ravens,1.5,38.038544874462126,13.198837971623302,Over,0.9971826541663928,1.0043371348744496,0.24859830071149738,101.0,1.66,0.9971826541663928,0.0028173458336071544
10/30/2025,FanDuel,miami dolphins,baltimore ravens,2.5,38.038544874462126,13.198837971623302,Over,0.9964546159073222,1.0028737779737176,0.24823608365686078,101.0,2.18,0.9964546159073222,0.0035453840926777946
10/30/2025,FanDuel,miami dolphins,baltimore ravens,2.5,38.038544874462126,13.198837971623302,Over,0.9964546159073222,1.0028737779737176,0.24823608365686078,101.0,1.82,0.9964546159073222,0.0035453840926777946
10/30/2025,FanDuel,miami dolphins,baltimore ravens,2.5,38.038544874462126,13.198837971623302,Over,0.9964546159073222,1.0028737779737176,0.24823608365686078,101.0,1.57,0.9964546159073222,0.0035453840926777946
10/30/2025,DraftKings,miami dolphins,baltimore ravens,2.5,38.038544874462126,13.198837971623302,Over,0.9964546159073222,1.0028737779737176,0.24823608365686078,101.0,1.62,0.9964546159073222,0.0035453840926777946
10/30/2025,Bovada,miami dolphins,baltimore ravens,2.5,38.038544874462126,13.198837971623302,Over,0.9964546159073222,1.0028737779737176,0.24823608365686078,101.0,1.59,0.9964546159073222,0.0035453840926777946
10/30/2025,Bovada,miami dolphins,baltimore ravens,2.5,38.038544874462126,13.198837971623302,Over,0.9964546159073222,1.0028737779737176,0.24823608365686078,101.0,1.83,0.9964546159073222,0.0035453840926777946
10/30/2025,Bovada,miami dolphins,baltimore ravens,2.5,38.038544874462126,13.198837971623302,Over,0.9964546159073222,1.0028737779737176,0.24823608365686078,101.0,2.2,0.9964546159073222,0.0035453840926777946
10/30/2025,Bovada,miami dolphins,baltimore ravens,2.5,38.038544874462126,13.198837971623302,Over,0.9964546159073222,1.0028737779737176,0.24823608365686078,101.0,1.83,0.9964546159073222,0.0035453840926777946
10/30/2025,DraftKings,miami dolphins,baltimore ravens,2.5,38.038544874462126,13.198837971623302,Over,0.9964546159073222,1.0028737779737176,0.24823608365686078,101.0,1.79,0.9964546159073222,0.0035453840926777946
10/30/2025,BetOnline.ag,miami dolphins,baltimore ravens,2.5,38.038544874462126,13.198837971623302,Over,0.9964546159073222,1.0028737779737176,0.24823608365686078,101.0,1.8,0.9964546159073222,0.0035453840926777946
10/30/2025,BetOnline.ag,miami dolphins,baltimore ravens,2.5,38.038544874462126,13.198837971623302,Over,0.9964546159073222,1.0028737779737176,0.24823608365686078,101.0,1.59,0.9964546159073222,0.0035453840926777946
10/30/2025,BetOnline.ag,miami dolphins,baltimore ravens,2.5,38.038544874462126,13.198837971623302,Over,0.9964546159073222,1.0028737779737176,0.24823608365686078,101.0,2.21,0.9964546159073222,0.0035453840926777946
10/30/2025,Bovada,miami dolphins,baltimore ravens,2.5,38.038544874462126,13.198837971623302,Over,0.9964546159073222,1.0028737779737176,0.24823608365686078,101.0,1.59,0.9964546159073222,0.0035453840926777946
10/30/2025,Bovada,miami dolphins,baltimore ravens,2.5,38.038544874462126,13.198837971623302,Over,0.9964546159073222,1.0028737779737176,0.24823608365686078,101.0,1.83,0.9964546159073222,0.0035453840926777946
10/30/2025,Bovada,miami dolphins,baltimore ravens,2.5,38.038544874462126,13.198837971623302,Over,0.9964546159073222,1.0028737779737176,0.24823608365686078,101.0,2.2,0.9964546159073222,0.0035453840926777946
10/30/2025,Bovada,miami dolphins,baltimore ravens,2.5,38.038544874462126,13.198837971623302,Over,0.9964546159073222,1.0028737779737176,0.24823608365686078,101.0,1.83,0.9964546159073222,0.0035453840926777946
10/30/2025,BetOnline.ag,miami dolphins,baltimore ravens,2.5,38.038544874462126,13.198837971623302,Over,0.9964546159073222,1.0028737779737176,0.24823608365686078,101.0,1.91,0.9964546159073222,0.0035453840926777946
10/30/2025,DraftKings,miami dolphins,baltimore ravens,2.5,38.038544874462126,13.198837971623302,Over,0.9964546159073222,1.0028737779737176,0.24823608365686078,101.0,2.25,0.9964546159073222,0.0035453840926777946
10/30/2025,DraftKings,miami dolphins,baltimore ravens,2.5,38.038544874462126,13.198837971623302,Over,0.9964546159073222,1.0028737779737176,0.24823608365686078,101.0,1.99,0.9964546159073222,0.0035453840926777946
10/30/2025,FanDuel,miami dolphins,baltimore ravens,2.5,38.038544874462126,13.198837971623302,Over,0.9964546159073222,1.0028737779737176,0.24823608365686078,101.0,1.93,0.9964546159073222,0.0035453840926777946
10/30/2025,Bovada,miami dolphins,baltimore ravens,1.5,38.038544874462126,13.198837971623302,Over,0.9971826541663928,0.9046188694578103,0.24852166743346443,91.0,2.25,0.9971826541663928,0.0028173458336071544
10/30/2025,BetRivers,miami dolphins,baltimore ravens,1.5,38.038544874462126,13.198837971623302,Over,0.9971826541663928,0.9046188694578103,0.24852166743346443,91.0,1.67,0.9971826541663928,0.0028173458336071544
10/30/2025,Bovada,miami dolphins,baltimore ravens,1.5,38.038544874462126,13.198837971623302,Over,0.9971826541663928,0.9046188694578103,0.24852166743346443,91.0,1.62,0.9971826541663928,0.0028173458336071544
10/30/2025,BetRivers,miami dolphins,baltimore ravens,1.5,38.038544874462126,13.198837971623302,Over,0.9971826541663928,0.9046188694578103,0.24852166743346443,91.0,2.3,0.9971826541663928,0.0028173458336071544
10/30/2025,BetRivers,miami dolphins,baltimore ravens,1.5,38.038544874462126,13.198837971623302,Over,0.9971826541663928,0.9046188694578103,0.24852166743346443,91.0,2.35,0.9971826541663928,0.0028173458336071544
10/30/2025,BetRivers,miami dolphins,baltimore ravens,1.5,38.038544874462126,13.198837971623302,Over,0.9971826541663928,0.9046188694578103,0.24852166743346443,91.0,1.66,0.9971826541663928,0.0028173458336071544
10/30/2025,Bovada,miami dolphins,baltimore ravens,1.5,38.038544874462126,13.198837971623302,Over,0.9971826541663928,0.9046188694578103,0.24852166743346443,91.0,1.62,0.9971826541663928,0.0028173458336071544
10/30/2025,Bovada,miami dolphins,baltimore ravens,1.5,38.038544874462126,13.198837971623302,Over,0.9971826541663928,0.9046188694578103,0.24852166743346443,91.0,1.67,0.9971826541663928,0.0028173458336071544
10/30/2025,Bovada,miami dolphins,baltimore ravens,1.5,38.038544874462126,13.198837971623302,Over,0.9971826541663928,0.9046188694578103,0.24852166743346443,91.0,2.45,0.9971826541663928,0.0028173458336071544
10/30/2025,Bovada,miami dolphins,baltimore ravens,1.5,38.038544874462126,13.198837971623302,Over,0.9971826541663928,0.9046188694578103,0.24852166743346443,91.0,2.25,0.9971826541663928,0.0028173458336071544
10/30/2025,Bovada,miami dolphins,baltimore ravens,1.5,38.038544874462126,13.198837971623302,Over,0.9971826541663928,0.9046188694578103,0.24852166743346443,91.0,2.45,0.9971826541663928,0.0028173458336071544
10/30/2025,Bovada,miami dolphins,baltimore ravens,1.5,38.038544874462126,13.198837971623302,Over,0.9971826541663928,0.9046188694578103,0.24852166743346443,91.0,1.67,0.9971826541663928,0.0028173458336071544
10/30/2025,BetOnline.ag,miami dolphins,baltimore ravens,1.5,38.038544874462126,13.198837971623302,Over,0.9971826541663928,0.8946470429161464,0.24851306747670732,90.0,2.28,0.9971826541663928,0.0028173458336071544
10/30/2025,BetOnline.ag,miami dolphins,baltimore ravens,1.5,38.038544874462126,13.198837971623302,Over,0.9971826541663928,0.8946470429161464,0.24851306747670732,90.0,1.67,0.9971826541663928,0.0028173458336071544
10/30/2025,BetOnline.ag,miami dolphins,baltimore ravens,1.5,38.038544874462126,13.198837971623302,Over,0.9971826541663928,0.8946470429161464,0.24851306747670732,90.0,2.44,0.9971826541663928,0.0028173458336071544
10/30/2025,BetOnline.ag,miami dolphins,baltimore ravens,1.5,38.038544874462126,13.198837971623302,Over,0.9971826541663928,0.8946470429161464,0.24851306747670732,90.0,1.65,0.9971826541663928,0.0028173458336071544
11/2/2025,FanDuel,buffalo bills,kansas city chiefs,1.5,54.87320985456503,13.198837971623302,Over,0.999973701971486,0.8099524005683898,0.24998530881740424,81.0,1.88,0.999973701971486,2.6298028513949134e-05
11/2/2025,FanDuel,buffalo bills,kansas city chiefs,1.5,54.87320985456503,13.198837971623302,Over,0.999973701971486,0.8099524005683898,0.24998530881740424,81.0,2.16,0.999973701971486,2.6298028513949134e-05
11/2/2025,FanDuel,buffalo bills,kansas city chiefs,1.5,54.873209854565026,13.198837971623302,Over,0.999973701971486,0.8099524005683898,0.24998530881740424,81.0,1.62,0.999973701971486,2.6298028513949134e-05
11/2/2025,FanDuel,buffalo bills,kansas city chiefs,1.5,54.87320985456503,13.198837971623302,Over,0.999973701971486,0.8099524005683898,0.24998530881740424,81.0,2.36,0.999973701971486,2.6298028513949134e-05
11/2/2025,FanDuel,buffalo bills,kansas city chiefs,1.5,54.87320985456503,13.198837971623302,Over,0.999973701971486,0.8099524005683898,0.24998530881740424,81.0,1.62,0.999973701971486,2.6298028513949134e-05
11/2/2025,FanDuel,buffalo bills,kansas city chiefs,1.5,54.87320985456503,13.198837971623302,Over,0.999973701971486,0.8099524005683898,0.24998530881740424,81.0,2.16,0.999973701971486,2.6298028513949134e-05
11/2/2025,FanDuel,buffalo bills,kansas city chiefs,1.5,54.873209854565026,13.198837971623302,Over,0.999973701971486,0.8099524005683898,0.24998530881740424,81.0,2.36,0.999973701971486,2.6298028513949134e-05
11/2/2025,FanDuel,buffalo bills,kansas city chiefs,1.5,54.873209854565026,13.198837971623302,Over,0.999973701971486,0.8099524005683898,0.24998530881740424,81.0,1.62,0.999973701971486,2.6298028513949134e-05
11/2/2025,FanDuel,buffalo bills,kansas city chiefs,1.5,54.873209854565026,13.198837971623302,Over,0.999973701971486,0.8099524005683898,0.24998530881740424,81.0,1.88,0.999973701971486,2.6298028513949134e-05
11/2/2025,FanDuel,buffalo bills,kansas city chiefs,1.5,54.873209854565026,13.198837971623302,Over,0.999973701971486,0.8099524005683898,0.24998530881740424,81.0,2.36,0.999973701971486,2.6298028513949134e-05
11/2/2025,FanDuel,buffalo bills,kansas city chiefs,1.5,54.873209854565026,13.198837971623302,Over,0.999973701971486,0.8099524005683898,0.24998530881740424,81.0,1.88,0.999973701971486,2.6298028513949134e-05
11/2/2025,FanDuel,buffalo bills,kansas city chiefs,1.5,54.873209854565026,13.198837971623302,Over,0.999973701971486,0.8099524005683898,0.24998530881740424,81.0,2.16,0.999973701971486,2.6298028513949134e-05
11/2/2025,FanDuel,buffalo bills,kansas city chiefs,1.5,54.873209854565026,13.198837971623302,Over,0.999973701971486,0.8099524005683898,0.24998530881740424,81.0,2.16,0.999973701971486,2.6298028513949134e-05
11/2/2025,FanDuel,buffalo bills,kansas city chiefs,1.5,54.873209854565026,13.198837971623302,Over,0.999973701971486,0.8099524005683898,0.24998530881740424,81.0,1.88,0.999973701971486,2.6298028513949134e-05
11/2/2025,FanDuel,buffalo bills,kansas city chiefs,1.5,54.873209854565026,13.198837971623302,Over,0.999973701971486,0.8099524005683898,0.24998530881740424,81.0,2.36,0.999973701971486,2.6298028513949134e-05
11/2/2025,FanDuel,buffalo bills,kansas city chiefs,1.5,54.873209854565026,13.198837971623302,Over,0.999973701971486,0.8099524005683898,0.24998530881740424,81.0,1.62,0.999973701971486,2.6298028513949134e-05
10/30/2025,BetRivers,miami dolphins,baltimore ravens,1.5,38.038544874462126,13.198837971623302,Over,0.9971826541663928,0.8049006040411711,0.2484261123583861,81.0,2.3,0.9971826541663928,0.0028173458336071544
10/30/2025,FanDuel,miami dolphins,baltimore ravens,1.5,38.038544874462126,13.198837971623302,Over,0.9971826541663928,0.8049006040411711,0.2484261123583861,81.0,1.63,0.9971826541663928,0.0028173458336071544
10/30/2025,FanDuel,miami dolphins,baltimore ravens,1.5,38.038544874462126,13.198837971623302,Over,0.9971826541663928,0.8049006040411711,0.2484261123583861,81.0,2.24,0.9971826541663928,0.0028173458336071544
10/30/2025,FanDuel,miami dolphins,baltimore ravens,1.5,38.038544874462126,13.198837971623302,Over,0.9971826541663928,0.8049006040411711,0.2484261123583861,81.0,1.93,0.9971826541663928,0.0028173458336071544
10/30/2025,BetRivers,miami dolphins,baltimore ravens,1.5,38.038544874462126,13.198837971623302,Over,0.9971826541663928,0.8049006040411711,0.2484261123583861,81.0,1.66,0.9971826541663928,0.0028173458336071544
10/30/2025,Bovada,miami dolphins,baltimore ravens,1.5,38.038544874462126,13.198837971623302,Over,0.9971826541663928,0.8049006040411711,0.2484261123583861,81.0,1.62,0.9971826541663928,0.0028173458336071544
10/30/2025,FanDuel,miami dolphins,baltimore ravens,1.5,38.038544874462126,13.198837971623302,Over,0.9971826541663928,0.8049006040411711,0.2484261123583861,81.0,2.46,0.9971826541663928,0.0028173458336071544
10/30/2025,FanDuel,miami dolphins,baltimore ravens,1.5,38.038544874462126,13.198837971623302,Over,0.9971826541663928,0.8049006040411711,0.2484261123583861,81.0,2.46,0.9971826541663928,0.0028173458336071544
10/30/2025,FanDuel,miami dolphins,baltimore ravens,1.5,38.038544874462126,13.198837971623302,Over,0.9971826541663928,0.8049006040411711,0.2484261123583861,81.0,1.68,0.9971826541663928,0.0028173458336071544
10/30/2025,FanDuel,miami dolphins,baltimore ravens,1.5,38.038544874462126,13.198837971623302,Over,0.9971826541663928,0.8049006040411711,0.2484261123583861,81.0,1.63,0.9971826541663928,0.0028173458336071544
10/30/2025,FanDuel,miami dolphins,baltimore ravens,1.5,38.038544874462126,13.198837971623302,Over,0.9971826541663928,0.8049006040411711,0.2484261123583861,81.0,2.24,0.9971826541663928,0.0028173458336071544
10/30/2025,FanDuel,miami dolphins,baltimore ravens,1.5,38.038544874462126,13.198837971623302,Over,0.9971826541663928,0.8049006040411711,0.2484261123583861,81.0,1.93,0.9971826541663928,0.0028173458336071544
10/30/2025,BetRivers,miami dolphins,baltimore ravens,1.5,38.038544874462126,13.198837971623302,Over,0.9971826541663928,0.8049006040411711,0.2484261123583861,81.0,2.35,0.9971826541663928,0.0028173458336071544
10/30/2025,BetRivers,miami dolphins,baltimore ravens,1.5,38.038544874462126,13.198837971623302,Over,0.9971826541663928,0.8049006040411711,0.2484261123583861,81.0,1.67,0.9971826541663928,0.0028173458336071544
10/30/2025,FanDuel,miami dolphins,baltimore ravens,1.5,38.038544874462126,13.198837971623302,Over,0.9971826541663928,0.8049006040411711,0.2484261123583861,81.0,1.68,0.9971826541663928,0.0028173458336071544
10/30/2025,Bovada,miami dolphins,baltimore ravens,1.5,38.038544874462126,13.198837971623302,Over,0.9971826541663928,0.8049006040411711,0.2484261123583861,81.0,2.25,0.9971826541663928,0.0028173458336071544
10/30/2025,Bovada,miami dolphins,baltimore ravens,1.5,38.038544874462126,13.198837971623302,Over,0.9971826541663928,0.8049006040411711,0.2484261123583861,81.0,1.62,0.9971826541663928,0.0028173458336071544
10/30/2025,Bovada,miami dolphins,baltimore ravens,1.5,38.038544874462126,13.198837971623302,Over,0.9971826541663928,0.8049006040411711,0.2484261123583861,81.0,1.67,0.9971826541663928,0.0028173458336071544
10/30/2025,Bovada,miami dolphins,baltimore ravens,1.5,38.038544874462126,13.198837971623302,Over,0.9971826541663928,0.8049006040411711,0.2484261123583861,81.0,2.25,0.9971826541663928,0.0028173458336071544
10/30/2025,Bovada,miami dolphins,baltimore ravens,1.5,38.038544874462126,13.198837971623302,Over,0.9971826541663928,0.8049006040411711,0.2484261123583861,81.0,1.67,0.9971826541663928,0.0028173458336071544
10/30/2025,Bovada,miami dolphins,baltimore ravens,1.5,38.038544874462126,13.198837971623302,Over,0.9971826541663928,0.8049006040411711,0.2484261123583861,81.0,2.45,0.9971826541663928,0.0028173458336071544
10/30/2025,Bovada,miami dolphins,baltimore ravens,1.5,38.038544874462126,13.198837971623302,Over,0.9971826541663928,0.8049006040411711,0.2484261123583861,81.0,2.45,0.9971826541663928,0.0028173458336071544
10/30/2025,BetMGM,miami dolphins,baltimore ravens,2.5,38.038544874462126,13.198837971623302,Over,0.9964546159073222,0.8035828547922532,0.24801939962723862,81.0,1.83,0.9964546159073222,0.0035453840926777946
10/30/2025,FanDuel,miami dolphins,baltimore ravens,2.5,38.038544874462126,13.198837971623302,Over,0.9964546159073222,0.8035828547922532,0.24801939962723862,81.0,1.93,0.9964546159073222,0.0035453840926777946
10/30/2025,FanDuel,miami dolphins,baltimore ravens,2.5,38.038544874462126,13.198837971623302,Over,0.9964546159073222,0.8035828547922532,0.24801939962723862,81.0,1.93,0.9964546159073222,0.0035453840926777946
10/30/2025,FanDuel,miami dolphins,baltimore ravens,2.5,38.038544874462126,13.198837971623302,Over,0.9964546159073222,0.8035828547922532,0.24801939962723862,81.0,1.82,0.9964546159073222,0.0035453840926777946
10/30/2025,FanDuel,miami dolphins,baltimore ravens,2.5,38.038544874462126,13.198837971623302,Over,0.9964546159073222,0.8035828547922532,0.24801939962723862,81.0,1.57,0.9964546159073222,0.0035453840926777946
10/30/2025,BetMGM,miami dolphins,baltimore ravens,2.5,38.038544874462126,13.198837971623302,Over,0.9964546159073222,0.8035828547922532,0.24801939962723862,81.0,1.8,0.9964546159073222,0.0035453840926777946
10/30/2025,FanDuel,miami dolphins,baltimore ravens,2.5,38.038544874462126,13.198837971623302,Over,0.9964546159073222,0.8035828547922532,0.24801939962723862,81.0,2.18,0.9964546159073222,0.0035453840926777946
10/30/2025,BetMGM,miami dolphins,baltimore ravens,2.5,38.038544874462126,13.198837971623302,Over,0.9964546159073222,0.8035828547922532,0.24801939962723862,81.0,2.2,0.9964546159073222,0.0035453840926777946
10/30/2025,FanDuel,miami dolphins,baltimore ravens,2.5,38.038544874462126,13.198837971623302,Over,0.9964546159073222,0.8035828547922532,0.24801939962723862,81.0,2.18,0.9964546159073222,0.0035453840926777946
10/30/2025,FanDuel,miami dolphins,baltimore ravens,2.5,38.038544874462126,13.198837971623302,Over,0.9964546159073222,0.8035828547922532,0.24801939962723862,81.0,1.82,0.9964546159073222,0.0035453840926777946
10/30/2025,FanDuel,miami dolphins,baltimore ravens,2.5,38.038544874462126,13.198837971623302,Over,0.9964546159073222,0.8035828547922532,0.24801939962723862,81.0,1.57,0.9964546159073222,0.0035453840926777946
10/30/2025,BetMGM,miami dolphins,baltimore ravens,2.5,38.038544874462126,13.198837971623302,Over,0.9964546159073222,0.8035828547922532,0.24801939962723862,81.0,1.69,0.9964546159073222,0.0035453840926777946
10/30/2025,BetOnline.ag,miami dolphins,baltimore ravens,1.5,38.038544874462126,13.198837971623302,Over,0.9971826541663928,0.7949287774995072,0.24841524296859596,80.0,1.67,0.9971826541663928,0.0028173458336071544
10/30/2025,BetOnline.ag,miami dolphins,baltimore ravens,1.5,38.038544874462126,13.198837971623302,Over,0.9971826541663928,0.7949287774995072,0.24841524296859596,80.0,1.67,0.9971826541663928,0.0028173458336071544
10/30/2025,BetOnline.ag,miami dolphins,baltimore ravens,1.5,38.038544874462126,13.198837971623302,Over,0.9971826541663928,0.7949287774995072,0.24841524296859596,80.0,2.28,0.9971826541663928,0.0028173458336071544
10/30/2025,BetOnline.ag,miami dolphins,baltimore ravens,1.5,38.038544874462126,13.198837971623302,Over,0.9971826541663928,0.7949287774995072,0.24841524296859596,80.0,1.65,0.9971826541663928,0.0028173458336071544
10/30/2025,BetOnline.ag,miami dolphins,baltimore ravens,1.5,38.038544874462126,13.198837971623302,Over,0.9971826541663928,0.7949287774995072,0.24841524296859596,80.0,2.28,0.9971826541663928,0.0028173458336071544
10/30/2025,BetOnline.ag,miami dolphins,baltimore ravens,1.5,38.038544874462126,13.198837971623302,Over,0.9971826541663928,0.7949287774995072,0.24841524296859596,80.0,1.65,0.9971826541663928,0.0028173458336071544
10/30/2025,BetOnline.ag,miami dolphins,baltimore ravens,1.5,38.038544874462126,13.198837971623302,Over,0.9971826541663928,0.7949287774995072,0.24841524296859596,80.0,2.44,0.9971826541663928,0.0028173458336071544
10/30/2025,BetOnline.ag,miami dolphins,baltimore ravens,1.5,38.038544874462126,13.198837971623302,Over,0.9971826541663928,0.7949287774995072,0.24841524296859596,80.0,2.44,0.9971826541663928,0.0028173458336071544
10/30/2025,BetOnline.ag,miami dolphins,baltimore ravens,1.5,38.038544874462126,13.198837971623302,Over,0.9971826541663928,0.7949287774995072,0.24841524296859596,80.0,2.44,0.9971826541663928,0.0028173458336071544
10/30/2025,BetOnline.ag,miami dolphins,baltimore ravens,1.5,38.038544874462126,13.198837971623302,Over,0.9971826541663928,0.7949287774995072,0.24841524296859596,80.0,1.67,0.9971826541663928,0.0028173458336071544
10/30/2025,BetOnline.ag,miami dolphins,baltimore ravens,1.5,38.038544874462126,13.198837971623302,Over,0.9971826541663928,0.7949287774995072,0.24841524296859596,80.0,1.67,0.9971826541663928,0.0028173458336071544
10/30/2025,BetOnline.ag,miami dolphins,baltimore ravens,1.5,38.038544874462126,13.198837971623302,Over,0.9971826541663928,0.7949287774995072,0.24841524296859596,80.0,2.28,0.9971826541663928,0.0028173458336071544
10/30/2025,BetOnline.ag,miami dolphins,baltimore ravens,1.5,38.038544874462126,13.198837971623302,Over,0.9971826541663928,0.7949287774995072,0.24841524296859596,80.0,2.44,0.9971826541663928,0.0028173458336071544
10/30/2025,BetOnline.ag,miami dolphins,baltimore ravens,1.5,38.038544874462126,13.198837971623302,Over,0.9971826541663928,0.7949287774995072,0.24841524296859596,80.0,1.65,0.9971826541663928,0.0028173458336071544
10/30/2025,BetOnline.ag,miami dolphins,baltimore ravens,1.5,38.038544874462126,13.198837971623302,Over,0.9971826541663928,0.7949287774995072,0.24841524296859596,80.0,1.65,0.9971826541663928,0.0028173458336071544
10/30/2025,BetOnline.ag,miami dolphins,baltimore ravens,1.5,38.038544874462126,13.198837971623302,Over,0.9971826541663928,0.7949287774995072,0.24841524296859596,80.0,2.28,0.9971826541663928,0.0028173458336071544
10/30/2025,DraftKings,miami dolphins,baltimore ravens,1.5,38.038544874462126,13.198837971623302,Over,0.9971826541663928,0.7550414713328514,0.24836890504370115,76.0,1.64,0.9971826541663928,0.0028173458336071544
10/30/2025,DraftKings,miami dolphins,baltimore ravens,1.5,38.038544874462126,13.198837971623302,Over,0.9971826541663928,0.7550414713328514,0.24836890504370115,76.0,2.47,0.9971826541663928,0.0028173458336071544
10/30/2025,BetRivers,miami dolphins,baltimore ravens,1.5,38.038544874462126,13.198837971623302,Over,0.9971826541663928,0.7550414713328514,0.24836890504370115,76.0,1.67,0.9971826541663928,0.0028173458336071544
10/30/2025,BetRivers,miami dolphins,baltimore ravens,1.5,38.038544874462126,13.198837971623302,Over,0.9971826541663928,0.7550414713328514,0.24836890504370115,76.0,2.3,0.9971826541663928,0.0028173458336071544
10/30/2025,BetRivers,miami dolphins,baltimore ravens,1.5,38.038544874462126,13.198837971623302,Over,0.9971826541663928,0.7550414713328514,0.24836890504370115,76.0,2.35,0.9971826541663928,0.0028173458336071544
10/30/2025,BetRivers,miami dolphins,baltimore ravens,1.5,38.038544874462126,13.198837971623302,Over,0.9971826541663928,0.7550414713328514,0.24836890504370115,76.0,1.66,0.9971826541663928,0.0028173458336071544
10/30/2025,DraftKings,miami dolphins,baltimore ravens,1.5,38.038544874462126,13.198837971623302,Over,0.9971826541663928,0.7550414713328514,0.24836890504370115,76.0,1.67,0.9971826541663928,0.0028173458336071544
10/30/2025,DraftKings,miami dolphins,baltimore ravens,1.5,38.038544874462126,13.198837971623302,Over,0.9971826541663928,0.7550414713328514,0.24836890504370115,76.0,1.98,0.9971826541663928,0.0028173458336071544
10/30/2025,DraftKings,miami dolphins,baltimore ravens,1.5,38.038544874462126,13.198837971623302,Over,0.9971826541663928,0.7550414713328514,0.24836890504370115,76.0,2.26,0.9971826541663928,0.0028173458336071544
10/30/2025,BetRivers,miami dolphins,baltimore ravens,2.5,38.038544874462126,13.198837971623302,Over,0.9964546159073222,0.7537601239968871,0.24794740920950237,76.0,2.38,0.9964546159073222,0.0035453840926777946
10/30/2025,Bovada,miami dolphins,baltimore ravens,2.5,38.038544874462126,13.198837971623302,Over,0.9964546159073222,0.7537601239968871,0.24794740920950237,76.0,1.59,0.9964546159073222,0.0035453840926777946
10/30/2025,Bovada,miami dolphins,baltimore ravens,2.5,38.038544874462126,13.198837971623302,Over,0.9964546159073222,0.7537601239968871,0.24794740920950237,76.0,1.83,0.9964546159073222,0.0035453840926777946
10/30/2025,BetRivers,miami dolphins,baltimore ravens,2.5,38.038544874462126,13.198837971623302,Over,0.9964546159073222,0.7537601239968871,0.24794740920950237,76.0,1.81,0.9964546159073222,0.0035453840926777946
10/30/2025,BetRivers,miami dolphins,baltimore ravens,2.5,38.038544874462126,13.198837971623302,Over,0.9964546159073222,0.7537601239968871,0.24794740920950237,76.0,1.97,0.9964546159073222,0.0035453840926777946
10/30/2025,Bovada,miami dolphins,baltimore ravens,2.5,38.038544874462126,13.198837971623302,Over,0.9964546159073222,0.7537601239968871,0.24794740920950237,76.0,2.2,0.9964546159073222,0.0035453840926777946
10/30/2025,BetRivers,miami dolphins,baltimore ravens,2.5,38.038544874462126,13.198837971623302,Over,0.9964546159073222,0.7537601239968871,0.24794740920950237,76.0,1.66,0.9964546159073222,0.0035453840926777946
10/30/2025,Bovada,miami dolphins,baltimore ravens,2.5,38.038544874462126,13.198837971623302,Over,0.9964546159073222,0.7537601239968871,0.24794740920950237,76.0,1.83,0.9964546159073222,0.0035453840926777946
11/2/2025,FanDuel,buffalo bills,kansas city chiefs,1.5,54.873209854565026,13.198837971623302,Over,0.999973701971486,0.7099550303712411,0.24998416562367648,71.0,2.36,0.999973701971486,2.6298028513949134e-05
11/2/2025,FanDuel,buffalo bills,kansas city chiefs,1.5,54.873209854565026,13.198837971623302,Over,0.999973701971486,0.7099550303712411,0.24998416562367648,71.0,1.62,0.999973701971486,2.6298028513949134e-05
11/2/2025,FanDuel,buffalo bills,kansas city chiefs,1.5,54.873209854565026,13.198837971623302,Over,0.999973701971486,0.7099550303712411,0.24998416562367648,71.0,2.36,0.999973701971486,2.6298028513949134e-05
11/2/2025,FanDuel,buffalo bills,kansas city chiefs,1.5,54.873209854565026,13.198837971623302,Over,0.999973701971486,0.7099550303712411,0.24998416562367648,71.0,1.62,0.999973701971486,2.6298028513949134e-05
11/2/2025,FanDuel,buffalo bills,kansas city chiefs,1.5,54.873209854565026,13.198837971623302,Over,0.999973701971486,0.7099550303712411,0.24998416562367648,71.0,1.88,0.999973701971486,2.6298028513949134e-05
11/2/2025,FanDuel,buffalo bills,kansas city chiefs,1.5,54.873209854565026,13.198837971623302,Over,0.999973701971486,0.7099550303712411,0.24998416562367648,71.0,2.16,0.999973701971486,2.6298028513949134e-05
11/2/2025,FanDuel,buffalo bills,kansas city chiefs,1.5,54.873209854565026,13.198837971623302,Over,0.999973701971486,0.7099550303712411,0.24998416562367648,71.0,1.88,0.999973701971486,2.6298028513949134e-05
11/2/2025,FanDuel,buffalo bills,kansas city chiefs,1.5,54.873209854565026,13.198837971623302,Over,0.999973701971486,0.7099550303712411,0.24998416562367648,71.0,2.16,0.999973701971486,2.6298028513949134e-05
10/30/2025,BetMGM,miami dolphins,baltimore ravens,1.5,38.038544874462126,13.198837971623302,Over,0.9971826541663928,0.6652950324578761,0.24824441509622233,67.0,2.1,0.9971826541663928,0.0028173458336071544
10/30/2025,BetMGM,miami dolphins,baltimore ravens,1.5,38.038544874462126,13.198837971623302,Over,0.9971826541663928,0.6652950324578761,0.24824441509622233,67.0,1.65,0.9971826541663928,0.0028173458336071544
10/30/2025,BetMGM,miami dolphins,baltimore ravens,1.5,38.038544874462126,13.198837971623302,Over,0.9971826541663928,0.6652950324578761,0.24824441509622233,67.0,2.45,0.9971826541663928,0.0028173458336071544
10/30/2025,BetMGM,miami dolphins,baltimore ravens,1.5,38.038544874462126,13.198837971623302,Over,0.9971826541663928,0.6652950324578761,0.24824441509622233,67.0,1.65,0.9971826541663928,0.0028173458336071544
10/30/2025,BetMGM,miami dolphins,baltimore ravens,1.5,38.038544874462126,13.198837971623302,Over,0.9971826541663928,0.6652950324578761,0.24824441509622233,67.0,2.35,0.9971826541663928,0.0028173458336071544
10/30/2025,BetMGM,miami dolphins,baltimore ravens,1.5,38.038544874462126,13.198837971623302,Over,0.9971826541663928,0.6652950324578761,0.24824441509622233,67.0,2.45,0.9971826541663928,0.0028173458336071544
10/30/2025,BetMGM,miami dolphins,baltimore ravens,1.5,38.038544874462126,13.198837971623302,Over,0.9971826541663928,0.6652950324578761,0.24824441509622233,67.0,2.1,0.9971826541663928,0.0028173458336071544
10/30/2025,BetMGM,miami dolphins,baltimore ravens,1.5,38.038544874462126,13.198837971623302,Over,0.9971826541663928,0.6652950324578761,0.24824441509622233,67.0,1.95,0.9971826541663928,0.0028173458336071544
10/30/2025,BetMGM,miami dolphins,baltimore ravens,1.5,38.038544874462126,13.198837971623302,Over,0.9971826541663928,0.6652950324578761,0.24824441509622233,67.0,1.65,0.9971826541663928,0.0028173458336071544
10/30/2025,BetMGM,miami dolphins,baltimore ravens,1.5,38.038544874462126,13.198837971623302,Over,0.9971826541663928,0.6652950324578761,0.24824441509622233,67.0,1.74,0.9971826541663928,0.0028173458336071544
10/30/2025,BetMGM,miami dolphins,baltimore ravens,1.5,38.038544874462126,13.198837971623302,Over,0.9971826541663928,0.6652950324578761,0.24824441509622233,67.0,1.65,0.9971826541663928,0.0028173458336071544
10/30/2025,BetMGM,miami dolphins,baltimore ravens,1.5,38.038544874462126,13.198837971623302,Over,0.9971826541663928,0.6652950324578761,0.24824441509622233,67.0,2.35,0.9971826541663928,0.0028173458336071544
10/30/2025,BetMGM,miami dolphins,baltimore ravens,1.5,38.038544874462126,13.198837971623302,Over,0.9971826541663928,0.6652950324578761,0.24824441509622233,67.0,1.95,0.9971826541663928,0.0028173458336071544
10/30/2025,BetMGM,miami dolphins,baltimore ravens,1.5,38.038544874462126,13.198837971623302,Over,0.9971826541663928,0.6652950324578761,0.24824441509622233,67.0,1.65,0.9971826541663928,0.0028173458336071544
10/30/2025,BetMGM,miami dolphins,baltimore ravens,1.5,38.038544874462126,13.198837971623302,Over,0.9971826541663928,0.6652950324578761,0.24824441509622233,67.0,1.74,0.9971826541663928,0.0028173458336071544
10/30/2025,BetMGM,miami dolphins,baltimore ravens,1.5,38.038544874462126,13.198837971623302,Over,0.9971826541663928,0.6652950324578761,0.24824441509622233,67.0,1.95,0.9971826541663928,0.0028173458336071544
10/30/2025,BetMGM,miami dolphins,baltimore ravens,1.5,38.038544874462126,13.198837971623302,Over,0.9971826541663928,0.6652950324578761,0.24824441509622233,67.0,2.35,0.9971826541663928,0.0028173458336071544
10/30/2025,BetMGM,miami dolphins,baltimore ravens,1.5,38.038544874462126,13.198837971623302,Over,0.9971826541663928,0.6652950324578761,0.24824441509622233,67.0,1.65,0.9971826541663928,0.0028173458336071544
10/30/2025,BetMGM,miami dolphins,baltimore ravens,1.5,38.038544874462126,13.198837971623302,Over,0.9971826541663928,0.6652950324578761,0.24824441509622233,67.0,2.45,0.9971826541663928,0.0028173458336071544
10/30/2025,BetMGM,miami dolphins,baltimore ravens,1.5,38.038544874462126,13.198837971623302,Over,0.9971826541663928,0.6652950324578761,0.24824441509622233,67.0,1.74,0.9971826541663928,0.0028173458336071544
10/30/2025,BetMGM,miami dolphins,baltimore ravens,1.5,38.038544874462126,13.198837971623302,Over,0.9971826541663928,0.6652950324578761,0.24824441509622233,67.0,2.1,0.9971826541663928,0.0028173458336071544
10/30/2025,BetMGM,miami dolphins,baltimore ravens,2.5,38.038544874462126,13.198837971623302,Over,0.9964546159073222,0.6640792085652282,0.24779074946463733,67.0,1.69,0.9964546159073222,0.0035453840926777946
10/30/2025,BetMGM,miami dolphins,baltimore ravens,2.5,38.038544874462126,13.198837971623302,Over,0.9964546159073222,0.6640792085652282,0.24779074946463733,67.0,2.2,0.9964546159073222,0.0035453840926777946
10/30/2025,BetMGM,miami dolphins,baltimore ravens,2.5,38.038544874462126,13.198837971623302,Over,0.9964546159073222,0.6640792085652282,0.24779074946463733,67.0,1.8,0.9964546159073222,0.0035453840926777946
10/30/2025,BetMGM,miami dolphins,baltimore ravens,2.5,38.038544874462126,13.198837971623302,Over,0.9964546159073222,0.6640792085652282,0.24779074946463733,67.0,1.83,0.9964546159073222,0.0035453840926777946
10/30/2025,DraftKings,miami dolphins,baltimore ravens,1.5,38.038544874462126,13.198837971623302,Over,0.9971826541663928,0.6553232059162122,0.2482284870894743,66.0,1.98,0.9971826541663928,0.0028173458336071544
10/30/2025,DraftKings,miami dolphins,baltimore ravens,1.5,38.038544874462126,13.198837971623302,Over,0.9971826541663928,0.6553232059162122,0.2482284870894743,66.0,1.67,0.9971826541663928,0.0028173458336071544
10/30/2025,DraftKings,miami dolphins,baltimore ravens,1.5,38.038544874462126,13.198837971623302,Over,0.9971826541663928,0.6553232059162122,0.2482284870894743,66.0,2.26,0.9971826541663928,0.0028173458336071544
10/30/2025,DraftKings,miami dolphins,baltimore ravens,1.5,38.038544874462126,13.198837971623302,Over,0.9971826541663928,0.6553232059162122,0.2482284870894743,66.0,2.47,0.9971826541663928,0.0028173458336071544
10/30/2025,DraftKings,miami dolphins,baltimore ravens,1.5,38.038544874462126,13.198837971623302,Over,0.9971826541663928,0.6553232059162122,0.2482284870894743,66.0,1.64,0.9971826541663928,0.0028173458336071544
10/30/2025,DraftKings,miami dolphins,baltimore ravens,2.5,38.038544874462126,13.198837971623302,Over,0.9964546159073222,0.6541146624061549,0.24777070545687685,66.0,1.79,0.9964546159073222,0.0035453840926777946
10/30/2025,DraftKings,miami dolphins,baltimore ravens,2.5,38.038544874462126,13.198837971623302,Over,0.9964546159073222,0.6541146624061549,0.24777070545687685,66.0,1.62,0.9964546159073222,0.0035453840926777946
10/30/2025,DraftKings,miami dolphins,baltimore ravens,2.5,38.038544874462126,13.198837971623302,Over,0.9964546159073222,0.6541146624061549,0.24777070545687685,66.0,1.99,0.9964546159073222,0.0035453840926777946
10/30/2025,DraftKings,miami dolphins,baltimore ravens,2.5,38.038544874462126,13.198837971623302,Over,0.9964546159073222,0.6541146624061549,0.24777070545687685,66.0,2.25,0.9964546159073222,0.0035453840926777946
10/30/2025,BetOnline.ag,miami dolphins,baltimore ravens,1.5,38.038544874462126,13.198837971623302,Over,0.9971826541663928,0.6453513793745482,0.24821206899021075,65.0,1.67,0.9971826541663928,0.0028173458336071544
10/30/2025,BetOnline.ag,miami dolphins,baltimore ravens,1.5,38.038544874462126,13.198837971623302,Over,0.9971826541663928,0.6453513793745482,0.24821206899021075,65.0,2.28,0.9971826541663928,0.0028173458336071544
10/30/2025,BetOnline.ag,miami dolphins,baltimore ravens,1.5,38.038544874462126,13.198837971623302,Over,0.9971826541663928,0.6453513793745482,0.24821206899021075,65.0,1.65,0.9971826541663928,0.0028173458336071544
10/30/2025,BetOnline.ag,miami dolphins,baltimore ravens,1.5,38.038544874462126,13.198837971623302,Over,0.9971826541663928,0.6453513793745482,0.24821206899021075,65.0,2.44,0.9971826541663928,0.0028173458336071544
10/30/2025,BetOnline.ag,miami dolphins,baltimore ravens,2.5,38.038544874462126,13.198837971623302,Over,0.9964546159073222,0.6441501162470816,0.24775004471041595,65.0,1.59,0.9964546159073222,0.0035453840926777946
10/30/2025,BetOnline.ag,miami dolphins,baltimore ravens,2.5,38.038544874462126,13.198837971623302,Over,0.9964546159073222,0.6441501162470816,0.24775004471041595,65.0,1.91,0.9964546159073222,0.0035453840926777946
10/30/2025,BetOnline.ag,miami dolphins,baltimore ravens,2.5,38.038544874462126,13.198837971623302,Over,0.9964546159073222,0.6441501162470816,0.24775004471041595,65.0,2.21,0.9964546159073222,0.0035453840926777946
10/30/2025,BetOnline.ag,miami dolphins,baltimore ravens,2.5,38.038544874462126,13.198837971623302,Over,0.9964546159073222,0.6441501162470816,0.24775004471041595,65.0,2.21,0.9964546159073222,0.0035453840926777946
10/30/2025,BetOnline.ag,miami dolphins,baltimore ravens,2.5,38.038544874462126,13.198837971623302,Over,0.9964546159073222,0.6441501162470816,0.24775004471041595,65.0,1.91,0.9964546159073222,0.0035453840926777946
10/30/2025,BetOnline.ag,miami dolphins,baltimore ravens,2.5,38.038544874462126,13.198837971623302,Over,0.9964546159073222,0.6441501162470816,0.24775004471041595,65.0,1.8,0.9964546159073222,0.0035453840926777946
10/30/2025,BetOnline.ag,miami dolphins,baltimore ravens,2.5,38.038544874462126,13.198837971623302,Over,0.9964546159073222,0.6441501162470816,0.24775004471041595,65.0,1.59,0.9964546159073222,0.0035453840926777946
10/30/2025,BetOnline.ag,miami dolphins,baltimore ravens,2.5,38.038544874462126,13.198837971623302,Over,0.9964546159073222,0.6441501162470816,0.24775004471041595,65.0,1.8,0.9964546159073222,0.0035453840926777946
11/2/2025,FanDuel,buffalo bills,kansas city chiefs,1.5,54.873209854565026,13.198837971623302,Over,0.999973701971486,0.6099576601740925,0.24998264761233294,61.0,2.16,0.999973701971486,2.6298028513949134e-05
11/2/2025,FanDuel,buffalo bills,kansas city chiefs,1.5,54.873209854565026,13.198837971623302,Over,0.999973701971486,0.6099576601740925,0.24998264761233294,61.0,2.36,0.999973701971486,2.6298028513949134e-05
11/2/2025,FanDuel,buffalo bills,kansas city chiefs,1.5,54.873209854565026,13.198837971623302,Over,0.999973701971486,0.6099576601740925,0.24998264761233294,61.0,1.88,0.999973701971486,2.6298028513949134e-05
11/2/2025,FanDuel,buffalo bills,kansas city chiefs,1.5,54.873209854565026,13.198837971623302,Over,0.999973701971486,0.6099576601740925,0.24998264761233294,61.0,1.62,0.999973701971486,2.6298028513949134e-05
11/2/2025,FanDuel,buffalo bills,kansas city chiefs,2.5,54.87320985456503,13.198837971623302,Over,0.9999637633759754,0.6099416590353204,0.24997608976857383,61.0,1.41,0.9999637633759754,3.623662402463257e-05
10/30/2025,DraftKings,miami dolphins,baltimore ravens,1.5,38.038544874462126,13.198837971623302,Over,0.9971826541663928,0.6054640732078924,0.248141013609792,61.0,2.26,0.9971826541663928,0.0028173458336071544
10/30/2025,DraftKings,miami dolphins,baltimore ravens,1.5,38.038544874462126,13.198837971623302,Over,0.9971826541663928,0.6054640732078924,0.248141013609792,61.0,1.64,0.9971826541663928,0.0028173458336071544
10/30/2025,DraftKings,miami dolphins,baltimore ravens,1.5,38.038544874462126,13.198837971623302,Over,0.9971826541663928,0.6054640732078924,0.248141013609792,61.0,1.67,0.9971826541663928,0.0028173458336071544
10/30/2025,FanDuel,miami dolphins,baltimore ravens,1.5,38.038544874462126,13.198837971623302,Over,0.9971826541663928,0.6054640732078924,0.248141013609792,61.0,2.24,0.9971826541663928,0.0028173458336071544
10/30/2025,DraftKings,miami dolphins,baltimore ravens,1.5,38.038544874462126,13.198837971623302,Over,0.9971826541663928,0.6054640732078924,0.248141013609792,61.0,2.47,0.9971826541663928,0.0028173458336071544
10/30/2025,DraftKings,miami dolphins,baltimore ravens,1.5,38.038544874462126,13.198837971623302,Over,0.9971826541663928,0.6054640732078924,0.248141013609792,61.0,1.98,0.9971826541663928,0.0028173458336071544
10/30/2025,DraftKings,miami dolphins,baltimore ravens,1.5,38.038544874462126,13.198837971623302,Over,0.9971826541663928,0.6054640732078924,0.248141013609792,61.0,2.26,0.9971826541663928,0.0028173458336071544
10/30/2025,DraftKings,miami dolphins,baltimore ravens,1.5,38.038544874462126,13.198837971623302,Over,0.9971826541663928,0.6054640732078924,0.248141013609792,61.0,1.67,0.9971826541663928,0.0028173458336071544
10/30/2025,DraftKings,miami dolphins,baltimore ravens,1.5,38.038544874462126,13.198837971623302,Over,0.9971826541663928,0.6054640732078924,0.248141013609792,61.0,2.47,0.9971826541663928,0.0028173458336071544
10/30/2025,BetRivers,miami dolphins,baltimore ravens,1.5,38.038544874462126,13.198837971623302,Over,0.9971826541663928,0.6054640732078924,0.248141013609792,61.0,1.67,0.9971826541663928,0.0028173458336071544
10/30/2025,BetRivers,miami dolphins,baltimore ravens,1.5,38.038544874462126,13.198837971623302,Over,0.9971826541663928,0.6054640732078924,0.248141013609792,61.0,2.3,0.9971826541663928,0.0028173458336071544
10/30/2025,BetRivers,miami dolphins,baltimore ravens,1.5,38.038544874462126,13.198837971623302,Over,0.9971826541663928,0.6054640732078924,0.248141013609792,61.0,2.35,0.9971826541663928,0.0028173458336071544
10/30/2025,BetRivers,miami dolphins,baltimore ravens,1.5,38.038544874462126,13.198837971623302,Over,0.9971826541663928,0.6054640732078924,0.248141013609792,61.0,1.66,0.9971826541663928,0.0028173458336071544
10/30/2025,BetRivers,miami dolphins,baltimore ravens,1.5,38.038544874462126,13.198837971623302,Over,0.9971826541663928,0.6054640732078924,0.248141013609792,61.0,1.67,0.9971826541663928,0.0028173458336071544
10/30/2025,BetRivers,miami dolphins,baltimore ravens,1.5,38.038544874462126,13.198837971623302,Over,0.9971826541663928,0.6054640732078924,0.248141013609792,61.0,2.3,0.9971826541663928,0.0028173458336071544
10/30/2025,BetRivers,miami dolphins,baltimore ravens,1.5,38.038544874462126,13.198837971623302,Over,0.9971826541663928,0.6054640732078924,0.248141013609792,61.0,2.35,0.9971826541663928,0.0028173458336071544
10/30/2025,BetRivers,miami dolphins,baltimore ravens,1.5,38.038544874462126,13.198837971623302,Over,0.9971826541663928,0.6054640732078924,0.248141013609792,61.0,1.66,0.9971826541663928,0.0028173458336071544
10/30/2025,DraftKings,miami dolphins,baltimore ravens,1.5,38.038544874462126,13.198837971623302,Over,0.9971826541663928,0.6054640732078924,0.248141013609792,61.0,1.64,0.9971826541663928,0.0028173458336071544
10/30/2025,FanDuel,miami dolphins,baltimore ravens,1.5,38.038544874462126,13.198837971623302,Over,0.9971826541663928,0.6054640732078924,0.248141013609792,61.0,1.93,0.9971826541663928,0.0028173458336071544
10/30/2025,DraftKings,miami dolphins,baltimore ravens,1.5,38.038544874462126,13.198837971623302,Over,0.9971826541663928,0.6054640732078924,0.248141013609792,61.0,1.98,0.9971826541663928,0.0028173458336071544
10/30/2025,DraftKings,miami dolphins,baltimore ravens,1.5,38.038544874462126,13.198837971623302,Over,0.9971826541663928,0.6054640732078924,0.248141013609792,61.0,1.67,0.9971826541663928,0.0028173458336071544
10/30/2025,FanDuel,miami dolphins,baltimore ravens,1.5,38.038544874462126,13.198837971623302,Over,0.9971826541663928,0.6054640732078924,0.248141013609792,61.0,1.63,0.9971826541663928,0.0028173458336071544
10/30/2025,FanDuel,miami dolphins,baltimore ravens,1.5,38.038544874462126,13.198837971623302,Over,0.9971826541663928,0.6054640732078924,0.248141013609792,61.0,1.68,0.9971826541663928,0.0028173458336071544
10/30/2025,FanDuel,miami dolphins,baltimore ravens,1.5,38.038544874462126,13.198837971623302,Over,0.9971826541663928,0.6054640732078924,0.248141013609792,61.0,2.46,0.9971826541663928,0.0028173458336071544
10/30/2025,DraftKings,miami dolphins,baltimore ravens,1.5,38.038544874462126,13.198837971623302,Over,0.9971826541663928,0.6054640732078924,0.248141013609792,61.0,1.98,0.9971826541663928,0.0028173458336071544
10/30/2025,DraftKings,miami dolphins,baltimore ravens,1.5,38.038544874462126,13.198837971623302,Over,0.9971826541663928,0.6054640732078924,0.248141013609792,61.0,2.26,0.9971826541663928,0.0028173458336071544
10/30/2025,DraftKings,miami dolphins,baltimore ravens,1.5,38.038544874462126,13.198837971623302,Over,0.9971826541663928,0.6054640732078924,0.248141013609792,61.0,1.64,0.9971826541663928,0.0028173458336071544
10/30/2025,DraftKings,miami dolphins,baltimore ravens,1.5,38.038544874462126,13.198837971623302,Over,0.9971826541663928,0.6054640732078924,0.248141013609792,61.0,2.47,0.9971826541663928,0.0028173458336071544
10/30/2025,Bovada,miami dolphins,baltimore ravens,2.5,38.038544874462126,13.198837971623302,Over,0.9964546159073222,0.6042919316107888,0.2476606277093396,61.0,1.59,0.9964546159073222,0.0035453840926777946
10/30/2025,Bovada,miami dolphins,baltimore ravens,2.5,38.038544874462126,13.198837971623302,Over,0.9964546159073222,0.6042919316107888,0.2476606277093396,61.0,1.83,0.9964546159073222,0.0035453840926777946
10/30/2025,Bovada,miami dolphins,baltimore ravens,2.5,38.038544874462126,13.198837971623302,Over,0.9964546159073222,0.6042919316107888,0.2476606277093396,61.0,2.2,0.9964546159073222,0.0035453840926777946
10/30/2025,Bovada,miami dolphins,baltimore ravens,2.5,38.038544874462126,13.198837971623302,Over,0.9964546159073222,0.6042919316107888,0.2476606277093396,61.0,1.83,0.9964546159073222,0.0035453840926777946
10/30/2025,FanDuel,miami dolphins,baltimore ravens,1.5,38.038544874462126,13.198837971623302,Over,0.9971826541663928,0.5556049404995729,0.24803791986588072,56.0,2.24,0.9971826541663928,0.0028173458336071544
10/30/2025,DraftKings,miami dolphins,baltimore ravens,1.5,38.038544874462126,13.198837971623302,Over,0.9971826541663928,0.5556049404995729,0.24803791986588072,56.0,1.67,0.9971826541663928,0.0028173458336071544
10/30/2025,DraftKings,miami dolphins,baltimore ravens,1.5,38.038544874462126,13.198837971623302,Over,0.9971826541663928,0.5556049404995729,0.24803791986588072,56.0,2.47,0.9971826541663928,0.0028173458336071544
10/30/2025,FanDuel,miami dolphins,baltimore ravens,1.5,38.038544874462126,13.198837971623302,Over,0.9971826541663928,0.5556049404995729,0.24803791986588072,56.0,1.93,0.9971826541663928,0.0028173458336071544
10/30/2025,FanDuel,miami dolphins,baltimore ravens,1.5,38.038544874462126,13.198837971623302,Over,0.9971826541663928,0.5556049404995729,0.24803791986588072,56.0,2.24,0.9971826541663928,0.0028173458336071544
10/30/2025,FanDuel,miami dolphins,baltimore ravens,1.5,38.038544874462126,13.198837971623302,Over,0.9971826541663928,0.5556049404995729,0.24803791986588072,56.0,1.63,0.9971826541663928,0.0028173458336071544
10/30/2025,DraftKings,miami dolphins,baltimore ravens,1.5,38.038544874462126,13.198837971623302,Over,0.9971826541663928,0.5556049404995729,0.24803791986588072,56.0,1.64,0.9971826541663928,0.0028173458336071544
10/30/2025,FanDuel,miami dolphins,baltimore ravens,1.5,38.038544874462126,13.198837971623302,Over,0.9971826541663928,0.5556049404995729,0.24803791986588072,56.0,1.63,0.9971826541663928,0.0028173458336071544
10/30/2025,DraftKings,miami dolphins,baltimore ravens,1.5,38.038544874462126,13.198837971623302,Over,0.9971826541663928,0.5556049404995729,0.24803791986588072,56.0,2.26,0.9971826541663928,0.0028173458336071544
10/30/2025,DraftKings,miami dolphins,baltimore ravens,1.5,38.038544874462126,13.198837971623302,Over,0.9971826541663928,0.5556049404995729,0.24803791986588072,56.0,1.98,0.9971826541663928,0.0028173458336071544
10/30/2025,DraftKings,miami dolphins,baltimore ravens,1.5,38.038544874462126,13.198837971623302,Over,0.9971826541663928,0.5556049404995729,0.24803791986588072,56.0,1.67,0.9971826541663928,0.0028173458336071544
10/30/2025,FanDuel,miami dolphins,baltimore ravens,1.5,38.038544874462126,13.198837971623302,Over,0.9971826541663928,0.5556049404995729,0.24803791986588072,56.0,1.68,0.9971826541663928,0.0028173458336071544
10/30/2025,FanDuel,miami dolphins,baltimore ravens,1.5,38.038544874462126,13.198837971623302,Over,0.9971826541663928,0.5556049404995729,0.24803791986588072,56.0,2.46,0.9971826541663928,0.0028173458336071544
10/30/2025,FanDuel,miami dolphins,baltimore ravens,1.5,38.038544874462126,13.198837971623302,Over,0.9971826541663928,0.5556049404995729,0.24803791986588072,56.0,1.93,0.9971826541663928,0.0028173458336071544
10/30/2025,FanDuel,miami dolphins,baltimore ravens,1.5,38.038544874462126,13.198837971623302,Over,0.9971826541663928,0.5556049404995729,0.24803791986588072,56.0,2.46,0.9971826541663928,0.0028173458336071544
10/30/2025,DraftKings,miami dolphins,baltimore ravens,1.5,38.038544874462126,13.198837971623302,Over,0.9971826541663928,0.5556049404995729,0.24803791986588072,56.0,1.98,0.9971826541663928,0.0028173458336071544
10/30/2025,FanDuel,miami dolphins,baltimore ravens,1.5,38.038544874462126,13.198837971623302,Over,0.9971826541663928,0.5556049404995729,0.24803791986588072,56.0,1.68,0.9971826541663928,0.0028173458336071544
10/30/2025,DraftKings,miami dolphins,baltimore ravens,1.5,38.038544874462126,13.198837971623302,Over,0.9971826541663928,0.5556049404995729,0.24803791986588072,56.0,2.26,0.9971826541663928,0.0028173458336071544
10/30/2025,DraftKings,miami dolphins,baltimore ravens,1.5,38.038544874462126,13.198837971623302,Over,0.9971826541663928,0.5556049404995729,0.24803791986588072,56.0,1.64,0.9971826541663928,0.0028173458336071544
10/30/2025,BetRivers,miami dolphins,baltimore ravens,1.5,38.038544874462126,13.198837971623302,Over,0.9971826541663928,0.5556049404995729,0.24803791986588072,56.0,1.67,0.9971826541663928,0.0028173458336071544
10/30/2025,BetRivers,miami dolphins,baltimore ravens,1.5,38.038544874462126,13.198837971623302,Over,0.9971826541663928,0.5556049404995729,0.24803791986588072,56.0,2.3,0.9971826541663928,0.0028173458336071544
10/30/2025,BetRivers,miami dolphins,baltimore ravens,1.5,38.038544874462126,13.198837971623302,Over,0.9971826541663928,0.5556049404995729,0.24803791986588072,56.0,2.35,0.9971826541663928,0.0028173458336071544
10/30/2025,BetRivers,miami dolphins,baltimore ravens,1.5,38.038544874462126,13.198837971623302,Over,0.9971826541663928,0.5556049404995729,0.24803791986588072,56.0,1.66,0.9971826541663928,0.0028173458336071544
10/30/2025,DraftKings,miami dolphins,baltimore ravens,1.5,38.038544874462126,13.198837971623302,Over,0.9971826541663928,0.5556049404995729,0.24803791986588072,56.0,2.47,0.9971826541663928,0.0028173458336071544
10/30/2025,BetRivers,miami dolphins,baltimore ravens,2.5,38.038544874462126,13.198837971623302,Over,0.9964546159073222,0.5544692008154227,0.24753089322117078,56.0,1.81,0.9964546159073222,0.0035453840926777946
10/30/2025,BetRivers,miami dolphins,baltimore ravens,2.5,38.038544874462126,13.198837971623302,Over,0.9964546159073222,0.5544692008154227,0.24753089322117078,56.0,2.38,0.9964546159073222,0.0035453840926777946
10/30/2025,BetRivers,miami dolphins,baltimore ravens,2.5,38.038544874462126,13.198837971623302,Over,0.9964546159073222,0.5544692008154227,0.24753089322117078,56.0,1.97,0.9964546159073222,0.0035453840926777946
10/30/2025,BetRivers,miami dolphins,baltimore ravens,2.5,38.038544874462126,13.198837971623302,Over,0.9964546159073222,0.5544692008154227,0.24753089322117078,56.0,1.66,0.9964546159073222,0.0035453840926777946
10/30/2025,FanDuel,miami dolphins,baltimore ravens,2.5,38.038544874462126,13.198837971623302,Over,0.9964546159073222,0.5544692008154227,0.24753089322117078,56.0,1.93,0.9964546159073222,0.0035453840926777946
10/30/2025,DraftKings,miami dolphins,baltimore ravens,2.5,38.038544874462126,13.198837971623302,Over,0.9964546159073222,0.5544692008154227,0.24753089322117078,56.0,2.25,0.9964546159073222,0.0035453840926777946
10/30/2025,FanDuel,miami dolphins,baltimore ravens,2.5,38.038544874462126,13.198837971623302,Over,0.9964546159073222,0.5544692008154227,0.24753089322117078,56.0,1.82,0.9964546159073222,0.0035453840926777946
10/30/2025,FanDuel,miami dolphins,baltimore ravens,2.5,38.038544874462126,13.198837971623302,Over,0.9964546159073222,0.5544692008154227,0.24753089322117078,56.0,2.18,0.9964546159073222,0.0035453840926777946
10/30/2025,FanDuel,miami dolphins,baltimore ravens,2.5,38.038544874462126,13.198837971623302,Over,0.9964546159073222,0.5544692008154227,0.24753089322117078,56.0,1.57,0.9964546159073222,0.0035453840926777946
10/30/2025,DraftKings,miami dolphins,baltimore ravens,2.5,38.038544874462126,13.198837971623302,Over,0.9964546159073222,0.5544692008154227,0.24753089322117078,56.0,1.62,0.9964546159073222,0.0035453840926777946
10/30/2025,DraftKings,miami dolphins,baltimore ravens,2.5,38.038544874462126,13.198837971623302,Over,0.9964546159073222,0.5544692008154227,0.24753089322117078,56.0,1.79,0.9964546159073222,0.0035453840926777946
10/30/2025,DraftKings,miami dolphins,baltimore ravens,2.5,38.038544874462126,13.198837971623302,Over,0.9964546159073222,0.5544692008154227,0.24753089322117078,56.0,1.99,0.9964546159073222,0.0035453840926777946
10/30/2025,BetOnline.ag,miami dolphins,baltimore ravens,2.5,38.038544874462126,13.198837971623302,Over,0.9964546159073222,0.5445046546563495,0.24750211575288608,55.0,1.8,0.9964546159073222,0.0035453840926777946
10/30/2025,BetOnline.ag,miami dolphins,baltimore ravens,2.5,38.038544874462126,13.198837971623302,Over,0.9964546159073222,0.5445046546563495,0.24750211575288608,55.0,1.59,0.9964546159073222,0.0035453840926777946
10/30/2025,BetOnline.ag,miami dolphins,baltimore ravens,2.5,38.038544874462126,13.198837971623302,Over,0.9964546159073222,0.5445046546563495,0.24750211575288608,55.0,2.21,0.9964546159073222,0.0035453840926777946
10/30/2025,BetOnline.ag,miami dolphins,baltimore ravens,2.5,38.038544874462126,13.198837971623302,Over,0.9964546159073222,0.5445046546563495,0.24750211575288608,55.0,1.91,0.9964546159073222,0.0035453840926777946
11/2/2025,FanDuel,buffalo bills,kansas city chiefs,1.5,54.873209854565026,13.198837971623302,Over,0.999973701971486,0.509960289976944,0.2499805343024235,51.0,2.36,0.999973701971486,2.6298028513949134e-05
11/2/2025,FanDuel,buffalo bills,kansas city chiefs,1.5,54.873209854565026,13.198837971623302,Over,0.999973701971486,0.509960289976944,0.2499805343024235,51.0,1.62,0.999973701971486,2.6298028513949134e-05
11/2/2025,FanDuel,buffalo bills,kansas city chiefs,1.5,54.873209854565026,13.198837971623302,Over,0.999973701971486,0.509960289976944,0.2499805343024235,51.0,2.16,0.999973701971486,2.6298028513949134e-05
11/2/2025,FanDuel,buffalo bills,kansas city chiefs,1.5,54.873209854565026,13.198837971623302,Over,0.999973701971486,0.509960289976944,0.2499805343024235,51.0,1.88,0.999973701971486,2.6298028513949134e-05
10/30/2025,BetMGM,miami dolphins,baltimore ravens,1.5,38.038544874462126,13.198837971623302,Over,0.9971826541663928,0.5057458077912532,0.24791461166237896,51.0,2.1,0.9971826541663928,0.0028173458336071544
10/30/2025,BetMGM,miami dolphins,baltimore ravens,1.5,38.038544874462126,13.198837971623302,Over,0.9971826541663928,0.5057458077912532,0.24791461166237896,51.0,2.35,0.9971826541663928,0.0028173458336071544
10/30/2025,FanDuel,miami dolphins,baltimore ravens,1.5,38.038544874462126,13.198837971623302,Over,0.9971826541663928,0.5057458077912532,0.24791461166237896,51.0,2.24,0.9971826541663928,0.0028173458336071544
10/30/2025,FanDuel,miami dolphins,baltimore ravens,1.5,38.038544874462126,13.198837971623302,Over,0.9971826541663928,0.5057458077912532,0.24791461166237896,51.0,1.93,0.9971826541663928,0.0028173458336071544
10/30/2025,FanDuel,miami dolphins,baltimore ravens,1.5,38.038544874462126,13.198837971623302,Over,0.9971826541663928,0.5057458077912532,0.24791461166237896,51.0,2.46,0.9971826541663928,0.0028173458336071544
10/30/2025,FanDuel,miami dolphins,baltimore ravens,1.5,38.038544874462126,13.198837971623302,Over,0.9971826541663928,0.5057458077912532,0.24791461166237896,51.0,1.68,0.9971826541663928,0.0028173458336071544
10/30/2025,FanDuel,miami dolphins,baltimore ravens,1.5,38.038544874462126,13.198837971623302,Over,0.9971826541663928,0.5057458077912532,0.24791461166237896,51.0,1.63,0.9971826541663928,0.0028173458336071544
10/30/2025,FanDuel,miami dolphins,baltimore ravens,1.5,38.038544874462126,13.198837971623302,Over,0.9971826541663928,0.5057458077912532,0.24791461166237896,51.0,2.24,0.9971826541663928,0.0028173458336071544
10/30/2025,FanDuel,miami dolphins,baltimore ravens,1.5,38.038544874462126,13.198837971623302,Over,0.9971826541663928,0.5057458077912532,0.24791461166237896,51.0,1.93,0.9971826541663928,0.0028173458336071544
10/30/2025,BetMGM,miami dolphins,baltimore ravens,1.5,38.038544874462126,13.198837971623302,Over,0.9971826541663928,0.5057458077912532,0.24791461166237896,51.0,1.74,0.9971826541663928,0.0028173458336071544
10/30/2025,BetMGM,miami dolphins,baltimore ravens,1.5,38.038544874462126,13.198837971623302,Over,0.9971826541663928,0.5057458077912532,0.24791461166237896,51.0,1.95,0.9971826541663928,0.0028173458336071544
10/30/2025,BetMGM,miami dolphins,baltimore ravens,1.5,38.038544874462126,13.198837971623302,Over,0.9971826541663928,0.5057458077912532,0.24791461166237896,51.0,1.65,0.9971826541663928,0.0028173458336071544
10/30/2025,FanDuel,miami dolphins,baltimore ravens,1.5,38.038544874462126,13.198837971623302,Over,0.9971826541663928,0.5057458077912532,0.24791461166237896,51.0,1.68,0.9971826541663928,0.0028173458336071544
10/30/2025,BetMGM,miami dolphins,baltimore ravens,1.5,38.038544874462126,13.198837971623302,Over,0.9971826541663928,0.5057458077912532,0.24791461166237896,51.0,2.45,0.9971826541663928,0.0028173458336071544
10/30/2025,BetMGM,miami dolphins,baltimore ravens,1.5,38.038544874462126,13.198837971623302,Over,0.9971826541663928,0.5057458077912532,0.24791461166237896,51.0,2.1,0.9971826541663928,0.0028173458336071544
10/30/2025,BetMGM,miami dolphins,baltimore ravens,1.5,38.038544874462126,13.198837971623302,Over,0.9971826541663928,0.5057458077912532,0.24791461166237896,51.0,1.65,0.9971826541663928,0.0028173458336071544
10/30/2025,BetMGM,miami dolphins,baltimore ravens,1.5,38.038544874462126,13.198837971623302,Over,0.9971826541663928,0.5057458077912532,0.24791461166237896,51.0,1.65,0.9971826541663928,0.0028173458336071544
10/30/2025,BetRivers,miami dolphins,baltimore ravens,1.5,38.038544874462126,13.198837971623302,Over,0.9971826541663928,0.5057458077912532,0.24791461166237896,51.0,2.3,0.9971826541663928,0.0028173458336071544
10/30/2025,BetRivers,miami dolphins,baltimore ravens,1.5,38.038544874462126,13.198837971623302,Over,0.9971826541663928,0.5057458077912532,0.24791461166237896,51.0,1.67,0.9971826541663928,0.0028173458336071544
10/30/2025,BetMGM,miami dolphins,baltimore ravens,1.5,38.038544874462126,13.198837971623302,Over,0.9971826541663928,0.5057458077912532,0.24791461166237896,51.0,2.35,0.9971826541663928,0.0028173458336071544
10/30/2025,BetMGM,miami dolphins,baltimore ravens,1.5,38.038544874462126,13.198837971623302,Over,0.9971826541663928,0.5057458077912532,0.24791461166237896,51.0,1.95,0.9971826541663928,0.0028173458336071544
10/30/2025,BetMGM,miami dolphins,baltimore ravens,1.5,38.038544874462126,13.198837971623302,Over,0.9971826541663928,0.5057458077912532,0.24791461166237896,51.0,1.74,0.9971826541663928,0.0028173458336071544
10/30/2025,FanDuel,miami dolphins,baltimore ravens,1.5,38.038544874462126,13.198837971623302,Over,0.9971826541663928,0.5057458077912532,0.24791461166237896,51.0,1.63,0.9971826541663928,0.0028173458336071544
10/30/2025,FanDuel,miami dolphins,baltimore ravens,1.5,38.038544874462126,13.198837971623302,Over,0.9971826541663928,0.5057458077912532,0.24791461166237896,51.0,2.46,0.9971826541663928,0.0028173458336071544
10/30/2025,DraftKings,miami dolphins,baltimore ravens,1.5,38.038544874462126,13.198837971623302,Over,0.9971826541663928,0.5057458077912532,0.24791461166237896,51.0,2.26,0.9971826541663928,0.0028173458336071544
10/30/2025,DraftKings,miami dolphins,baltimore ravens,1.5,38.038544874462126,13.198837971623302,Over,0.9971826541663928,0.5057458077912532,0.24791461166237896,51.0,1.67,0.9971826541663928,0.0028173458336071544
10/30/2025,DraftKings,miami dolphins,baltimore ravens,1.5,38.038544874462126,13.198837971623302,Over,0.9971826541663928,0.5057458077912532,0.24791461166237896,51.0,1.98,0.9971826541663928,0.0028173458336071544
10/30/2025,BetMGM,miami dolphins,baltimore ravens,1.5,38.038544874462126,13.198837971623302,Over,0.9971826541663928,0.5057458077912532,0.24791461166237896,51.0,2.45,0.9971826541663928,0.0028173458336071544
10/30/2025,BetMGM,miami dolphins,baltimore ravens,1.5,38.038544874462126,13.198837971623302,Over,0.9971826541663928,0.5057458077912532,0.24791461166237896,51.0,1.65,0.9971826541663928,0.0028173458336071544
10/30/2025,DraftKings,miami dolphins,baltimore ravens,1.5,38.038544874462126,13.198837971623302,Over,0.9971826541663928,0.5057458077912532,0.24791461166237896,51.0,2.47,0.9971826541663928,0.0028173458336071544
10/30/2025,BetRivers,miami dolphins,baltimore ravens,1.5,38.038544874462126,13.198837971623302,Over,0.9971826541663928,0.5057458077912532,0.24791461166237896,51.0,2.35,0.9971826541663928,0.0028173458336071544
10/30/2025,BetRivers,miami dolphins,baltimore ravens,1.5,38.038544874462126,13.198837971623302,Over,0.9971826541663928,0.5057458077912532,0.24791461166237896,51.0,1.66,0.9971826541663928,0.0028173458336071544
10/30/2025,DraftKings,miami dolphins,baltimore ravens,1.5,38.038544874462126,13.198837971623302,Over,0.9971826541663928,0.5057458077912532,0.24791461166237896,51.0,1.64,0.9971826541663928,0.0028173458336071544
10/30/2025,BetMGM,miami dolphins,baltimore ravens,2.5,38.038544874462126,13.198837971623302,Over,0.9964546159073222,0.5046464700200566,0.24737572059806695,51.0,2.2,0.9964546159073222,0.0035453840926777946
10/30/2025,BetMGM,miami dolphins,baltimore ravens,2.5,38.038544874462126,13.198837971623302,Over,0.9964546159073222,0.5046464700200566,0.24737572059806695,51.0,1.8,0.9964546159073222,0.0035453840926777946
10/30/2025,BetMGM,miami dolphins,baltimore ravens,2.5,38.038544874462126,13.198837971623302,Over,0.9964546159073222,0.5046464700200566,0.24737572059806695,51.0,1.69,0.9964546159073222,0.0035453840926777946
10/30/2025,BetMGM,miami dolphins,baltimore ravens,2.5,38.038544874462126,13.198837971623302,Over,0.9964546159073222,0.5046464700200566,0.24737572059806695,51.0,1.83,0.9964546159073222,0.0035453840926777946
10/30/2025,BetRivers,miami dolphins,baltimore ravens,2.5,38.038544874462126,13.198837971623302,Over,0.9964546159073222,0.5046464700200566,0.24737572059806695,51.0,1.81,0.9964546159073222,0.0035453840926777946
10/30/2025,BetRivers,miami dolphins,baltimore ravens,2.5,38.038544874462126,13.198837971623302,Over,0.9964546159073222,0.5046464700200566,0.24737572059806695,51.0,2.38,0.9964546159073222,0.0035453840926777946
10/30/2025,BetRivers,miami dolphins,baltimore ravens,2.5,38.038544874462126,13.198837971623302,Over,0.9964546159073222,0.5046464700200566,0.24737572059806695,51.0,1.66,0.9964546159073222,0.0035453840926777946
10/30/2025,BetRivers,miami dolphins,baltimore ravens,2.5,38.038544874462126,13.198837971623302,Over,0.9964546159073222,0.5046464700200566,0.24737572059806695,51.0,1.97,0.9964546159073222,0.0035453840926777946
11/2/2025,FanDuel,buffalo bills,kansas city chiefs,2.5,54.87320985456503,13.198837971623302,Over,0.9999637633759754,0.45994709452892407,0.24997124702658907,46.0,1.41,0.9999637633759754,3.623662402463257e-05
11/2/2025,FanDuel,buffalo bills,kansas city chiefs,2.5,54.87320985456503,13.198837971623302,Over,0.9999637633759754,0.45994709452892407,0.24997124702658907,46.0,1.41,0.9999637633759754,3.623662402463257e-05
11/2/2025,FanDuel,buffalo bills,kansas city chiefs,2.5,54.87320985456503,13.198837971623302,Over,0.9999637633759754,0.45994709452892407,0.24997124702658907,46.0,1.41,0.9999637633759754,3.623662402463257e-05
10/30/2025,Bovada,miami dolphins,baltimore ravens,1.5,38.038544874462126,13.198837971623302,Over,0.9971826541663928,0.45588667508293357,0.24776449732768127,46.0,2.25,0.9971826541663928,0.0028173458336071544
10/30/2025,Bovada,miami dolphins,baltimore ravens,1.5,38.038544874462126,13.198837971623302,Over,0.9971826541663928,0.45588667508293357,0.24776449732768127,46.0,1.62,0.9971826541663928,0.0028173458336071544
10/30/2025,BetMGM,miami dolphins,baltimore ravens,1.5,38.038544874462126,13.198837971623302,Over,0.9971826541663928,0.45588667508293357,0.24776449732768127,46.0,1.65,0.9971826541663928,0.0028173458336071544
10/30/2025,BetMGM,miami dolphins,baltimore ravens,1.5,38.038544874462126,13.198837971623302,Over,0.9971826541663928,0.45588667508293357,0.24776449732768127,46.0,2.45,0.9971826541663928,0.0028173458336071544
10/30/2025,Bovada,miami dolphins,baltimore ravens,1.5,38.038544874462126,13.198837971623302,Over,0.9971826541663928,0.45588667508293357,0.24776449732768127,46.0,2.45,0.9971826541663928,0.0028173458336071544
10/30/2025,Bovada,miami dolphins,baltimore ravens,1.5,38.038544874462126,13.198837971623302,Over,0.9971826541663928,0.45588667508293357,0.24776449732768127,46.0,1.67,0.9971826541663928,0.0028173458336071544
10/30/2025,Bovada,miami dolphins,baltimore ravens,1.5,38.038544874462126,13.198837971623302,Over,0.9971826541663928,0.45588667508293357,0.24776449732768127,46.0,1.62,0.9971826541663928,0.0028173458336071544
10/30/2025,Bovada,miami dolphins,baltimore ravens,1.5,38.038544874462126,13.198837971623302,Over,0.9971826541663928,0.45588667508293357,0.24776449732768127,46.0,2.45,0.9971826541663928,0.0028173458336071544
10/30/2025,BetMGM,miami dolphins,baltimore ravens,1.5,38.038544874462126,13.198837971623302,Over,0.9971826541663928,0.45588667508293357,0.24776449732768127,46.0,1.95,0.9971826541663928,0.0028173458336071544
10/30/2025,BetMGM,miami dolphins,baltimore ravens,1.5,38.038544874462126,13.198837971623302,Over,0.9971826541663928,0.45588667508293357,0.24776449732768127,46.0,2.35,0.9971826541663928,0.0028173458336071544
10/30/2025,BetMGM,miami dolphins,baltimore ravens,1.5,38.038544874462126,13.198837971623302,Over,0.9971826541663928,0.45588667508293357,0.24776449732768127,46.0,1.65,0.9971826541663928,0.0028173458336071544
10/30/2025,BetMGM,miami dolphins,baltimore ravens,1.5,38.038544874462126,13.198837971623302,Over,0.9971826541663928,0.45588667508293357,0.24776449732768127,46.0,2.1,0.9971826541663928,0.0028173458336071544
10/30/2025,Bovada,miami dolphins,baltimore ravens,1.5,38.038544874462126,13.198837971623302,Over,0.9971826541663928,0.45588667508293357,0.24776449732768127,46.0,2.25,0.9971826541663928,0.0028173458336071544
10/30/2025,BetMGM,miami dolphins,baltimore ravens,1.5,38.038544874462126,13.198837971623302,Over,0.9971826541663928,0.45588667508293357,0.24776449732768127,46.0,1.74,0.9971826541663928,0.0028173458336071544
10/30/2025,Bovada,miami dolphins,baltimore ravens,1.5,38.038544874462126,13.198837971623302,Over,0.9971826541663928,0.45588667508293357,0.24776449732768127,46.0,1.67,0.9971826541663928,0.0028173458336071544
10/30/2025,DraftKings,miami dolphins,baltimore ravens,2.5,38.038544874462126,13.198837971623302,Over,0.9964546159073222,0.45482373922469044,0.24718681479602733,46.0,2.25,0.9964546159073222,0.0035453840926777946
10/30/2025,DraftKings,miami dolphins,baltimore ravens,2.5,38.038544874462126,13.198837971623302,Over,0.9964546159073222,0.45482373922469044,0.24718681479602733,46.0,1.62,0.9964546159073222,0.0035453840926777946
10/30/2025,DraftKings,miami dolphins,baltimore ravens,2.5,38.038544874462126,13.198837971623302,Over,0.9964546159073222,0.45482373922469044,0.24718681479602733,46.0,1.79,0.9964546159073222,0.0035453840926777946
10/30/2025,DraftKings,miami dolphins,baltimore ravens,2.5,38.038544874462126,13.198837971623302,Over,0.9964546159073222,0.45482373922469044,0.24718681479602733,46.0,1.99,0.9964546159073222,0.0035453840926777946
10/30/2025,BetOnline.ag,miami dolphins,baltimore ravens,1.5,38.038544874462126,13.198837971623302,Over,0.9971826541663928,0.4459148485412696,0.24773047141181645,45.0,2.44,0.9971826541663928,0.0028173458336071544
10/30/2025,BetOnline.ag,miami dolphins,baltimore ravens,1.5,38.038544874462126,13.198837971623302,Over,0.9971826541663928,0.4459148485412696,0.24773047141181645,45.0,1.65,0.9971826541663928,0.0028173458336071544
10/30/2025,BetOnline.ag,miami dolphins,baltimore ravens,1.5,38.038544874462126,13.198837971623302,Over,0.9971826541663928,0.4459148485412696,0.24773047141181645,45.0,2.28,0.9971826541663928,0.0028173458336071544
10/30/2025,BetOnline.ag,miami dolphins,baltimore ravens,1.5,38.038544874462126,13.198837971623302,Over,0.9971826541663928,0.4459148485412696,0.24773047141181645,45.0,2.28,0.9971826541663928,0.0028173458336071544
10/30/2025,BetOnline.ag,miami dolphins,baltimore ravens,1.5,38.038544874462126,13.198837971623302,Over,0.9971826541663928,0.4459148485412696,0.24773047141181645,45.0,1.65,0.9971826541663928,0.0028173458336071544
10/30/2025,BetOnline.ag,miami dolphins,baltimore ravens,1.5,38.038544874462126,13.198837971623302,Over,0.9971826541663928,0.4459148485412696,0.24773047141181645,45.0,2.44,0.9971826541663928,0.0028173458336071544
10/30/2025,BetOnline.ag,miami dolphins,baltimore ravens,1.5,38.038544874462126,13.198837971623302,Over,0.9971826541663928,0.4459148485412696,0.24773047141181645,45.0,1.67,0.9971826541663928,0.0028173458336071544
10/30/2025,BetOnline.ag,miami dolphins,baltimore ravens,1.5,38.038544874462126,13.198837971623302,Over,0.9971826541663928,0.4459148485412696,0.24773047141181645,45.0,1.67,0.9971826541663928,0.0028173458336071544
10/30/2025,BetMGM,miami dolphins,baltimore ravens,1.5,38.038544874462126,13.198837971623302,Over,0.9971826541663928,0.4060275423746139,0.24757776974061818,41.0,2.1,0.9971826541663928,0.0028173458336071544
10/30/2025,BetMGM,miami dolphins,baltimore ravens,1.5,38.038544874462126,13.198837971623302,Over,0.9971826541663928,0.4060275423746139,0.24757776974061818,41.0,1.95,0.9971826541663928,0.0028173458336071544
10/30/2025,BetMGM,miami dolphins,baltimore ravens,1.5,38.038544874462126,13.198837971623302,Over,0.9971826541663928,0.4060275423746139,0.24757776974061818,41.0,2.35,0.9971826541663928,0.0028173458336071544
10/30/2025,BetMGM,miami dolphins,baltimore ravens,1.5,38.038544874462126,13.198837971623302,Over,0.9971826541663928,0.4060275423746139,0.24757776974061818,41.0,1.65,0.9971826541663928,0.0028173458336071544
10/30/2025,BetMGM,miami dolphins,baltimore ravens,1.5,38.038544874462126,13.198837971623302,Over,0.9971826541663928,0.4060275423746139,0.24757776974061818,41.0,2.45,0.9971826541663928,0.0028173458336071544
10/30/2025,BetMGM,miami dolphins,baltimore ravens,1.5,38.038544874462126,13.198837971623302,Over,0.9971826541663928,0.4060275423746139,0.24757776974061818,41.0,1.74,0.9971826541663928,0.0028173458336071544
10/30/2025,BetMGM,miami dolphins,baltimore ravens,1.5,38.038544874462126,13.198837971623302,Over,0.9971826541663928,0.4060275423746139,0.24757776974061818,41.0,1.65,0.9971826541663928,0.0028173458336071544
10/30/2025,BetRivers,miami dolphins,baltimore ravens,2.5,38.038544874462126,13.198837971623302,Over,0.9964546159073222,0.4050010084293243,0.24695183440812457,41.0,1.81,0.9964546159073222,0.0035453840926777946
10/30/2025,BetRivers,miami dolphins,baltimore ravens,2.5,38.038544874462126,13.198837971623302,Over,0.9964546159073222,0.4050010084293243,0.24695183440812457,41.0,2.38,0.9964546159073222,0.0035453840926777946
10/30/2025,BetRivers,miami dolphins,baltimore ravens,2.5,38.038544874462126,13.198837971623302,Over,0.9964546159073222,0.4050010084293243,0.24695183440812457,41.0,1.97,0.9964546159073222,0.0035453840926777946
10/30/2025,BetRivers,miami dolphins,baltimore ravens,2.5,38.038544874462126,13.198837971623302,Over,0.9964546159073222,0.4050010084293243,0.24695183440812457,41.0,1.66,0.9964546159073222,0.0035453840926777946
10/30/2025,BetOnline.ag,miami dolphins,baltimore ravens,1.5,38.038544874462126,13.198837971623302,Over,0.9971826541663928,0.39605571583295,0.24753482239559366,40.0,2.44,0.9971826541663928,0.0028173458336071544
10/30/2025,BetOnline.ag,miami dolphins,baltimore ravens,1.5,38.038544874462126,13.198837971623302,Over,0.9971826541663928,0.39605571583295,0.24753482239559366,40.0,1.67,0.9971826541663928,0.0028173458336071544
10/30/2025,BetOnline.ag,miami dolphins,baltimore ravens,1.5,38.038544874462126,13.198837971623302,Over,0.9971826541663928,0.39605571583295,0.24753482239559366,40.0,1.65,0.9971826541663928,0.0028173458336071544
10/30/2025,BetOnline.ag,miami dolphins,baltimore ravens,1.5,38.038544874462126,13.198837971623302,Over,0.9971826541663928,0.39605571583295,0.24753482239559366,40.0,2.28,0.9971826541663928,0.0028173458336071544
10/30/2025,BetOnline.ag,miami dolphins,baltimore ravens,1.5,38.038544874462126,13.198837971623302,Over,0.9971826541663928,0.3661402362079582,0.24739205149186366,37.0,1.67,0.9971826541663928,0.0028173458336071544
10/30/2025,BetOnline.ag,miami dolphins,baltimore ravens,1.5,38.038544874462126,13.198837971623302,Over,0.9971826541663928,0.3661402362079582,0.24739205149186366,37.0,2.28,0.9971826541663928,0.0028173458336071544
10/30/2025,BetOnline.ag,miami dolphins,baltimore ravens,1.5,38.038544874462126,13.198837971623302,Over,0.9971826541663928,0.3661402362079582,0.24739205149186366,37.0,2.44,0.9971826541663928,0.0028173458336071544
10/30/2025,BetOnline.ag,miami dolphins,baltimore ravens,1.5,38.038544874462126,13.198837971623302,Over,0.9971826541663928,0.3661402362079582,0.24739205149186366,37.0,1.65,0.9971826541663928,0.0028173458336071544
10/30/2025,BetOnline.ag,miami dolphins,baltimore ravens,1.5,38.038544874462126,13.198837971623302,Over,0.9971826541663928,0.3661402362079582,0.24739205149186366,37.0,2.44,0.9971826541663928,0.0028173458336071544
10/30/2025,BetOnline.ag,miami dolphins,baltimore ravens,1.5,38.038544874462126,13.198837971623302,Over,0.9971826541663928,0.3661402362079582,0.24739205149186366,37.0,2.28,0.9971826541663928,0.0028173458336071544
10/30/2025,BetOnline.ag,miami dolphins,baltimore ravens,1.5,38.038544874462126,13.198837971623302,Over,0.9971826541663928,0.3661402362079582,0.24739205149186366,37.0,1.65,0.9971826541663928,0.0028173458336071544
10/30/2025,BetOnline.ag,miami dolphins,baltimore ravens,1.5,38.038544874462126,13.198837971623302,Over,0.9971826541663928,0.3661402362079582,0.24739205149186366,37.0,2.44,0.9971826541663928,0.0028173458336071544
10/30/2025,BetOnline.ag,miami dolphins,baltimore ravens,1.5,38.038544874462126,13.198837971623302,Over,0.9971826541663928,0.3661402362079582,0.24739205149186366,37.0,1.65,0.9971826541663928,0.0028173458336071544
10/30/2025,BetOnline.ag,miami dolphins,baltimore ravens,1.5,38.038544874462126,13.198837971623302,Over,0.9971826541663928,0.3661402362079582,0.24739205149186366,37.0,1.67,0.9971826541663928,0.0028173458336071544
10/30/2025,BetOnline.ag,miami dolphins,baltimore ravens,1.5,38.038544874462126,13.198837971623302,Over,0.9971826541663928,0.3661402362079582,0.24739205149186366,37.0,2.28,0.9971826541663928,0.0028173458336071544
10/30/2025,BetOnline.ag,miami dolphins,baltimore ravens,1.5,38.038544874462126,13.198837971623302,Over,0.9971826541663928,0.3661402362079582,0.24739205149186366,37.0,1.67,0.9971826541663928,0.0028173458336071544
10/30/2025,FanDuel,miami dolphins,baltimore ravens,1.5,38.038544874462126,13.198837971623302,Over,0.9971826541663928,0.35616840966629426,0.24733917337937086,36.0,2.46,0.9971826541663928,0.0028173458336071544
10/30/2025,FanDuel,miami dolphins,baltimore ravens,1.5,38.038544874462126,13.198837971623302,Over,0.9971826541663928,0.35616840966629426,0.24733917337937086,36.0,1.68,0.9971826541663928,0.0028173458336071544
10/30/2025,FanDuel,miami dolphins,baltimore ravens,1.5,38.038544874462126,13.198837971623302,Over,0.9971826541663928,0.35616840966629426,0.24733917337937086,36.0,1.63,0.9971826541663928,0.0028173458336071544
10/30/2025,Bovada,miami dolphins,baltimore ravens,1.5,38.038544874462126,13.198837971623302,Over,0.9971826541663928,0.35616840966629426,0.24733917337937086,36.0,1.62,0.9971826541663928,0.0028173458336071544
10/30/2025,DraftKings,miami dolphins,baltimore ravens,1.5,38.038544874462126,13.198837971623302,Over,0.9971826541663928,0.35616840966629426,0.24733917337937086,36.0,2.26,0.9971826541663928,0.0028173458336071544
10/30/2025,DraftKings,miami dolphins,baltimore ravens,1.5,38.038544874462126,13.198837971623302,Over,0.9971826541663928,0.35616840966629426,0.24733917337937086,36.0,1.67,0.9971826541663928,0.0028173458336071544
10/30/2025,BetRivers,miami dolphins,baltimore ravens,1.5,38.038544874462126,13.198837971623302,Over,0.9971826541663928,0.35616840966629426,0.24733917337937086,36.0,1.67,0.9971826541663928,0.0028173458336071544
10/30/2025,BetRivers,miami dolphins,baltimore ravens,1.5,38.038544874462126,13.198837971623302,Over,0.9971826541663928,0.35616840966629426,0.24733917337937086,36.0,2.3,0.9971826541663928,0.0028173458336071544
10/30/2025,BetRivers,miami dolphins,baltimore ravens,1.5,38.038544874462126,13.198837971623302,Over,0.9971826541663928,0.35616840966629426,0.24733917337937086,36.0,2.35,0.9971826541663928,0.0028173458336071544
10/30/2025,BetRivers,miami dolphins,baltimore ravens,1.5,38.038544874462126,13.198837971623302,Over,0.9971826541663928,0.35616840966629426,0.24733917337937086,36.0,1.66,0.9971826541663928,0.0028173458336071544
10/30/2025,DraftKings,miami dolphins,baltimore ravens,1.5,38.038544874462126,13.198837971623302,Over,0.9971826541663928,0.35616840966629426,0.24733917337937086,36.0,2.47,0.9971826541663928,0.0028173458336071544
10/30/2025,DraftKings,miami dolphins,baltimore ravens,1.5,38.038544874462126,13.198837971623302,Over,0.9971826541663928,0.35616840966629426,0.24733917337937086,36.0,1.64,0.9971826541663928,0.0028173458336071544
10/30/2025,FanDuel,miami dolphins,baltimore ravens,1.5,38.038544874462126,13.198837971623302,Over,0.9971826541663928,0.35616840966629426,0.24733917337937086,36.0,2.24,0.9971826541663928,0.0028173458336071544
10/30/2025,DraftKings,miami dolphins,baltimore ravens,1.5,38.038544874462126,13.198837971623302,Over,0.9971826541663928,0.35616840966629426,0.24733917337937086,36.0,1.98,0.9971826541663928,0.0028173458336071544
10/30/2025,Bovada,miami dolphins,baltimore ravens,1.5,38.038544874462126,13.198837971623302,Over,0.9971826541663928,0.35616840966629426,0.24733917337937086,36.0,2.45,0.9971826541663928,0.0028173458336071544
10/30/2025,Bovada,miami dolphins,baltimore ravens,1.5,38.038544874462126,13.198837971623302,Over,0.9971826541663928,0.35616840966629426,0.24733917337937086,36.0,1.67,0.9971826541663928,0.0028173458336071544
10/30/2025,FanDuel,miami dolphins,baltimore ravens,1.5,38.038544874462126,13.198837971623302,Over,0.9971826541663928,0.35616840966629426,0.24733917337937086,36.0,1.93,0.9971826541663928,0.0028173458336071544
10/30/2025,Bovada,miami dolphins,baltimore ravens,1.5,38.038544874462126,13.198837971623302,Over,0.9971826541663928,0.35616840966629426,0.24733917337937086,36.0,2.25,0.9971826541663928,0.0028173458336071544
10/30/2025,DraftKings,miami dolphins,baltimore ravens,2.5,38.038544874462126,13.198837971623302,Over,0.9964546159073222,0.3551782776339582,0.24665158169024864,36.0,1.99,0.9964546159073222,0.0035453840926777946
10/30/2025,DraftKings,miami dolphins,baltimore ravens,2.5,38.038544874462126,13.198837971623302,Over,0.9964546159073222,0.3551782776339582,0.24665158169024864,36.0,2.25,0.9964546159073222,0.0035453840926777946
10/30/2025,DraftKings,miami dolphins,baltimore ravens,2.5,38.038544874462126,13.198837971623302,Over,0.9964546159073222,0.3551782776339582,0.24665158169024864,36.0,1.62,0.9964546159073222,0.0035453840926777946
10/30/2025,DraftKings,miami dolphins,baltimore ravens,2.5,38.038544874462126,13.198837971623302,Over,0.9964546159073222,0.3551782776339582,0.24665158169024864,36.0,1.79,0.9964546159073222,0.0035453840926777946
10/30/2025,BetRivers,miami dolphins,baltimore ravens,1.5,38.038544874462126,13.198837971623302,Over,0.9971826541663928,0.3461965831246303,0.2472832736604504,35.0,1.67,0.9971826541663928,0.0028173458336071544
10/30/2025,BetRivers,miami dolphins,baltimore ravens,1.5,38.038544874462126,13.198837971623302,Over,0.9971826541663928,0.3461965831246303,0.2472832736604504,35.0,2.3,0.9971826541663928,0.0028173458336071544
10/30/2025,BetRivers,miami dolphins,baltimore ravens,1.5,38.038544874462126,13.198837971623302,Over,0.9971826541663928,0.3461965831246303,0.2472832736604504,35.0,1.66,0.9971826541663928,0.0028173458336071544
10/30/2025,BetRivers,miami dolphins,baltimore ravens,1.5,38.038544874462126,13.198837971623302,Over,0.9971826541663928,0.3461965831246303,0.2472832736604504,35.0,2.35,0.9971826541663928,0.0028173458336071544
10/30/2025,Bovada,miami dolphins,baltimore ravens,1.5,38.038544874462126,13.198837971623302,Over,0.9971826541663928,0.3362247565829664,0.24722408572276952,34.0,1.67,0.9971826541663928,0.0028173458336071544
10/30/2025,Bovada,miami dolphins,baltimore ravens,1.5,38.038544874462126,13.198837971623302,Over,0.9971826541663928,0.3362247565829664,0.24722408572276952,34.0,2.45,0.9971826541663928,0.0028173458336071544
10/30/2025,Bovada,miami dolphins,baltimore ravens,1.5,38.038544874462126,13.198837971623302,Over,0.9971826541663928,0.3362247565829664,0.24722408572276952,34.0,2.45,0.9971826541663928,0.0028173458336071544
10/30/2025,Bovada,miami dolphins,baltimore ravens,1.5,38.038544874462126,13.198837971623302,Over,0.9971826541663928,0.3362247565829664,0.24722408572276952,34.0,2.25,0.9971826541663928,0.0028173458336071544
10/30/2025,Bovada,miami dolphins,baltimore ravens,1.5,38.038544874462126,13.198837971623302,Over,0.9971826541663928,0.3362247565829664,0.24722408572276952,34.0,1.67,0.9971826541663928,0.0028173458336071544
10/30/2025,Bovada,miami dolphins,baltimore ravens,1.5,38.038544874462126,13.198837971623302,Over,0.9971826541663928,0.3362247565829664,0.24722408572276952,34.0,1.62,0.9971826541663928,0.0028173458336071544
10/30/2025,Bovada,miami dolphins,baltimore ravens,1.5,38.038544874462126,13.198837971623302,Over,0.9971826541663928,0.3362247565829664,0.24722408572276952,34.0,1.62,0.9971826541663928,0.0028173458336071544
10/30/2025,Bovada,miami dolphins,baltimore ravens,1.5,38.038544874462126,13.198837971623302,Over,0.9971826541663928,0.3362247565829664,0.24722408572276952,34.0,2.25,0.9971826541663928,0.0028173458336071544
11/2/2025,FanDuel,buffalo bills,kansas city chiefs,1.5,54.873209854565026,13.198837971623302,Over,0.999973701971486,0.3099655495826467,0.2499722174053603,31.0,1.62,0.999973701971486,2.6298028513949134e-05
11/2/2025,FanDuel,buffalo bills,kansas city chiefs,1.5,54.873209854565026,13.198837971623302,Over,0.999973701971486,0.3099655495826467,0.2499722174053603,31.0,1.88,0.999973701971486,2.6298028513949134e-05
11/2/2025,FanDuel,buffalo bills,kansas city chiefs,1.5,54.873209854565026,13.198837971623302,Over,0.999973701971486,0.3099655495826467,0.2499722174053603,31.0,2.16,0.999973701971486,2.6298028513949134e-05
11/2/2025,FanDuel,buffalo bills,kansas city chiefs,1.5,54.873209854565026,13.198837971623302,Over,0.999973701971486,0.3099655495826467,0.2499722174053603,31.0,2.36,0.999973701971486,2.6298028513949134e-05
10/30/2025,BetMGM,miami dolphins,baltimore ravens,1.5,38.038544874462126,13.198837971623302,Over,0.9971826541663928,0.3063092769579746,0.2470236104499796,31.0,2.45,0.9971826541663928,0.0028173458336071544
10/30/2025,BetMGM,miami dolphins,baltimore ravens,1.5,38.038544874462126,13.198837971623302,Over,0.9971826541663928,0.3063092769579746,0.2470236104499796,31.0,1.74,0.9971826541663928,0.0028173458336071544
10/30/2025,Bovada,miami dolphins,baltimore ravens,1.5,38.038544874462126,13.198837971623302,Over,0.9971826541663928,0.3063092769579746,0.2470236104499796,31.0,1.67,0.9971826541663928,0.0028173458336071544
10/30/2025,BetMGM,miami dolphins,baltimore ravens,1.5,38.038544874462126,13.198837971623302,Over,0.9971826541663928,0.3063092769579746,0.2470236104499796,31.0,2.1,0.9971826541663928,0.0028173458336071544
10/30/2025,BetMGM,miami dolphins,baltimore ravens,1.5,38.038544874462126,13.198837971623302,Over,0.9971826541663928,0.3063092769579746,0.2470236104499796,31.0,1.65,0.9971826541663928,0.0028173458336071544
10/30/2025,Bovada,miami dolphins,baltimore ravens,1.5,38.038544874462126,13.198837971623302,Over,0.9971826541663928,0.3063092769579746,0.2470236104499796,31.0,1.67,0.9971826541663928,0.0028173458336071544
10/30/2025,BetRivers,miami dolphins,baltimore ravens,1.5,38.038544874462126,13.198837971623302,Over,0.9971826541663928,0.3063092769579746,0.2470236104499796,31.0,1.66,0.9971826541663928,0.0028173458336071544
10/30/2025,Bovada,miami dolphins,baltimore ravens,1.5,38.038544874462126,13.198837971623302,Over,0.9971826541663928,0.3063092769579746,0.2470236104499796,31.0,1.62,0.9971826541663928,0.0028173458336071544
10/30/2025,BetRivers,miami dolphins,baltimore ravens,1.5,38.038544874462126,13.198837971623302,Over,0.9971826541663928,0.3063092769579746,0.2470236104499796,31.0,2.35,0.9971826541663928,0.0028173458336071544
10/30/2025,BetMGM,miami dolphins,baltimore ravens,1.5,38.038544874462126,13.198837971623302,Over,0.9971826541663928,0.3063092769579746,0.2470236104499796,31.0,1.95,0.9971826541663928,0.0028173458336071544
10/30/2025,Bovada,miami dolphins,baltimore ravens,1.5,38.038544874462126,13.198837971623302,Over,0.9971826541663928,0.3063092769579746,0.2470236104499796,31.0,2.45,0.9971826541663928,0.0028173458336071544
10/30/2025,FanDuel,miami dolphins,baltimore ravens,1.5,38.038544874462126,13.198837971623302,Over,0.9971826541663928,0.3063092769579746,0.2470236104499796,31.0,2.46,0.9971826541663928,0.0028173458336071544
10/30/2025,FanDuel,miami dolphins,baltimore ravens,1.5,38.038544874462126,13.198837971623302,Over,0.9971826541663928,0.3063092769579746,0.2470236104499796,31.0,1.68,0.9971826541663928,0.0028173458336071544
10/30/2025,FanDuel,miami dolphins,baltimore ravens,1.5,38.038544874462126,13.198837971623302,Over,0.9971826541663928,0.3063092769579746,0.2470236104499796,31.0,1.63,0.9971826541663928,0.0028173458336071544
10/30/2025,Bovada,miami dolphins,baltimore ravens,1.5,38.038544874462126,13.198837971623302,Over,0.9971826541663928,0.3063092769579746,0.2470236104499796,31.0,2.25,0.9971826541663928,0.0028173458336071544
10/30/2025,Bovada,miami dolphins,baltimore ravens,1.5,38.038544874462126,13.198837971623302,Over,0.9971826541663928,0.3063092769579746,0.2470236104499796,31.0,1.62,0.9971826541663928,0.0028173458336071544
10/30/2025,BetRivers,miami dolphins,baltimore ravens,1.5,38.038544874462126,13.198837971623302,Over,0.9971826541663928,0.3063092769579746,0.2470236104499796,31.0,2.3,0.9971826541663928,0.0028173458336071544
10/30/2025,FanDuel,miami dolphins,baltimore ravens,1.5,38.038544874462126,13.198837971623302,Over,0.9971826541663928,0.3063092769579746,0.2470236104499796,31.0,2.24,0.9971826541663928,0.0028173458336071544
10/30/2025,BetMGM,miami dolphins,baltimore ravens,1.5,38.038544874462126,13.198837971623302,Over,0.9971826541663928,0.3063092769579746,0.2470236104499796,31.0,1.65,0.9971826541663928,0.0028173458336071544
10/30/2025,Bovada,miami dolphins,baltimore ravens,1.5,38.038544874462126,13.198837971623302,Over,0.9971826541663928,0.3063092769579746,0.2470236104499796,31.0,2.25,0.9971826541663928,0.0028173458336071544
10/30/2025,FanDuel,miami dolphins,baltimore ravens,1.5,38.038544874462126,13.198837971623302,Over,0.9971826541663928,0.3063092769579746,0.2470236104499796,31.0,1.93,0.9971826541663928,0.0028173458336071544
10/30/2025,Bovada,miami dolphins,baltimore ravens,1.5,38.038544874462126,13.198837971623302,Over,0.9971826541663928,0.3063092769579746,0.2470236104499796,31.0,2.45,0.9971826541663928,0.0028173458336071544
10/30/2025,BetRivers,miami dolphins,baltimore ravens,1.5,38.038544874462126,13.198837971623302,Over,0.9971826541663928,0.3063092769579746,0.2470236104499796,31.0,1.67,0.9971826541663928,0.0028173458336071544
10/30/2025,BetMGM,miami dolphins,baltimore ravens,1.5,38.038544874462126,13.198837971623302,Over,0.9971826541663928,0.3063092769579746,0.2470236104499796,31.0,2.35,0.9971826541663928,0.0028173458336071544
10/30/2025,BetOnline.ag,miami dolphins,baltimore ravens,2.5,38.038544874462126,13.198837971623302,Over,0.9964546159073222,0.29539100067951884,0.24615916723293238,30.0,1.91,0.9964546159073222,0.0035453840926777946
10/30/2025,BetOnline.ag,miami dolphins,baltimore ravens,2.5,38.038544874462126,13.198837971623302,Over,0.9964546159073222,0.29539100067951884,0.24615916723293238,30.0,2.21,0.9964546159073222,0.0035453840926777946
10/30/2025,BetOnline.ag,miami dolphins,baltimore ravens,2.5,38.038544874462126,13.198837971623302,Over,0.9964546159073222,0.29539100067951884,0.24615916723293238,30.0,1.59,0.9964546159073222,0.0035453840926777946
10/30/2025,BetOnline.ag,miami dolphins,baltimore ravens,2.5,38.038544874462126,13.198837971623302,Over,0.9964546159073222,0.29539100067951884,0.24615916723293238,30.0,1.8,0.9964546159073222,0.0035453840926777946
10/30/2025,DraftKings,miami dolphins,baltimore ravens,1.5,38.038544874462126,13.198837971623302,Over,0.9971826541663928,0.28636562387464676,0.24686691713331624,29.0,1.67,0.9971826541663928,0.0028173458336071544
10/30/2025,DraftKings,miami dolphins,baltimore ravens,1.5,38.038544874462126,13.198837971623302,Over,0.9971826541663928,0.28636562387464676,0.24686691713331624,29.0,1.98,0.9971826541663928,0.0028173458336071544
10/30/2025,DraftKings,miami dolphins,baltimore ravens,1.5,38.038544874462126,13.198837971623302,Over,0.9971826541663928,0.28636562387464676,0.24686691713331624,29.0,2.26,0.9971826541663928,0.0028173458336071544
10/30/2025,DraftKings,miami dolphins,baltimore ravens,1.5,38.038544874462126,13.198837971623302,Over,0.9971826541663928,0.28636562387464676,0.24686691713331624,29.0,1.64,0.9971826541663928,0.0028173458336071544
10/30/2025,DraftKings,miami dolphins,baltimore ravens,1.5,38.038544874462126,13.198837971623302,Over,0.9971826541663928,0.28636562387464676,0.24686691713331624,29.0,2.47,0.9971826541663928,0.0028173458336071544
10/30/2025,BetOnline.ag,miami dolphins,baltimore ravens,1.5,38.038544874462126,13.198837971623302,Over,0.9971826541663928,0.2664219707913189,0.24668700999196194,27.0,1.67,0.9971826541663928,0.0028173458336071544
10/30/2025,BetOnline.ag,miami dolphins,baltimore ravens,1.5,38.038544874462126,13.198837971623302,Over,0.9971826541663928,0.2664219707913189,0.24668700999196194,27.0,2.44,0.9971826541663928,0.0028173458336071544
10/30/2025,BetOnline.ag,miami dolphins,baltimore ravens,1.5,38.038544874462126,13.198837971623302,Over,0.9971826541663928,0.2664219707913189,0.24668700999196194,27.0,1.65,0.9971826541663928,0.0028173458336071544
10/30/2025,BetOnline.ag,miami dolphins,baltimore ravens,1.5,38.038544874462126,13.198837971623302,Over,0.9971826541663928,0.2664219707913189,0.24668700999196194,27.0,2.28,0.9971826541663928,0.0028173458336071544
11/2/2025,FanDuel,buffalo bills,kansas city chiefs,2.5,54.87320985456503,13.198837971623302,Over,0.9999637633759754,0.25995434185372895,0.24995609793627777,26.0,1.41,0.9999637633759754,3.623662402463257e-05
10/30/2025,BetOnline.ag,miami dolphins,baltimore ravens,0.5,38.038544874462126,13.198837971623302,Over,0.9977730035388569,0.24721625442357112,0.2472162544235712,25.0,2.22,0.9977730035388569,0.002226996461143105
10/30/2025,BetOnline.ag,miami dolphins,baltimore ravens,0.5,38.038544874462126,13.198837971623302,Over,0.9977730035388569,0.24721625442357112,0.2472162544235712,25.0,2.72,0.9977730035388569,0.002226996461143105
10/30/2025,BetOnline.ag,miami dolphins,baltimore ravens,0.5,38.038544874462126,13.198837971623302,Over,0.9977730035388569,0.24721625442357112,0.2472162544235712,25.0,1.45,0.9977730035388569,0.002226996461143105
10/30/2025,BetRivers,miami dolphins,baltimore ravens,1.5,38.038544874462126,13.198837971623302,Over,0.9971826541663928,0.24647831770799106,0.246478317707991,25.0,1.67,0.9971826541663928,0.0028173458336071544
10/30/2025,BetRivers,miami dolphins,baltimore ravens,1.5,38.038544874462126,13.198837971623302,Over,0.9971826541663928,0.24647831770799106,0.246478317707991,25.0,2.3,0.9971826541663928,0.0028173458336071544
10/30/2025,BetRivers,miami dolphins,baltimore ravens,1.5,38.038544874462126,13.198837971623302,Over,0.9971826541663928,0.24647831770799106,0.246478317707991,25.0,2.35,0.9971826541663928,0.0028173458336071544
10/30/2025,BetRivers,miami dolphins,baltimore ravens,1.5,38.038544874462126,13.198837971623302,Over,0.9971826541663928,0.24647831770799106,0.246478317707991,25.0,1.66,0.9971826541663928,0.0028173458336071544
10/30/2025,DraftKings,miami dolphins,baltimore ravens,4.5,38.038544874462126,13.198837971623302,Over,0.9944735604157127,0.24309195051964083,0.24309195051964094,25.0,2.22,0.9944735604157127,0.005526439584287335
10/30/2025,DraftKings,miami dolphins,baltimore ravens,4.5,38.038544874462126,13.198837971623302,Over,0.9944735604157127,0.24309195051964083,0.24309195051964094,25.0,2.12,0.9944735604157127,0.005526439584287335
11/2/2025,FanDuel,buffalo bills,kansas city chiefs,1.5,54.873209854565026,13.198837971623302,Over,0.999973701971486,0.22996765342492786,0.24996484067926927,23.0,1.62,0.999973701971486,2.6298028513949134e-05
11/2/2025,FanDuel,buffalo bills,kansas city chiefs,1.5,54.873209854565026,13.198837971623302,Over,0.999973701971486,0.22996765342492786,0.24996484067926927,23.0,2.36,0.999973701971486,2.6298028513949134e-05
11/2/2025,FanDuel,buffalo bills,kansas city chiefs,1.5,54.873209854565026,13.198837971623302,Over,0.999973701971486,0.22996765342492786,0.24996484067926927,23.0,2.36,0.999973701971486,2.6298028513949134e-05
11/2/2025,FanDuel,buffalo bills,kansas city chiefs,1.5,54.873209854565026,13.198837971623302,Over,0.999973701971486,0.22996765342492786,0.24996484067926927,23.0,1.88,0.999973701971486,2.6298028513949134e-05
11/2/2025,FanDuel,buffalo bills,kansas city chiefs,1.5,54.873209854565026,13.198837971623302,Over,0.999973701971486,0.22996765342492786,0.24996484067926927,23.0,2.16,0.999973701971486,2.6298028513949134e-05
11/2/2025,FanDuel,buffalo bills,kansas city chiefs,1.5,54.873209854565026,13.198837971623302,Over,0.999973701971486,0.22996765342492786,0.24996484067926927,23.0,1.62,0.999973701971486,2.6298028513949134e-05
11/2/2025,FanDuel,buffalo bills,kansas city chiefs,1.5,54.873209854565026,13.198837971623302,Over,0.999973701971486,0.22996765342492786,0.24996484067926927,23.0,2.16,0.999973701971486,2.6298028513949134e-05
11/2/2025,FanDuel,buffalo bills,kansas city chiefs,1.5,54.873209854565026,13.198837971623302,Over,0.999973701971486,0.22996765342492786,0.24996484067926927,23.0,1.88,0.999973701971486,2.6298028513949134e-05
10/30/2025,Bovada,miami dolphins,baltimore ravens,1.5,38.038544874462126,13.198837971623302,Over,0.9971826541663928,0.2265346646246632,0.24623333111376422,23.0,2.45,0.9971826541663928,0.0028173458336071544
10/30/2025,Bovada,miami dolphins,baltimore ravens,1.5,38.038544874462126,13.198837971623302,Over,0.9971826541663928,0.2265346646246632,0.24623333111376422,23.0,1.67,0.9971826541663928,0.0028173458336071544
10/30/2025,BetMGM,miami dolphins,baltimore ravens,1.5,38.038544874462126,13.198837971623302,Over,0.9971826541663928,0.2265346646246632,0.24623333111376422,23.0,1.74,0.9971826541663928,0.0028173458336071544
10/30/2025,FanDuel,miami dolphins,baltimore ravens,1.5,38.038544874462126,13.198837971623302,Over,0.9971826541663928,0.2265346646246632,0.24623333111376422,23.0,1.93,0.9971826541663928,0.0028173458336071544
10/30/2025,FanDuel,miami dolphins,baltimore ravens,1.5,38.038544874462126,13.198837971623302,Over,0.9971826541663928,0.2265346646246632,0.24623333111376422,23.0,2.24,0.9971826541663928,0.0028173458336071544
10/30/2025,FanDuel,miami dolphins,baltimore ravens,1.5,38.038544874462126,13.198837971623302,Over,0.9971826541663928,0.2265346646246632,0.24623333111376422,23.0,1.63,0.9971826541663928,0.0028173458336071544
10/30/2025,FanDuel,miami dolphins,baltimore ravens,1.5,38.038544874462126,13.198837971623302,Over,0.9971826541663928,0.2265346646246632,0.24623333111376422,23.0,2.46,0.9971826541663928,0.0028173458336071544
10/30/2025,BetMGM,miami dolphins,baltimore ravens,1.5,38.038544874462126,13.198837971623302,Over,0.9971826541663928,0.2265346646246632,0.24623333111376422,23.0,1.65,0.9971826541663928,0.0028173458336071544
10/30/2025,BetMGM,miami dolphins,baltimore ravens,1.5,38.038544874462126,13.198837971623302,Over,0.9971826541663928,0.2265346646246632,0.24623333111376422,23.0,2.1,0.9971826541663928,0.0028173458336071544
10/30/2025,BetMGM,miami dolphins,baltimore ravens,1.5,38.038544874462126,13.198837971623302,Over,0.9971826541663928,0.2265346646246632,0.24623333111376422,23.0,2.45,0.9971826541663928,0.0028173458336071544
10/30/2025,BetMGM,miami dolphins,baltimore ravens,1.5,38.038544874462126,13.198837971623302,Over,0.9971826541663928,0.2265346646246632,0.24623333111376422,23.0,1.65,0.9971826541663928,0.0028173458336071544
10/30/2025,BetMGM,miami dolphins,baltimore ravens,1.5,38.038544874462126,13.198837971623302,Over,0.9971826541663928,0.2265346646246632,0.24623333111376422,23.0,2.35,0.9971826541663928,0.0028173458336071544
10/30/2025,BetMGM,miami dolphins,baltimore ravens,1.5,38.038544874462126,13.198837971623302,Over,0.9971826541663928,0.2265346646246632,0.24623333111376422,23.0,1.95,0.9971826541663928,0.0028173458336071544
10/30/2025,FanDuel,miami dolphins,baltimore ravens,1.5,38.038544874462126,13.198837971623302,Over,0.9971826541663928,0.2265346646246632,0.24623333111376422,23.0,1.68,0.9971826541663928,0.0028173458336071544
10/30/2025,Bovada,miami dolphins,baltimore ravens,1.5,38.038544874462126,13.198837971623302,Over,0.9971826541663928,0.2265346646246632,0.24623333111376422,23.0,2.25,0.9971826541663928,0.0028173458336071544
10/30/2025,Bovada,miami dolphins,baltimore ravens,1.5,38.038544874462126,13.198837971623302,Over,0.9971826541663928,0.2265346646246632,0.24623333111376422,23.0,1.62,0.9971826541663928,0.0028173458336071544
10/30/2025,Bovada,miami dolphins,baltimore ravens,2.5,38.038544874462126,13.198837971623302,Over,0.9964546159073222,0.22563917756600632,0.2452599756152242,23.0,2.2,0.9964546159073222,0.0035453840926777946
10/30/2025,BetMGM,miami dolphins,baltimore ravens,2.5,38.038544874462126,13.198837971623302,Over,0.9964546159073222,0.22563917756600632,0.2452599756152242,23.0,1.83,0.9964546159073222,0.0035453840926777946
10/30/2025,BetMGM,miami dolphins,baltimore ravens,2.5,38.038544874462126,13.198837971623302,Over,0.9964546159073222,0.22563917756600632,0.2452599756152242,23.0,1.8,0.9964546159073222,0.0035453840926777946
10/30/2025,BetMGM,miami dolphins,baltimore ravens,2.5,38.038544874462126,13.198837971623302,Over,0.9964546159073222,0.22563917756600632,0.2452599756152242,23.0,1.69,0.9964546159073222,0.0035453840926777946
10/30/2025,BetMGM,miami dolphins,baltimore ravens,2.5,38.038544874462126,13.198837971623302,Over,0.9964546159073222,0.22563917756600632,0.2452599756152242,23.0,2.2,0.9964546159073222,0.0035453840926777946
10/30/2025,FanDuel,miami dolphins,baltimore ravens,2.5,38.038544874462126,13.198837971623302,Over,0.9964546159073222,0.22563917756600632,0.2452599756152242,23.0,2.18,0.9964546159073222,0.0035453840926777946
10/30/2025,Bovada,miami dolphins,baltimore ravens,2.5,38.038544874462126,13.198837971623302,Over,0.9964546159073222,0.22563917756600632,0.2452599756152242,23.0,1.59,0.9964546159073222,0.0035453840926777946
10/30/2025,FanDuel,miami dolphins,baltimore ravens,2.5,38.038544874462126,13.198837971623302,Over,0.9964546159073222,0.22563917756600632,0.2452599756152242,23.0,1.57,0.9964546159073222,0.0035453840926777946
10/30/2025,FanDuel,miami dolphins,baltimore ravens,2.5,38.038544874462126,13.198837971623302,Over,0.9964546159073222,0.22563917756600632,0.2452599756152242,23.0,1.93,0.9964546159073222,0.0035453840926777946
10/30/2025,FanDuel,miami dolphins,baltimore ravens,2.5,38.038544874462126,13.198837971623302,Over,0.9964546159073222,0.22563917756600632,0.2452599756152242,23.0,1.82,0.9964546159073222,0.0035453840926777946
10/30/2025,Bovada,miami dolphins,baltimore ravens,2.5,38.038544874462126,13.198837971623302,Over,0.9964546159073222,0.22563917756600632,0.2452599756152242,23.0,1.83,0.9964546159073222,0.0035453840926777946
10/30/2025,Bovada,miami dolphins,baltimore ravens,2.5,38.038544874462126,13.198837971623302,Over,0.9964546159073222,0.22563917756600632,0.2452599756152242,23.0,1.83,0.9964546159073222,0.0035453840926777946
10/30/2025,DraftKings,miami dolphins,baltimore ravens,3.5,38.038544874462126,13.198837971623302,Over,0.9955619117803741,0.22454115148986017,0.2440664690107175,23.0,2.0,0.9955619117803741,0.00443808821962588
10/30/2025,BetOnline.ag,miami dolphins,baltimore ravens,1.5,38.038544874462126,13.198837971623302,Over,0.9971826541663928,0.21656283808299928,0.2460941341852263,22.0,1.65,0.9971826541663928,0.0028173458336071544
10/30/2025,BetOnline.ag,miami dolphins,baltimore ravens,1.5,38.038544874462126,13.198837971623302,Over,0.9971826541663928,0.21656283808299928,0.2460941341852263,22.0,1.67,0.9971826541663928,0.0028173458336071544
10/30/2025,BetOnline.ag,miami dolphins,baltimore ravens,1.5,38.038544874462126,13.198837971623302,Over,0.9971826541663928,0.21656283808299928,0.2460941341852263,22.0,2.44,0.9971826541663928,0.0028173458336071544
10/30/2025,BetOnline.ag,miami dolphins,baltimore ravens,1.5,38.038544874462126,13.198837971623302,Over,0.9971826541663928,0.21656283808299928,0.2460941341852263,22.0,2.28,0.9971826541663928,0.0028173458336071544
11/2/2025,FanDuel,buffalo bills,kansas city chiefs,1.5,54.873209854565026,13.198837971623302,Over,0.999973701971486,0.2099681793854981,0.24996211831606927,21.0,1.88,0.999973701971486,2.6298028513949134e-05
11/2/2025,FanDuel,buffalo bills,kansas city chiefs,1.5,54.873209854565026,13.198837971623302,Over,0.999973701971486,0.2099681793854981,0.24996211831606927,21.0,2.36,0.999973701971486,2.6298028513949134e-05
11/2/2025,FanDuel,buffalo bills,kansas city chiefs,1.5,54.873209854565026,13.198837971623302,Over,0.999973701971486,0.2099681793854981,0.24996211831606927,21.0,1.62,0.999973701971486,2.6298028513949134e-05
11/2/2025,FanDuel,buffalo bills,kansas city chiefs,1.5,54.873209854565026,13.198837971623302,Over,0.999973701971486,0.2099681793854981,0.24996211831606927,21.0,2.16,0.999973701971486,2.6298028513949134e-05
11/2/2025,FanDuel,buffalo bills,kansas city chiefs,1.5,54.873209854565026,13.198837971623302,Over,0.999973701971486,0.2099681793854981,0.24996211831606927,21.0,2.16,0.999973701971486,2.6298028513949134e-05
11/2/2025,FanDuel,buffalo bills,kansas city chiefs,1.5,54.873209854565026,13.198837971623302,Over,0.999973701971486,0.2099681793854981,0.24996211831606927,21.0,1.62,0.999973701971486,2.6298028513949134e-05
11/2/2025,FanDuel,buffalo bills,kansas city chiefs,1.5,54.873209854565026,13.198837971623302,Over,0.999973701971486,0.2099681793854981,0.24996211831606927,21.0,2.36,0.999973701971486,2.6298028513949134e-05
11/2/2025,FanDuel,buffalo bills,kansas city chiefs,1.5,54.873209854565026,13.198837971623302,Over,0.999973701971486,0.2099681793854981,0.24996211831606927,21.0,1.88,0.999973701971486,2.6298028513949134e-05
10/30/2025,DraftKings,miami dolphins,baltimore ravens,1.5,38.038544874462126,13.198837971623302,Over,0.9971826541663928,0.20659101154133533,0.2459416804063517,21.0,1.64,0.9971826541663928,0.0028173458336071544
10/30/2025,DraftKings,miami dolphins,baltimore ravens,1.5,38.038544874462126,13.198837971623302,Over,0.9971826541663928,0.20659101154133533,0.2459416804063517,21.0,2.47,0.9971826541663928,0.0028173458336071544
10/30/2025,DraftKings,miami dolphins,baltimore ravens,1.5,38.038544874462126,13.198837971623302,Over,0.9971826541663928,0.20659101154133533,0.2459416804063517,21.0,2.26,0.9971826541663928,0.0028173458336071544
10/30/2025,DraftKings,miami dolphins,baltimore ravens,1.5,38.038544874462126,13.198837971623302,Over,0.9971826541663928,0.20659101154133533,0.2459416804063517,21.0,1.67,0.9971826541663928,0.0028173458336071544
10/30/2025,DraftKings,miami dolphins,baltimore ravens,1.5,38.038544874462126,13.198837971623302,Over,0.9971826541663928,0.20659101154133533,0.2459416804063517,21.0,1.98,0.9971826541663928,0.0028173458336071544
10/30/2025,BetOnline.ag,miami dolphins,baltimore ravens,0.5,38.038544874462126,13.198837971623302,Over,0.9977730035388569,0.1973276042466283,0.2466595053082854,20.0,2.22,0.9977730035388569,0.002226996461143105
10/30/2025,BetOnline.ag,miami dolphins,baltimore ravens,0.5,38.038544874462126,13.198837971623302,Over,0.9977730035388569,0.1973276042466283,0.2466595053082854,20.0,1.45,0.9977730035388569,0.002226996461143105
10/30/2025,BetOnline.ag,miami dolphins,baltimore ravens,0.5,38.038544874462126,13.198837971623302,Over,0.9977730035388569,0.1973276042466283,0.2466595053082854,20.0,2.72,0.9977730035388569,0.002226996461143105
10/30/2025,BetOnline.ag,miami dolphins,baltimore ravens,0.5,38.038544874462126,13.198837971623302,Over,0.9977730035388569,0.1973276042466283,0.2466595053082854,20.0,1.45,0.9977730035388569,0.002226996461143105
10/30/2025,BetOnline.ag,miami dolphins,baltimore ravens,0.5,38.038544874462126,13.198837971623302,Over,0.9977730035388569,0.1973276042466283,0.2466595053082854,20.0,2.22,0.9977730035388569,0.002226996461143105
10/30/2025,BetOnline.ag,miami dolphins,baltimore ravens,0.5,38.038544874462126,13.198837971623302,Over,0.9977730035388569,0.1973276042466283,0.2466595053082854,20.0,2.72,0.9977730035388569,0.002226996461143105
10/30/2025,Bovada,miami dolphins,baltimore ravens,1.5,38.038544874462126,13.198837971623302,Over,0.9971826541663928,0.18664735845800748,0.24558862955000987,19.0,1.62,0.9971826541663928,0.0028173458336071544
10/30/2025,Bovada,miami dolphins,baltimore ravens,1.5,38.038544874462126,13.198837971623302,Over,0.9971826541663928,0.18664735845800748,0.24558862955000987,19.0,2.25,0.9971826541663928,0.0028173458336071544
10/30/2025,Bovada,miami dolphins,baltimore ravens,1.5,38.038544874462126,13.198837971623302,Over,0.9971826541663928,0.18664735845800748,0.24558862955000987,19.0,2.45,0.9971826541663928,0.0028173458336071544
10/30/2025,Bovada,miami dolphins,baltimore ravens,1.5,38.038544874462126,13.198837971623302,Over,0.9971826541663928,0.18664735845800748,0.24558862955000987,19.0,1.67,0.9971826541663928,0.0028173458336071544
10/30/2025,BetRivers,miami dolphins,baltimore ravens,2.5,38.038544874462126,13.198837971623302,Over,0.9964546159073222,0.18578099292971342,0.24444867490751762,19.0,1.97,0.9964546159073222,0.0035453840926777946
10/30/2025,BetRivers,miami dolphins,baltimore ravens,2.5,38.038544874462126,13.198837971623302,Over,0.9964546159073222,0.18578099292971342,0.24444867490751762,19.0,2.38,0.9964546159073222,0.0035453840926777946
10/30/2025,BetRivers,miami dolphins,baltimore ravens,2.5,38.038544874462126,13.198837971623302,Over,0.9964546159073222,0.18578099292971342,0.24444867490751762,19.0,1.81,0.9964546159073222,0.0035453840926777946
10/30/2025,BetRivers,miami dolphins,baltimore ravens,2.5,38.038544874462126,13.198837971623302,Over,0.9964546159073222,0.18578099292971342,0.24444867490751762,19.0,1.66,0.9964546159073222,0.0035453840926777946
11/2/2025,FanDuel,buffalo bills,kansas city chiefs,1.5,54.873209854565026,13.198837971623302,Over,0.999973701971486,0.17996896832635353,0.24995690045326868,18.0,1.62,0.999973701971486,2.6298028513949134e-05
11/2/2025,FanDuel,buffalo bills,kansas city chiefs,1.5,54.873209854565026,13.198837971623302,Over,0.999973701971486,0.17996896832635353,0.24995690045326868,18.0,2.16,0.999973701971486,2.6298028513949134e-05
11/2/2025,FanDuel,buffalo bills,kansas city chiefs,1.5,54.873209854565026,13.198837971623302,Over,0.999973701971486,0.17996896832635353,0.24995690045326868,18.0,1.88,0.999973701971486,2.6298028513949134e-05
11/2/2025,FanDuel,buffalo bills,kansas city chiefs,1.5,54.873209854565026,13.198837971623302,Over,0.999973701971486,0.17996896832635353,0.24995690045326868,18.0,2.36,0.999973701971486,2.6298028513949134e-05
10/30/2025,BetOnline.ag,miami dolphins,baltimore ravens,0.5,38.038544874462126,13.198837971623302,Over,0.9977730035388569,0.17737214417585112,0.24635020024423768,18.0,1.45,0.9977730035388569,0.002226996461143105
10/30/2025,BetOnline.ag,miami dolphins,baltimore ravens,0.5,38.038544874462126,13.198837971623302,Over,0.9977730035388569,0.17737214417585112,0.24635020024423768,18.0,2.22,0.9977730035388569,0.002226996461143105
10/30/2025,BetOnline.ag,miami dolphins,baltimore ravens,0.5,38.038544874462126,13.198837971623302,Over,0.9977730035388569,0.17737214417585112,0.24635020024423768,18.0,2.72,0.9977730035388569,0.002226996461143105
10/30/2025,DraftKings,miami dolphins,baltimore ravens,2.5,38.038544874462126,13.198837971623302,Over,0.9964546159073222,0.1758164467706402,0.244189509403667,18.0,1.99,0.9964546159073222,0.0035453840926777946
10/30/2025,BetOnline.ag,miami dolphins,baltimore ravens,2.5,38.038544874462126,13.198837971623302,Over,0.9964546159073222,0.1758164467706402,0.244189509403667,18.0,1.8,0.9964546159073222,0.0035453840926777946
10/30/2025,BetOnline.ag,miami dolphins,baltimore ravens,2.5,38.038544874462126,13.198837971623302,Over,0.9964546159073222,0.1758164467706402,0.244189509403667,18.0,1.91,0.9964546159073222,0.0035453840926777946
10/30/2025,DraftKings,miami dolphins,baltimore ravens,2.5,38.038544874462126,13.198837971623302,Over,0.9964546159073222,0.1758164467706402,0.244189509403667,18.0,2.25,0.9964546159073222,0.0035453840926777946
10/30/2025,DraftKings,miami dolphins,baltimore ravens,2.5,38.038544874462126,13.198837971623302,Over,0.9964546159073222,0.1758164467706402,0.244189509403667,18.0,1.79,0.9964546159073222,0.0035453840926777946
10/30/2025,BetOnline.ag,miami dolphins,baltimore ravens,2.5,38.038544874462126,13.198837971623302,Over,0.9964546159073222,0.1758164467706402,0.244189509403667,18.0,1.59,0.9964546159073222,0.0035453840926777946
10/30/2025,BetOnline.ag,miami dolphins,baltimore ravens,2.5,38.038544874462126,13.198837971623302,Over,0.9964546159073222,0.1758164467706402,0.244189509403667,18.0,2.21,0.9964546159073222,0.0035453840926777946
10/30/2025,DraftKings,miami dolphins,baltimore ravens,2.5,38.038544874462126,13.198837971623302,Over,0.9964546159073222,0.1758164467706402,0.244189509403667,18.0,1.62,0.9964546159073222,0.0035453840926777946
10/30/2025,BetOnline.ag,miami dolphins,baltimore ravens,1.5,38.038544874462126,13.198837971623302,Over,0.9971826541663928,0.1567318788330157,0.24489356067658694,16.0,2.28,0.9971826541663928,0.0028173458336071544
10/30/2025,BetOnline.ag,miami dolphins,baltimore ravens,1.5,38.038544874462126,13.198837971623302,Over,0.9971826541663928,0.1567318788330157,0.24489356067658694,16.0,1.65,0.9971826541663928,0.0028173458336071544
10/30/2025,BetOnline.ag,miami dolphins,baltimore ravens,1.5,38.038544874462126,13.198837971623302,Over,0.9971826541663928,0.1567318788330157,0.24489356067658694,16.0,2.44,0.9971826541663928,0.0028173458336071544
10/30/2025,BetOnline.ag,miami dolphins,baltimore ravens,1.5,38.038544874462126,13.198837971623302,Over,0.9971826541663928,0.1567318788330157,0.24489356067658694,16.0,1.67,0.9971826541663928,0.0028173458336071544
10/30/2025,BetOnline.ag,miami dolphins,baltimore ravens,0.5,38.038544874462126,13.198837971623302,Over,0.9977730035388569,0.14743895406968544,0.2457315901161424,15.0,1.45,0.9977730035388569,0.002226996461143105
10/30/2025,BetOnline.ag,miami dolphins,baltimore ravens,0.5,38.038544874462126,13.198837971623302,Over,0.9977730035388569,0.14743895406968544,0.2457315901161424,15.0,2.22,0.9977730035388569,0.002226996461143105
10/30/2025,BetOnline.ag,miami dolphins,baltimore ravens,0.5,38.038544874462126,13.198837971623302,Over,0.9977730035388569,0.14743895406968544,0.2457315901161424,15.0,2.72,0.9977730035388569,0.002226996461143105
10/30/2025,BetOnline.ag,miami dolphins,baltimore ravens,0.5,38.038544874462126,13.198837971623302,Over,0.9977730035388569,0.14743895406968544,0.2457315901161424,15.0,2.72,0.9977730035388569,0.002226996461143105
10/30/2025,BetOnline.ag,miami dolphins,baltimore ravens,0.5,38.038544874462126,13.198837971623302,Over,0.9977730035388569,0.14743895406968544,0.2457315901161424,15.0,2.22,0.9977730035388569,0.002226996461143105
10/30/2025,BetOnline.ag,miami dolphins,baltimore ravens,0.5,38.038544874462126,13.198837971623302,Over,0.9977730035388569,0.14743895406968544,0.2457315901161424,15.0,1.45,0.9977730035388569,0.002226996461143105
10/30/2025,BetOnline.ag,miami dolphins,baltimore ravens,0.5,38.038544874462126,13.198837971623302,Over,0.9977730035388569,0.14743895406968544,0.2457315901161424,15.0,2.72,0.9977730035388569,0.002226996461143105
10/30/2025,BetOnline.ag,miami dolphins,baltimore ravens,0.5,38.038544874462126,13.198837971623302,Over,0.9977730035388569,0.14743895406968544,0.2457315901161424,15.0,1.45,0.9977730035388569,0.002226996461143105
10/30/2025,BetOnline.ag,miami dolphins,baltimore ravens,0.5,38.038544874462126,13.198837971623302,Over,0.9977730035388569,0.14743895406968544,0.2457315901161424,15.0,2.22,0.9977730035388569,0.002226996461143105
10/30/2025,BetOnline.ag,miami dolphins,baltimore ravens,0.5,38.038544874462126,13.198837971623302,Over,0.9977730035388569,0.14743895406968544,0.2457315901161424,15.0,2.22,0.9977730035388569,0.002226996461143105
10/30/2025,BetOnline.ag,miami dolphins,baltimore ravens,0.5,38.038544874462126,13.198837971623302,Over,0.9977730035388569,0.14743895406968544,0.2457315901161424,15.0,2.72,0.9977730035388569,0.002226996461143105
10/30/2025,BetOnline.ag,miami dolphins,baltimore ravens,0.5,38.038544874462126,13.198837971623302,Over,0.9977730035388569,0.14743895406968544,0.2457315901161424,15.0,1.45,0.9977730035388569,0.002226996461143105
10/30/2025,BetRivers,miami dolphins,baltimore ravens,1.5,38.038544874462126,13.198837971623302,Over,0.9971826541663928,0.14676005229135178,0.24460008715225284,15.0,1.66,0.9971826541663928,0.0028173458336071544
10/30/2025,BetRivers,miami dolphins,baltimore ravens,1.5,38.038544874462126,13.198837971623302,Over,0.9971826541663928,0.14676005229135178,0.24460008715225284,15.0,1.67,0.9971826541663928,0.0028173458336071544
10/30/2025,BetRivers,miami dolphins,baltimore ravens,1.5,38.038544874462126,13.198837971623302,Over,0.9971826541663928,0.14676005229135178,0.24460008715225284,15.0,2.35,0.9971826541663928,0.0028173458336071544
10/30/2025,BetRivers,miami dolphins,baltimore ravens,1.5,38.038544874462126,13.198837971623302,Over,0.9971826541663928,0.14676005229135178,0.24460008715225284,15.0,2.3,0.9971826541663928,0.0028173458336071544
10/30/2025,Bovada,miami dolphins,baltimore ravens,2.5,38.038544874462126,13.198837971623302,Over,0.9964546159073222,0.14592280829342053,0.2432046804890342,15.0,1.83,0.9964546159073222,0.0035453840926777946
10/30/2025,Bovada,miami dolphins,baltimore ravens,2.5,38.038544874462126,13.198837971623302,Over,0.9964546159073222,0.14592280829342053,0.2432046804890342,15.0,2.2,0.9964546159073222,0.0035453840926777946
10/30/2025,Bovada,miami dolphins,baltimore ravens,2.5,38.038544874462126,13.198837971623302,Over,0.9964546159073222,0.14592280829342053,0.2432046804890342,15.0,1.83,0.9964546159073222,0.0035453840926777946
10/30/2025,Bovada,miami dolphins,baltimore ravens,2.5,38.038544874462126,13.198837971623302,Over,0.9964546159073222,0.14592280829342053,0.2432046804890342,15.0,1.59,0.9964546159073222,0.0035453840926777946
10/30/2025,DraftKings,miami dolphins,baltimore ravens,1.5,38.038544874462126,13.198837971623302,Over,0.9971826541663928,0.13678822574968785,0.24426468883872848,14.0,1.67,0.9971826541663928,0.0028173458336071544
10/30/2025,DraftKings,miami dolphins,baltimore ravens,1.5,38.038544874462126,13.198837971623302,Over,0.9971826541663928,0.13678822574968785,0.24426468883872848,14.0,1.98,0.9971826541663928,0.0028173458336071544
10/30/2025,DraftKings,miami dolphins,baltimore ravens,1.5,38.038544874462126,13.198837971623302,Over,0.9971826541663928,0.13678822574968785,0.24426468883872848,14.0,2.26,0.9971826541663928,0.0028173458336071544
10/30/2025,DraftKings,miami dolphins,baltimore ravens,1.5,38.038544874462126,13.198837971623302,Over,0.9971826541663928,0.13678822574968785,0.24426468883872848,14.0,1.64,0.9971826541663928,0.0028173458336071544
10/30/2025,FanDuel,miami dolphins,baltimore ravens,1.5,38.038544874462126,13.198837971623302,Over,0.9971826541663928,0.13678822574968785,0.24426468883872848,14.0,1.93,0.9971826541663928,0.0028173458336071544
10/30/2025,DraftKings,miami dolphins,baltimore ravens,1.5,38.038544874462126,13.198837971623302,Over,0.9971826541663928,0.13678822574968785,0.24426468883872848,14.0,2.47,0.9971826541663928,0.0028173458336071544
10/30/2025,FanDuel,miami dolphins,baltimore ravens,1.5,38.038544874462126,13.198837971623302,Over,0.9971826541663928,0.13678822574968785,0.24426468883872848,14.0,2.46,0.9971826541663928,0.0028173458336071544
10/30/2025,FanDuel,miami dolphins,baltimore ravens,1.5,38.038544874462126,13.198837971623302,Over,0.9971826541663928,0.13678822574968785,0.24426468883872848,14.0,1.68,0.9971826541663928,0.0028173458336071544
10/30/2025,FanDuel,miami dolphins,baltimore ravens,1.5,38.038544874462126,13.198837971623302,Over,0.9971826541663928,0.13678822574968785,0.24426468883872848,14.0,1.63,0.9971826541663928,0.0028173458336071544
10/30/2025,FanDuel,miami dolphins,baltimore ravens,1.5,38.038544874462126,13.198837971623302,Over,0.9971826541663928,0.13678822574968785,0.24426468883872848,14.0,2.24,0.9971826541663928,0.0028173458336071544
10/30/2025,BetMGM,miami dolphins,baltimore ravens,1.5,38.038544874462126,13.198837971623302,Over,0.9971826541663928,0.13678822574968785,0.24426468883872848,14.0,1.65,0.9971826541663928,0.0028173458336071544
10/30/2025,FanDuel,miami dolphins,baltimore ravens,1.5,38.038544874462126,13.198837971623302,Over,0.9971826541663928,0.13678822574968785,0.24426468883872848,14.0,2.46,0.9971826541663928,0.0028173458336071544
10/30/2025,BetMGM,miami dolphins,baltimore ravens,1.5,38.038544874462126,13.198837971623302,Over,0.9971826541663928,0.13678822574968785,0.24426468883872848,14.0,1.74,0.9971826541663928,0.0028173458336071544
10/30/2025,BetMGM,miami dolphins,baltimore ravens,1.5,38.038544874462126,13.198837971623302,Over,0.9971826541663928,0.13678822574968785,0.24426468883872848,14.0,2.1,0.9971826541663928,0.0028173458336071544
10/30/2025,BetMGM,miami dolphins,baltimore ravens,1.5,38.038544874462126,13.198837971623302,Over,0.9971826541663928,0.13678822574968785,0.24426468883872848,14.0,2.45,0.9971826541663928,0.0028173458336071544
10/30/2025,FanDuel,miami dolphins,baltimore ravens,1.5,38.038544874462126,13.198837971623302,Over,0.9971826541663928,0.13678822574968785,0.24426468883872848,14.0,1.68,0.9971826541663928,0.0028173458336071544
10/30/2025,FanDuel,miami dolphins,baltimore ravens,1.5,38.038544874462126,13.198837971623302,Over,0.9971826541663928,0.13678822574968785,0.24426468883872848,14.0,1.63,0.9971826541663928,0.0028173458336071544
10/30/2025,FanDuel,miami dolphins,baltimore ravens,1.5,38.038544874462126,13.198837971623302,Over,0.9971826541663928,0.13678822574968785,0.24426468883872848,14.0,2.24,0.9971826541663928,0.0028173458336071544
10/30/2025,BetMGM,miami dolphins,baltimore ravens,1.5,38.038544874462126,13.198837971623302,Over,0.9971826541663928,0.13678822574968785,0.24426468883872848,14.0,1.65,0.9971826541663928,0.0028173458336071544
10/30/2025,FanDuel,miami dolphins,baltimore ravens,1.5,38.038544874462126,13.198837971623302,Over,0.9971826541663928,0.13678822574968785,0.24426468883872848,14.0,1.93,0.9971826541663928,0.0028173458336071544
10/30/2025,Bovada,miami dolphins,baltimore ravens,1.5,38.038544874462126,13.198837971623302,Over,0.9971826541663928,0.13678822574968785,0.24426468883872848,14.0,2.45,0.9971826541663928,0.0028173458336071544
10/30/2025,Bovada,miami dolphins,baltimore ravens,1.5,38.038544874462126,13.198837971623302,Over,0.9971826541663928,0.13678822574968785,0.24426468883872848,14.0,1.67,0.9971826541663928,0.0028173458336071544
10/30/2025,Bovada,miami dolphins,baltimore ravens,1.5,38.038544874462126,13.198837971623302,Over,0.9971826541663928,0.13678822574968785,0.24426468883872848,14.0,1.62,0.9971826541663928,0.0028173458336071544
10/30/2025,Bovada,miami dolphins,baltimore ravens,1.5,38.038544874462126,13.198837971623302,Over,0.9971826541663928,0.13678822574968785,0.24426468883872848,14.0,2.25,0.9971826541663928,0.0028173458336071544
10/30/2025,BetMGM,miami dolphins,baltimore ravens,1.5,38.038544874462126,13.198837971623302,Over,0.9971826541663928,0.13678822574968785,0.24426468883872848,14.0,1.95,0.9971826541663928,0.0028173458336071544
10/30/2025,BetMGM,miami dolphins,baltimore ravens,1.5,38.038544874462126,13.198837971623302,Over,0.9971826541663928,0.13678822574968785,0.24426468883872848,14.0,2.35,0.9971826541663928,0.0028173458336071544
10/30/2025,FanDuel,miami dolphins,baltimore ravens,3.5,38.038544874462126,13.198837971623302,Over,0.9955619117803741,0.1349405794296265,0.2409653204100474,13.8,1.98,0.9955619117803741,0.00443808821962588
10/30/2025,DraftKings,miami dolphins,baltimore ravens,13.5,38.038544874462126,13.198837971623302,Over,0.9684966589204513,0.13314109093692808,0.19579572196607048,16.6,1.87,0.9684966589204513,0.031503341079548663
10/30/2025,DraftKings,miami dolphins,baltimore ravens,13.5,38.038544874462126,13.198837971623302,Over,0.9684966589204513,0.13314109093692808,0.19579572196607048,16.6,1.91,0.9684966589204513,0.031503341079548663
10/30/2025,BetMGM,miami dolphins,baltimore ravens,2.5,38.038544874462126,13.198837971623302,Over,0.9964546159073222,0.1259937159752741,0.24229560764475763,13.0,1.83,0.9964546159073222,0.0035453840926777946
10/30/2025,BetMGM,miami dolphins,baltimore ravens,2.5,38.038544874462126,13.198837971623302,Over,0.9964546159073222,0.1259937159752741,0.24229560764475763,13.0,1.69,0.9964546159073222,0.0035453840926777946
10/30/2025,FanDuel,miami dolphins,baltimore ravens,2.5,38.038544874462126,13.198837971623302,Over,0.9964546159073222,0.1259937159752741,0.24229560764475763,13.0,2.18,0.9964546159073222,0.0035453840926777946
10/30/2025,FanDuel,miami dolphins,baltimore ravens,2.5,38.038544874462126,13.198837971623302,Over,0.9964546159073222,0.1259937159752741,0.24229560764475763,13.0,1.82,0.9964546159073222,0.0035453840926777946
10/30/2025,FanDuel,miami dolphins,baltimore ravens,2.5,38.038544874462126,13.198837971623302,Over,0.9964546159073222,0.1259937159752741,0.24229560764475763,13.0,1.57,0.9964546159073222,0.0035453840926777946
10/30/2025,BetMGM,miami dolphins,baltimore ravens,2.5,38.038544874462126,13.198837971623302,Over,0.9964546159073222,0.1259937159752741,0.24229560764475763,13.0,1.8,0.9964546159073222,0.0035453840926777946
10/30/2025,FanDuel,miami dolphins,baltimore ravens,2.5,38.038544874462126,13.198837971623302,Over,0.9964546159073222,0.1259937159752741,0.24229560764475763,13.0,1.93,0.9964546159073222,0.0035453840926777946
10/30/2025,BetMGM,miami dolphins,baltimore ravens,2.5,38.038544874462126,13.198837971623302,Over,0.9964546159073222,0.1259937159752741,0.24229560764475763,13.0,2.2,0.9964546159073222,0.0035453840926777946
10/30/2025,Bovada,miami dolphins,baltimore ravens,3.5,38.038544874462126,13.198837971623302,Over,0.9955619117803741,0.12498496031182277,0.24035569290735137,13.0,2.0,0.9955619117803741,0.00443808821962588
10/30/2025,BetOnline.ag,miami dolphins,baltimore ravens,3.5,38.038544874462126,13.198837971623302,Over,0.9955619117803741,0.12498496031182277,0.24035569290735137,13.0,1.95,0.9955619117803741,0.00443808821962588
10/30/2025,BetOnline.ag,miami dolphins,baltimore ravens,3.5,38.038544874462126,13.198837971623302,Over,0.9955619117803741,0.12498496031182277,0.24035569290735137,13.0,2.02,0.9955619117803741,0.00443808821962588
10/30/2025,BetOnline.ag,miami dolphins,baltimore ravens,0.5,38.038544874462126,13.198837971623302,Over,0.9977730035388569,0.11750576396351972,0.2448036749239995,12.0,2.72,0.9977730035388569,0.002226996461143105
10/30/2025,BetOnline.ag,miami dolphins,baltimore ravens,0.5,38.038544874462126,13.198837971623302,Over,0.9977730035388569,0.11750576396351972,0.2448036749239995,12.0,1.45,0.9977730035388569,0.002226996461143105
10/30/2025,BetOnline.ag,miami dolphins,baltimore ravens,0.5,38.038544874462126,13.198837971623302,Over,0.9977730035388569,0.11750576396351972,0.2448036749239995,12.0,2.22,0.9977730035388569,0.002226996461143105
10/30/2025,BetMGM,miami dolphins,baltimore ravens,1.5,38.038544874462126,13.198837971623302,Over,0.9971826541663928,0.11684457266635999,0.2434261930549168,12.0,1.65,0.9971826541663928,0.0028173458336071544
10/30/2025,BetMGM,miami dolphins,baltimore ravens,1.5,38.038544874462126,13.198837971623302,Over,0.9971826541663928,0.11684457266635999,0.2434261930549168,12.0,2.45,0.9971826541663928,0.0028173458336071544
10/30/2025,BetMGM,miami dolphins,baltimore ravens,1.5,38.038544874462126,13.198837971623302,Over,0.9971826541663928,0.11684457266635999,0.2434261930549168,12.0,1.65,0.9971826541663928,0.0028173458336071544
10/30/2025,BetMGM,miami dolphins,baltimore ravens,1.5,38.038544874462126,13.198837971623302,Over,0.9971826541663928,0.11684457266635999,0.2434261930549168,12.0,2.35,0.9971826541663928,0.0028173458336071544
10/30/2025,BetMGM,miami dolphins,baltimore ravens,1.5,38.038544874462126,13.198837971623302,Over,0.9971826541663928,0.11684457266635999,0.2434261930549168,12.0,1.74,0.9971826541663928,0.0028173458336071544
10/30/2025,BetMGM,miami dolphins,baltimore ravens,1.5,38.038544874462126,13.198837971623302,Over,0.9971826541663928,0.11684457266635999,0.2434261930549168,12.0,1.74,0.9971826541663928,0.0028173458336071544
10/30/2025,BetMGM,miami dolphins,baltimore ravens,1.5,38.038544874462126,13.198837971623302,Over,0.9971826541663928,0.11684457266635999,0.2434261930549168,12.0,1.95,0.9971826541663928,0.0028173458336071544
10/30/2025,BetMGM,miami dolphins,baltimore ravens,1.5,38.038544874462126,13.198837971623302,Over,0.9971826541663928,0.11684457266635999,0.2434261930549168,12.0,1.65,0.9971826541663928,0.0028173458336071544
10/30/2025,BetMGM,miami dolphins,baltimore ravens,1.5,38.038544874462126,13.198837971623302,Over,0.9971826541663928,0.11684457266635999,0.2434261930549168,12.0,2.1,0.9971826541663928,0.0028173458336071544
10/30/2025,BetMGM,miami dolphins,baltimore ravens,1.5,38.038544874462126,13.198837971623302,Over,0.9971826541663928,0.11684457266635999,0.2434261930549168,12.0,2.45,0.9971826541663928,0.0028173458336071544
10/30/2025,BetMGM,miami dolphins,baltimore ravens,1.5,38.038544874462126,13.198837971623302,Over,0.9971826541663928,0.11684457266635999,0.2434261930549168,12.0,1.65,0.9971826541663928,0.0028173458336071544
10/30/2025,BetMGM,miami dolphins,baltimore ravens,1.5,38.038544874462126,13.198837971623302,Over,0.9971826541663928,0.11684457266635999,0.2434261930549168,12.0,2.35,0.9971826541663928,0.0028173458336071544
10/30/2025,BetMGM,miami dolphins,baltimore ravens,1.5,38.038544874462126,13.198837971623302,Over,0.9971826541663928,0.11684457266635999,0.2434261930549168,12.0,1.95,0.9971826541663928,0.0028173458336071544
10/30/2025,BetMGM,miami dolphins,baltimore ravens,1.5,38.038544874462126,13.198837971623302,Over,0.9971826541663928,0.11684457266635999,0.2434261930549168,12.0,2.1,0.9971826541663928,0.0028173458336071544
10/30/2025,FanDuel,miami dolphins,baltimore ravens,1.5,38.038544874462126,13.198837971623302,Over,0.9971826541663928,0.11684457266635999,0.2434261930549168,12.0,2.24,0.9971826541663928,0.0028173458336071544
10/30/2025,FanDuel,miami dolphins,baltimore ravens,1.5,38.038544874462126,13.198837971623302,Over,0.9971826541663928,0.11684457266635999,0.2434261930549168,12.0,1.63,0.9971826541663928,0.0028173458336071544
10/30/2025,BetRivers,miami dolphins,baltimore ravens,1.5,38.038544874462126,13.198837971623302,Over,0.9971826541663928,0.11684457266635999,0.2434261930549168,11.5,2.3,0.9971826541663928,0.0028173458336071544
10/30/2025,BetRivers,miami dolphins,baltimore ravens,1.5,38.038544874462126,13.198837971623302,Over,0.9971826541663928,0.11684457266635999,0.2434261930549168,11.5,1.67,0.9971826541663928,0.0028173458336071544
10/30/2025,BetRivers,miami dolphins,baltimore ravens,1.5,38.038544874462126,13.198837971623302,Over,0.9971826541663928,0.11684457266635999,0.2434261930549168,11.5,2.35,0.9971826541663928,0.0028173458336071544
10/30/2025,BetRivers,miami dolphins,baltimore ravens,1.5,38.038544874462126,13.198837971623302,Over,0.9971826541663928,0.11684457266635999,0.2434261930549168,11.5,1.66,0.9971826541663928,0.0028173458336071544
10/30/2025,BetRivers,miami dolphins,baltimore ravens,1.5,38.038544874462126,13.198837971623302,Over,0.9971826541663928,0.11684457266635999,0.2434261930549168,11.5,1.67,0.9971826541663928,0.0028173458336071544
10/30/2025,BetRivers,miami dolphins,baltimore ravens,1.5,38.038544874462126,13.198837971623302,Over,0.9971826541663928,0.11684457266635999,0.2434261930549168,11.5,2.3,0.9971826541663928,0.0028173458336071544
10/30/2025,BetRivers,miami dolphins,baltimore ravens,1.5,38.038544874462126,13.198837971623302,Over,0.9971826541663928,0.11684457266635999,0.2434261930549168,11.5,2.35,0.9971826541663928,0.0028173458336071544
10/30/2025,BetRivers,miami dolphins,baltimore ravens,1.5,38.038544874462126,13.198837971623302,Over,0.9971826541663928,0.11684457266635999,0.2434261930549168,11.5,1.66,0.9971826541663928,0.0028173458336071544
10/30/2025,FanDuel,miami dolphins,baltimore ravens,1.5,38.038544874462126,13.198837971623302,Over,0.9971826541663928,0.11684457266635999,0.2434261930549168,12.0,2.46,0.9971826541663928,0.0028173458336071544
10/30/2025,FanDuel,miami dolphins,baltimore ravens,1.5,38.038544874462126,13.198837971623302,Over,0.9971826541663928,0.11684457266635999,0.2434261930549168,12.0,1.68,0.9971826541663928,0.0028173458336071544
10/30/2025,FanDuel,miami dolphins,baltimore ravens,1.5,38.038544874462126,13.198837971623302,Over,0.9971826541663928,0.11684457266635999,0.2434261930549168,12.0,1.93,0.9971826541663928,0.0028173458336071544
10/30/2025,BetOnline.ag,miami dolphins,baltimore ravens,2.5,38.038544874462126,13.198837971623302,Over,0.9964546159073222,0.11602916981620087,0.2417274371170855,12.0,1.59,0.9964546159073222,0.0035453840926777946
10/30/2025,BetOnline.ag,miami dolphins,baltimore ravens,2.5,38.038544874462126,13.198837971623302,Over,0.9964546159073222,0.11602916981620087,0.2417274371170855,12.0,2.21,0.9964546159073222,0.0035453840926777946
10/30/2025,BetOnline.ag,miami dolphins,baltimore ravens,2.5,38.038544874462126,13.198837971623302,Over,0.9964546159073222,0.11602916981620087,0.2417274371170855,12.0,1.8,0.9964546159073222,0.0035453840926777946
10/30/2025,BetRivers,miami dolphins,baltimore ravens,2.5,38.038544874462126,13.198837971623302,Over,0.9964546159073222,0.11602916981620087,0.2417274371170855,12.0,1.81,0.9964546159073222,0.0035453840926777946
10/30/2025,BetRivers,miami dolphins,baltimore ravens,2.5,38.038544874462126,13.198837971623302,Over,0.9964546159073222,0.11602916981620087,0.2417274371170855,12.0,2.38,0.9964546159073222,0.0035453840926777946
10/30/2025,BetRivers,miami dolphins,baltimore ravens,2.5,38.038544874462126,13.198837971623302,Over,0.9964546159073222,0.11602916981620087,0.2417274371170855,12.0,1.97,0.9964546159073222,0.0035453840926777946
10/30/2025,BetRivers,miami dolphins,baltimore ravens,2.5,38.038544874462126,13.198837971623302,Over,0.9964546159073222,0.11602916981620087,0.2417274371170855,12.0,1.66,0.9964546159073222,0.0035453840926777946
10/30/2025,BetOnline.ag,miami dolphins,baltimore ravens,2.5,38.038544874462126,13.198837971623302,Over,0.9964546159073222,0.11602916981620087,0.2417274371170855,12.0,1.91,0.9964546159073222,0.0035453840926777946
11/2/2025,FanDuel,buffalo bills,kansas city chiefs,3.5,54.873209854565026,13.198837971623302,Over,0.9999503410969225,0.10994487861758397,0.24987472413087286,11.0,2.06,0.9999503410969225,4.965890307750964e-05
11/2/2025,FanDuel,buffalo bills,kansas city chiefs,3.5,54.873209854565026,13.198837971623302,Over,0.9999503410969225,0.10994487861758397,0.24987472413087286,11.0,2.12,0.9999503410969225,4.965890307750964e-05
11/2/2025,FanDuel,buffalo bills,kansas city chiefs,3.5,54.873209854565026,13.198837971623302,Over,0.9999503410969225,0.10994487861758397,0.24987472413087286,11.0,1.65,0.9999503410969225,4.965890307750964e-05
10/30/2025,DraftKings,miami dolphins,baltimore ravens,1.5,38.038544874462126,13.198837971623302,Over,0.9971826541663928,0.10687274612469606,0.24289260482885477,11.0,2.26,0.9971826541663928,0.0028173458336071544
10/30/2025,DraftKings,miami dolphins,baltimore ravens,1.5,38.038544874462126,13.198837971623302,Over,0.9971826541663928,0.10687274612469606,0.24289260482885477,11.0,1.98,0.9971826541663928,0.0028173458336071544
10/30/2025,DraftKings,miami dolphins,baltimore ravens,1.5,38.038544874462126,13.198837971623302,Over,0.9971826541663928,0.10687274612469606,0.24289260482885477,11.0,1.67,0.9971826541663928,0.0028173458336071544
10/30/2025,DraftKings,miami dolphins,baltimore ravens,1.5,38.038544874462126,13.198837971623302,Over,0.9971826541663928,0.10687274612469606,0.24289260482885477,11.0,2.26,0.9971826541663928,0.0028173458336071544
10/30/2025,DraftKings,miami dolphins,baltimore ravens,1.5,38.038544874462126,13.198837971623302,Over,0.9971826541663928,0.10687274612469606,0.24289260482885477,11.0,1.64,0.9971826541663928,0.0028173458336071544
10/30/2025,DraftKings,miami dolphins,baltimore ravens,1.5,38.038544874462126,13.198837971623302,Over,0.9971826541663928,0.10687274612469606,0.24289260482885477,11.0,2.47,0.9971826541663928,0.0028173458336071544
10/30/2025,DraftKings,miami dolphins,baltimore ravens,1.5,38.038544874462126,13.198837971623302,Over,0.9971826541663928,0.10687274612469606,0.24289260482885477,11.0,1.67,0.9971826541663928,0.0028173458336071544
10/30/2025,DraftKings,miami dolphins,baltimore ravens,1.5,38.038544874462126,13.198837971623302,Over,0.9971826541663928,0.10687274612469606,0.24289260482885477,11.0,1.98,0.9971826541663928,0.0028173458336071544
10/30/2025,DraftKings,miami dolphins,baltimore ravens,1.5,38.038544874462126,13.198837971623302,Over,0.9971826541663928,0.10687274612469606,0.24289260482885477,11.0,1.64,0.9971826541663928,0.0028173458336071544
10/30/2025,DraftKings,miami dolphins,baltimore ravens,1.5,38.038544874462126,13.198837971623302,Over,0.9971826541663928,0.10687274612469606,0.24289260482885477,11.0,2.47,0.9971826541663928,0.0028173458336071544
11/2/2025,FanDuel,buffalo bills,kansas city chiefs,1.5,54.873209854565026,13.198837971623302,Over,0.999973701971486,0.09997107216863466,0.24992768042158664,10.5,2.36,0.999973701971486,2.6298028513949134e-05
11/2/2025,FanDuel,buffalo bills,kansas city chiefs,1.5,54.873209854565026,13.198837971623302,Over,0.999973701971486,0.09997107216863466,0.24992768042158664,10.5,1.88,0.999973701971486,2.6298028513949134e-05
11/2/2025,FanDuel,buffalo bills,kansas city chiefs,1.5,54.873209854565026,13.198837971623302,Over,0.999973701971486,0.09997107216863466,0.24992768042158664,10.5,1.62,0.999973701971486,2.6298028513949134e-05
11/2/2025,FanDuel,buffalo bills,kansas city chiefs,1.5,54.873209854565026,13.198837971623302,Over,0.999973701971486,0.09997107216863466,0.24992768042158664,10.5,2.16,0.999973701971486,2.6298028513949134e-05
10/30/2025,BetOnline.ag,miami dolphins,baltimore ravens,0.5,38.038544874462126,13.198837971623302,Over,0.9977730035388569,0.09755030389274259,0.24387575973185693,10.0,2.72,0.9977730035388569,0.002226996461143105
10/30/2025,BetOnline.ag,miami dolphins,baltimore ravens,0.5,38.038544874462126,13.198837971623302,Over,0.9977730035388569,0.09755030389274259,0.24387575973185693,10.0,2.22,0.9977730035388569,0.002226996461143105
10/30/2025,BetOnline.ag,miami dolphins,baltimore ravens,0.5,38.038544874462126,13.198837971623302,Over,0.9977730035388569,0.09755030389274259,0.24387575973185693,10.0,2.72,0.9977730035388569,0.002226996461143105
10/30/2025,BetOnline.ag,miami dolphins,baltimore ravens,0.5,38.038544874462126,13.198837971623302,Over,0.9977730035388569,0.09755030389274259,0.24387575973185693,10.0,2.72,0.9977730035388569,0.002226996461143105
10/30/2025,BetOnline.ag,miami dolphins,baltimore ravens,0.5,38.038544874462126,13.198837971623302,Over,0.9977730035388569,0.09755030389274259,0.24387575973185693,10.0,1.45,0.9977730035388569,0.002226996461143105
10/30/2025,BetOnline.ag,miami dolphins,baltimore ravens,0.5,38.038544874462126,13.198837971623302,Over,0.9977730035388569,0.09755030389274259,0.24387575973185693,10.0,1.45,0.9977730035388569,0.002226996461143105
10/30/2025,BetOnline.ag,miami dolphins,baltimore ravens,0.5,38.038544874462126,13.198837971623302,Over,0.9977730035388569,0.09755030389274259,0.24387575973185693,10.0,2.22,0.9977730035388569,0.002226996461143105
10/30/2025,BetOnline.ag,miami dolphins,baltimore ravens,0.5,38.038544874462126,13.198837971623302,Over,0.9977730035388569,0.09755030389274259,0.24387575973185693,10.0,2.72,0.9977730035388569,0.002226996461143105
10/30/2025,BetOnline.ag,miami dolphins,baltimore ravens,0.5,38.038544874462126,13.198837971623302,Over,0.9977730035388569,0.09755030389274259,0.24387575973185693,10.0,1.45,0.9977730035388569,0.002226996461143105
10/30/2025,BetOnline.ag,miami dolphins,baltimore ravens,0.5,38.038544874462126,13.198837971623302,Over,0.9977730035388569,0.09755030389274259,0.24387575973185693,10.0,2.22,0.9977730035388569,0.002226996461143105
10/30/2025,BetOnline.ag,miami dolphins,baltimore ravens,0.5,38.038544874462126,13.198837971623302,Over,0.9977730035388569,0.09755030389274259,0.24387575973185693,10.0,2.22,0.9977730035388569,0.002226996461143105
10/30/2025,BetOnline.ag,miami dolphins,baltimore ravens,0.5,38.038544874462126,13.198837971623302,Over,0.9977730035388569,0.09755030389274259,0.24387575973185693,10.0,1.45,0.9977730035388569,0.002226996461143105
10/30/2025,FanDuel,miami dolphins,baltimore ravens,1.5,38.038544874462126,13.198837971623302,Over,0.9971826541663928,0.09690091958303214,0.24225229895758038,9.5,2.24,0.9971826541663928,0.0028173458336071544
10/30/2025,FanDuel,miami dolphins,baltimore ravens,1.5,38.038544874462126,13.198837971623302,Over,0.9971826541663928,0.09690091958303214,0.24225229895758038,9.5,1.93,0.9971826541663928,0.0028173458336071544
10/30/2025,BetOnline.ag,miami dolphins,baltimore ravens,1.5,38.038544874462126,13.198837971623302,Over,0.9971826541663928,0.09690091958303214,0.24225229895758038,9.5,2.28,0.9971826541663928,0.0028173458336071544
10/30/2025,BetOnline.ag,miami dolphins,baltimore ravens,1.5,38.038544874462126,13.198837971623302,Over,0.9971826541663928,0.09690091958303214,0.24225229895758038,9.5,1.67,0.9971826541663928,0.0028173458336071544
10/30/2025,BetOnline.ag,miami dolphins,baltimore ravens,1.5,38.038544874462126,13.198837971623302,Over,0.9971826541663928,0.09690091958303214,0.24225229895758038,9.5,2.44,0.9971826541663928,0.0028173458336071544
10/30/2025,FanDuel,miami dolphins,baltimore ravens,1.5,38.038544874462126,13.198837971623302,Over,0.9971826541663928,0.09690091958303214,0.24225229895758038,9.5,1.63,0.9971826541663928,0.0028173458336071544
10/30/2025,BetOnline.ag,miami dolphins,baltimore ravens,1.5,38.038544874462126,13.198837971623302,Over,0.9971826541663928,0.09690091958303214,0.24225229895758038,9.5,1.65,0.9971826541663928,0.0028173458336071544
10/30/2025,BetOnline.ag,miami dolphins,baltimore ravens,1.5,38.038544874462126,13.198837971623302,Over,0.9971826541663928,0.09690091958303214,0.24225229895758038,9.5,1.65,0.9971826541663928,0.0028173458336071544
10/30/2025,FanDuel,miami dolphins,baltimore ravens,1.5,38.038544874462126,13.198837971623302,Over,0.9971826541663928,0.09690091958303214,0.24225229895758038,9.5,1.68,0.9971826541663928,0.0028173458336071544
10/30/2025,FanDuel,miami dolphins,baltimore ravens,1.5,38.038544874462126,13.198837971623302,Over,0.9971826541663928,0.09690091958303214,0.24225229895758038,9.5,2.46,0.9971826541663928,0.0028173458336071544
10/30/2025,BetOnline.ag,miami dolphins,baltimore ravens,1.5,38.038544874462126,13.198837971623302,Over,0.9971826541663928,0.09690091958303214,0.24225229895758038,9.5,1.67,0.9971826541663928,0.0028173458336071544
10/30/2025,BetOnline.ag,miami dolphins,baltimore ravens,1.5,38.038544874462126,13.198837971623302,Over,0.9971826541663928,0.09690091958303214,0.24225229895758038,9.5,2.44,0.9971826541663928,0.0028173458336071544
10/30/2025,BetOnline.ag,miami dolphins,baltimore ravens,1.5,38.038544874462126,13.198837971623302,Over,0.9971826541663928,0.09690091958303214,0.24225229895758038,9.5,2.28,0.9971826541663928,0.0028173458336071544
10/30/2025,DraftKings,miami dolphins,baltimore ravens,2.5,38.038544874462126,13.198837971623302,Over,0.9964546159073222,0.09610007749805444,0.24025019374513623,10.5,1.62,0.9964546159073222,0.0035453840926777946
10/30/2025,DraftKings,miami dolphins,baltimore ravens,2.5,38.038544874462126,13.198837971623302,Over,0.9964546159073222,0.09610007749805444,0.24025019374513623,10.5,1.79,0.9964546159073222,0.0035453840926777946
10/30/2025,DraftKings,miami dolphins,baltimore ravens,2.5,38.038544874462126,13.198837971623302,Over,0.9964546159073222,0.09610007749805444,0.24025019374513623,10.5,1.99,0.9964546159073222,0.0035453840926777946
10/30/2025,DraftKings,miami dolphins,baltimore ravens,2.5,38.038544874462126,13.198837971623302,Over,0.9964546159073222,0.09610007749805444,0.24025019374513623,10.5,2.25,0.9964546159073222,0.0035453840926777946
11/2/2025,FanDuel,buffalo bills,kansas city chiefs,1.5,54.873209854565026,13.198837971623302,Over,0.999973701971486,0.08997133514891979,0.2499203754136666,9.0,2.16,0.999973701971486,2.6298028513949134e-05
11/2/2025,FanDuel,buffalo bills,kansas city chiefs,1.5,54.873209854565026,13.198837971623302,Over,0.999973701971486,0.08997133514891979,0.2499203754136666,9.0,1.62,0.999973701971486,2.6298028513949134e-05
11/2/2025,FanDuel,buffalo bills,kansas city chiefs,1.5,54.873209854565026,13.198837971623302,Over,0.999973701971486,0.08997133514891979,0.2499203754136666,9.0,2.36,0.999973701971486,2.6298028513949134e-05
11/2/2025,FanDuel,buffalo bills,kansas city chiefs,1.5,54.873209854565026,13.198837971623302,Over,0.999973701971486,0.08997133514891979,0.2499203754136666,9.0,1.88,0.999973701971486,2.6298028513949134e-05
10/30/2025,BetMGM,miami dolphins,baltimore ravens,1.5,38.038544874462126,13.198837971623302,Over,0.9971826541663928,0.0869290930413682,0.24146970289268946,9.25,1.74,0.9971826541663928,0.0028173458336071544
10/30/2025,BetMGM,miami dolphins,baltimore ravens,1.5,38.038544874462126,13.198837971623302,Over,0.9971826541663928,0.0869290930413682,0.24146970289268946,9.25,1.95,0.9971826541663928,0.0028173458336071544
10/30/2025,BetMGM,miami dolphins,baltimore ravens,1.5,38.038544874462126,13.198837971623302,Over,0.9971826541663928,0.0869290930413682,0.24146970289268946,9.25,2.35,0.9971826541663928,0.0028173458336071544
10/30/2025,BetMGM,miami dolphins,baltimore ravens,1.5,38.038544874462126,13.198837971623302,Over,0.9971826541663928,0.0869290930413682,0.24146970289268946,9.25,1.65,0.9971826541663928,0.0028173458336071544
10/30/2025,BetMGM,miami dolphins,baltimore ravens,1.5,38.038544874462126,13.198837971623302,Over,0.9971826541663928,0.0869290930413682,0.24146970289268946,9.25,2.45,0.9971826541663928,0.0028173458336071544
10/30/2025,BetMGM,miami dolphins,baltimore ravens,1.5,38.038544874462126,13.198837971623302,Over,0.9971826541663928,0.0869290930413682,0.24146970289268946,9.25,2.1,0.9971826541663928,0.0028173458336071544
10/30/2025,BetMGM,miami dolphins,baltimore ravens,1.5,38.038544874462126,13.198837971623302,Over,0.9971826541663928,0.0869290930413682,0.24146970289268946,9.25,1.65,0.9971826541663928,0.0028173458336071544
11/2/2025,FanDuel,buffalo bills,kansas city chiefs,1.5,54.873209854565026,13.198837971623302,Over,0.999973701971486,0.07997159812920494,0.24991124415376584,8.5,1.88,0.999973701971486,2.6298028513949134e-05
11/2/2025,FanDuel,buffalo bills,kansas city chiefs,1.5,54.873209854565026,13.198837971623302,Over,0.999973701971486,0.07997159812920494,0.24991124415376584,8.5,2.36,0.999973701971486,2.6298028513949134e-05
11/2/2025,FanDuel,buffalo bills,kansas city chiefs,1.5,54.873209854565026,13.198837971623302,Over,0.999973701971486,0.07997159812920494,0.24991124415376584,8.5,2.16,0.999973701971486,2.6298028513949134e-05
11/2/2025,FanDuel,buffalo bills,kansas city chiefs,1.5,54.873209854565026,13.198837971623302,Over,0.999973701971486,0.07997159812920494,0.24991124415376584,8.5,1.62,0.999973701971486,2.6298028513949134e-05
11/2/2025,FanDuel,buffalo bills,kansas city chiefs,1.5,54.873209854565026,13.198837971623302,Over,0.999973701971486,0.07997159812920494,0.24991124415376584,8.5,2.36,0.999973701971486,2.6298028513949134e-05
11/2/2025,FanDuel,buffalo bills,kansas city chiefs,1.5,54.873209854565026,13.198837971623302,Over,0.999973701971486,0.07997159812920494,0.24991124415376584,8.5,1.62,0.999973701971486,2.6298028513949134e-05
11/2/2025,FanDuel,buffalo bills,kansas city chiefs,1.5,54.873209854565026,13.198837971623302,Over,0.999973701971486,0.07997159812920494,0.24991124415376584,8.5,1.88,0.999973701971486,2.6298028513949134e-05
11/2/2025,FanDuel,buffalo bills,kansas city chiefs,1.5,54.873209854565026,13.198837971623302,Over,0.999973701971486,0.07997159812920494,0.24991124415376584,8.5,2.16,0.999973701971486,2.6298028513949134e-05
11/2/2025,FanDuel,buffalo bills,kansas city chiefs,3.5,54.873209854565026,13.198837971623302,Over,0.9999503410969225,0.0799463683846763,0.24983240120211372,8.0,2.12,0.9999503410969225,4.965890307750964e-05
11/2/2025,FanDuel,buffalo bills,kansas city chiefs,3.5,54.873209854565026,13.198837971623302,Over,0.9999503410969225,0.0799463683846763,0.24983240120211372,8.0,2.06,0.9999503410969225,4.965890307750964e-05
11/2/2025,FanDuel,buffalo bills,kansas city chiefs,3.5,54.873209854565026,13.198837971623302,Over,0.9999503410969225,0.0799463683846763,0.24983240120211372,8.0,1.65,0.9999503410969225,4.965890307750964e-05
10/30/2025,BetOnline.ag,miami dolphins,baltimore ravens,0.5,38.038544874462126,13.198837971623302,Over,0.9977730035388569,0.07759484382196545,0.24248388694364242,8.5,1.45,0.9977730035388569,0.002226996461143105
10/30/2025,BetOnline.ag,miami dolphins,baltimore ravens,0.5,38.038544874462126,13.198837971623302,Over,0.9977730035388569,0.07759484382196545,0.24248388694364242,8.5,2.22,0.9977730035388569,0.002226996461143105
10/30/2025,BetOnline.ag,miami dolphins,baltimore ravens,0.5,38.038544874462126,13.198837971623302,Over,0.9977730035388569,0.07759484382196545,0.24248388694364242,8.5,2.72,0.9977730035388569,0.002226996461143105
10/30/2025,BetRivers,miami dolphins,baltimore ravens,1.5,38.038544874462126,13.198837971623302,Over,0.9971826541663928,0.07695726649970427,0.24049145781157577,8.0,2.35,0.9971826541663928,0.0028173458336071544
10/30/2025,DraftKings,miami dolphins,baltimore ravens,1.5,38.038544874462126,13.198837971623302,Over,0.9971826541663928,0.07695726649970427,0.24049145781157577,8.5,1.98,0.9971826541663928,0.0028173458336071544
10/30/2025,DraftKings,miami dolphins,baltimore ravens,1.5,38.038544874462126,13.198837971623302,Over,0.9971826541663928,0.07695726649970427,0.24049145781157577,8.5,1.67,0.9971826541663928,0.0028173458336071544
10/30/2025,Bovada,miami dolphins,baltimore ravens,1.5,38.038544874462126,13.198837971623302,Over,0.9971826541663928,0.07695726649970427,0.24049145781157577,8.5,2.25,0.9971826541663928,0.0028173458336071544
10/30/2025,Bovada,miami dolphins,baltimore ravens,1.5,38.038544874462126,13.198837971623302,Over,0.9971826541663928,0.07695726649970427,0.24049145781157577,8.5,1.62,0.9971826541663928,0.0028173458336071544
10/30/2025,BetRivers,miami dolphins,baltimore ravens,1.5,38.038544874462126,13.198837971623302,Over,0.9971826541663928,0.07695726649970427,0.24049145781157577,8.0,1.67,0.9971826541663928,0.0028173458336071544
10/30/2025,BetRivers,miami dolphins,baltimore ravens,1.5,38.038544874462126,13.198837971623302,Over,0.9971826541663928,0.07695726649970427,0.24049145781157577,8.0,2.3,0.9971826541663928,0.0028173458336071544
10/30/2025,BetRivers,miami dolphins,baltimore ravens,1.5,38.038544874462126,13.198837971623302,Over,0.9971826541663928,0.07695726649970427,0.24049145781157577,8.0,1.66,0.9971826541663928,0.0028173458336071544
10/30/2025,BetOnline.ag,miami dolphins,baltimore ravens,1.5,38.038544874462126,13.198837971623302,Over,0.9971826541663928,0.07695726649970427,0.24049145781157577,8.0,2.28,0.9971826541663928,0.0028173458336071544
10/30/2025,BetOnline.ag,miami dolphins,baltimore ravens,1.5,38.038544874462126,13.198837971623302,Over,0.9971826541663928,0.07695726649970427,0.24049145781157577,8.0,1.65,0.9971826541663928,0.0028173458336071544
10/30/2025,Bovada,miami dolphins,baltimore ravens,1.5,38.038544874462126,13.198837971623302,Over,0.9971826541663928,0.07695726649970427,0.24049145781157577,8.5,1.67,0.9971826541663928,0.0028173458336071544
10/30/2025,Bovada,miami dolphins,baltimore ravens,1.5,38.038544874462126,13.198837971623302,Over,0.9971826541663928,0.07695726649970427,0.24049145781157577,8.5,2.45,0.9971826541663928,0.0028173458336071544
10/30/2025,Bovada,miami dolphins,baltimore ravens,1.5,38.038544874462126,13.198837971623302,Over,0.9971826541663928,0.07695726649970427,0.24049145781157577,8.0,2.25,0.9971826541663928,0.0028173458336071544
10/30/2025,Bovada,miami dolphins,baltimore ravens,1.5,38.038544874462126,13.198837971623302,Over,0.9971826541663928,0.07695726649970427,0.24049145781157577,8.0,1.62,0.9971826541663928,0.0028173458336071544
10/30/2025,Bovada,miami dolphins,baltimore ravens,1.5,38.038544874462126,13.198837971623302,Over,0.9971826541663928,0.07695726649970427,0.24049145781157577,8.0,1.67,0.9971826541663928,0.0028173458336071544
10/30/2025,BetOnline.ag,miami dolphins,baltimore ravens,1.5,38.038544874462126,13.198837971623302,Over,0.9971826541663928,0.07695726649970427,0.24049145781157577,8.0,2.44,0.9971826541663928,0.0028173458336071544
10/30/2025,DraftKings,miami dolphins,baltimore ravens,1.5,38.038544874462126,13.198837971623302,Over,0.9971826541663928,0.07695726649970427,0.24049145781157577,8.5,2.26,0.9971826541663928,0.0028173458336071544
10/30/2025,DraftKings,miami dolphins,baltimore ravens,1.5,38.038544874462126,13.198837971623302,Over,0.9971826541663928,0.07695726649970427,0.24049145781157577,8.5,1.64,0.9971826541663928,0.0028173458336071544
10/30/2025,DraftKings,miami dolphins,baltimore ravens,1.5,38.038544874462126,13.198837971623302,Over,0.9971826541663928,0.07695726649970427,0.24049145781157577,8.5,2.47,0.9971826541663928,0.0028173458336071544
10/30/2025,Bovada,miami dolphins,baltimore ravens,1.5,38.038544874462126,13.198837971623302,Over,0.9971826541663928,0.07695726649970427,0.24049145781157577,8.0,2.45,0.9971826541663928,0.0028173458336071544
10/30/2025,BetOnline.ag,miami dolphins,baltimore ravens,1.5,38.038544874462126,13.198837971623302,Over,0.9971826541663928,0.07695726649970427,0.24049145781157577,8.0,1.67,0.9971826541663928,0.0028173458336071544
10/30/2025,Bovada,miami dolphins,baltimore ravens,3.5,38.038544874462126,13.198837971623302,Over,0.9955619117803741,0.07520686472280405,0.23502145225876292,7.5,2.0,0.9955619117803741,0.00443808821962588
10/30/2025,DraftKings,miami dolphins,baltimore ravens,3.5,38.038544874462126,13.198837971623302,Over,0.9955619117803741,0.07520686472280405,0.23502145225876292,7.9,2.0,0.9955619117803741,0.00443808821962588
10/30/2025,FanDuel,miami dolphins,baltimore ravens,0.5,38.038544874462126,13.198837971623302,Over,0.9977730035388569,0.06761711378657688,0.24148969209491736,6.8,1.47,0.9977730035388569,0.002226996461143105
10/30/2025,FanDuel,miami dolphins,baltimore ravens,0.5,38.038544874462126,13.198837971623302,Over,0.9977730035388569,0.06761711378657688,0.24148969209491736,6.8,2.25,0.9977730035388569,0.002226996461143105
10/30/2025,Bovada,miami dolphins,baltimore ravens,1.5,38.038544874462126,13.198837971623302,Over,0.9971826541663928,0.06698543995804035,0.23923371413585895,7.0,2.25,0.9971826541663928,0.0028173458336071544
10/30/2025,Bovada,miami dolphins,baltimore ravens,1.5,38.038544874462126,13.198837971623302,Over,0.9971826541663928,0.06698543995804035,0.23923371413585895,7.0,1.67,0.9971826541663928,0.0028173458336071544
10/30/2025,Bovada,miami dolphins,baltimore ravens,1.5,38.038544874462126,13.198837971623302,Over,0.9971826541663928,0.06698543995804035,0.23923371413585895,7.0,1.62,0.9971826541663928,0.0028173458336071544
10/30/2025,Bovada,miami dolphins,baltimore ravens,1.5,38.038544874462126,13.198837971623302,Over,0.9971826541663928,0.06698543995804035,0.23923371413585895,7.0,2.45,0.9971826541663928,0.0028173458336071544
10/30/2025,DraftKings,miami dolphins,baltimore ravens,11.5,38.038544874462126,13.198837971623302,Over,0.9778199870556903,0.06582378589070241,0.18284384969639578,9.4,1.91,0.9778199870556903,0.022180012944309713
10/30/2025,DraftKings,miami dolphins,baltimore ravens,11.5,38.038544874462126,13.198837971623302,Over,0.9778199870556903,0.06582378589070241,0.18284384969639578,9.4,1.91,0.9778199870556903,0.022180012944309713
10/30/2025,FanDuel,miami dolphins,baltimore ravens,3.5,38.038544874462126,13.198837971623302,Over,0.9955619117803741,0.06525124560500031,0.23304016287500098,7.4,1.98,0.9955619117803741,0.00443808821962588
11/2/2025,FanDuel,buffalo bills,kansas city chiefs,1.5,54.873209854565026,13.198837971623302,Over,0.999973701971486,0.05997212408977521,0.24988385037406358,5.8,2.16,0.999973701971486,2.6298028513949134e-05
11/2/2025,FanDuel,buffalo bills,kansas city chiefs,1.5,54.873209854565026,13.198837971623302,Over,0.999973701971486,0.05997212408977521,0.24988385037406358,5.8,1.88,0.999973701971486,2.6298028513949134e-05
11/2/2025,FanDuel,buffalo bills,kansas city chiefs,1.5,54.873209854565026,13.198837971623302,Over,0.999973701971486,0.05997212408977521,0.24988385037406358,5.8,1.62,0.999973701971486,2.6298028513949134e-05
11/2/2025,FanDuel,buffalo bills,kansas city chiefs,1.5,54.873209854565026,13.198837971623302,Over,0.999973701971486,0.05997212408977521,0.24988385037406358,5.8,2.36,0.999973701971486,2.6298028513949134e-05
10/30/2025,BetOnline.ag,miami dolphins,baltimore ravens,0.5,38.038544874462126,13.198837971623302,Over,0.9977730035388569,0.05763938375118831,0.24016409896328492,5.5,1.45,0.9977730035388569,0.002226996461143105
10/30/2025,BetOnline.ag,miami dolphins,baltimore ravens,0.5,38.038544874462126,13.198837971623302,Over,0.9977730035388569,0.05763938375118831,0.24016409896328492,6.5,1.45,0.9977730035388569,0.002226996461143105
10/30/2025,BetOnline.ag,miami dolphins,baltimore ravens,0.5,38.038544874462126,13.198837971623302,Over,0.9977730035388569,0.05763938375118831,0.24016409896328492,6.5,1.45,0.9977730035388569,0.002226996461143105
10/30/2025,BetOnline.ag,miami dolphins,baltimore ravens,0.5,38.038544874462126,13.198837971623302,Over,0.9977730035388569,0.05763938375118831,0.24016409896328492,6.5,2.22,0.9977730035388569,0.002226996461143105
10/30/2025,BetOnline.ag,miami dolphins,baltimore ravens,0.5,38.038544874462126,13.198837971623302,Over,0.9977730035388569,0.05763938375118831,0.24016409896328492,6.5,2.72,0.9977730035388569,0.002226996461143105
10/30/2025,BetOnline.ag,miami dolphins,baltimore ravens,0.5,38.038544874462126,13.198837971623302,Over,0.9977730035388569,0.05763938375118831,0.24016409896328492,5.5,2.22,0.9977730035388569,0.002226996461143105
10/30/2025,BetOnline.ag,miami dolphins,baltimore ravens,0.5,38.038544874462126,13.198837971623302,Over,0.9977730035388569,0.05763938375118831,0.24016409896328492,5.5,2.72,0.9977730035388569,0.002226996461143105
10/30/2025,BetOnline.ag,miami dolphins,baltimore ravens,0.5,38.038544874462126,13.198837971623302,Over,0.9977730035388569,0.05763938375118831,0.24016409896328492,6.5,2.72,0.9977730035388569,0.002226996461143105
10/30/2025,BetOnline.ag,miami dolphins,baltimore ravens,0.5,38.038544874462126,13.198837971623302,Over,0.9977730035388569,0.05763938375118831,0.24016409896328492,5.5,2.72,0.9977730035388569,0.002226996461143105
10/30/2025,BetOnline.ag,miami dolphins,baltimore ravens,0.5,38.038544874462126,13.198837971623302,Over,0.9977730035388569,0.05763938375118831,0.24016409896328492,5.5,2.22,0.9977730035388569,0.002226996461143105
10/30/2025,BetOnline.ag,miami dolphins,baltimore ravens,0.5,38.038544874462126,13.198837971623302,Over,0.9977730035388569,0.05763938375118831,0.24016409896328492,6.5,2.22,0.9977730035388569,0.002226996461143105
10/30/2025,BetOnline.ag,miami dolphins,baltimore ravens,0.5,38.038544874462126,13.198837971623302,Over,0.9977730035388569,0.05763938375118831,0.24016409896328492,6.0,1.45,0.9977730035388569,0.002226996461143105
10/30/2025,BetOnline.ag,miami dolphins,baltimore ravens,0.5,38.038544874462126,13.198837971623302,Over,0.9977730035388569,0.05763938375118831,0.24016409896328492,6.0,2.22,0.9977730035388569,0.002226996461143105
10/30/2025,BetOnline.ag,miami dolphins,baltimore ravens,0.5,38.038544874462126,13.198837971623302,Over,0.9977730035388569,0.05763938375118831,0.24016409896328492,6.0,2.72,0.9977730035388569,0.002226996461143105
10/30/2025,FanDuel,miami dolphins,baltimore ravens,0.5,38.038544874462126,13.198837971623302,Over,0.9977730035388569,0.05763938375118831,0.24016409896328492,5.5,1.47,0.9977730035388569,0.002226996461143105
10/30/2025,FanDuel,miami dolphins,baltimore ravens,0.5,38.038544874462126,13.198837971623302,Over,0.9977730035388569,0.05763938375118831,0.24016409896328492,5.5,2.25,0.9977730035388569,0.002226996461143105
10/30/2025,BetOnline.ag,miami dolphins,baltimore ravens,0.5,38.038544874462126,13.198837971623302,Over,0.9977730035388569,0.05763938375118831,0.24016409896328492,5.5,1.45,0.9977730035388569,0.002226996461143105
10/30/2025,BetOnline.ag,miami dolphins,baltimore ravens,0.5,38.038544874462126,13.198837971623302,Over,0.9977730035388569,0.05763938375118831,0.24016409896328492,5.5,2.72,0.9977730035388569,0.002226996461143105
10/30/2025,BetOnline.ag,miami dolphins,baltimore ravens,0.5,38.038544874462126,13.198837971623302,Over,0.9977730035388569,0.05763938375118831,0.24016409896328492,5.5,2.22,0.9977730035388569,0.002226996461143105
10/30/2025,BetOnline.ag,miami dolphins,baltimore ravens,0.5,38.038544874462126,13.198837971623302,Over,0.9977730035388569,0.05763938375118831,0.24016409896328492,5.5,1.45,0.9977730035388569,0.002226996461143105
10/30/2025,Bovada,miami dolphins,baltimore ravens,1.5,38.038544874462126,13.198837971623302,Over,0.9971826541663928,0.05701361341637642,0.23755672256823568,6.0,1.62,0.9971826541663928,0.0028173458336071544
10/30/2025,Bovada,miami dolphins,baltimore ravens,1.5,38.038544874462126,13.198837971623302,Over,0.9971826541663928,0.05701361341637642,0.23755672256823568,6.0,2.45,0.9971826541663928,0.0028173458336071544
10/30/2025,Bovada,miami dolphins,baltimore ravens,1.5,38.038544874462126,13.198837971623302,Over,0.9971826541663928,0.05701361341637642,0.23755672256823568,6.0,1.67,0.9971826541663928,0.0028173458336071544
10/30/2025,Bovada,miami dolphins,baltimore ravens,1.5,38.038544874462126,13.198837971623302,Over,0.9971826541663928,0.05701361341637642,0.23755672256823568,6.0,2.25,0.9971826541663928,0.0028173458336071544
10/30/2025,BetOnline.ag,miami dolphins,baltimore ravens,1.5,38.038544874462126,13.198837971623302,Over,0.9971826541663928,0.05701361341637642,0.23755672256823568,6.5,2.28,0.9971826541663928,0.0028173458336071544
10/30/2025,BetOnline.ag,miami dolphins,baltimore ravens,1.5,38.038544874462126,13.198837971623302,Over,0.9971826541663928,0.05701361341637642,0.23755672256823568,6.5,1.67,0.9971826541663928,0.0028173458336071544
10/30/2025,BetOnline.ag,miami dolphins,baltimore ravens,1.5,38.038544874462126,13.198837971623302,Over,0.9971826541663928,0.05701361341637642,0.23755672256823568,6.5,2.44,0.9971826541663928,0.0028173458336071544
10/30/2025,BetOnline.ag,miami dolphins,baltimore ravens,1.5,38.038544874462126,13.198837971623302,Over,0.9971826541663928,0.05701361341637642,0.23755672256823568,6.5,1.65,0.9971826541663928,0.0028173458336071544
10/30/2025,DraftKings,miami dolphins,baltimore ravens,2.5,38.038544874462126,13.198837971623302,Over,0.9964546159073222,0.05624189286176154,0.2343412202573401,5.99,1.99,0.9964546159073222,0.0035453840926777946
10/30/2025,DraftKings,miami dolphins,baltimore ravens,2.5,38.038544874462126,13.198837971623302,Over,0.9964546159073222,0.05624189286176154,0.2343412202573401,5.99,1.79,0.9964546159073222,0.0035453840926777946
10/30/2025,DraftKings,miami dolphins,baltimore ravens,2.5,38.038544874462126,13.198837971623302,Over,0.9964546159073222,0.05624189286176154,0.2343412202573401,5.99,1.62,0.9964546159073222,0.0035453840926777946
10/30/2025,DraftKings,miami dolphins,baltimore ravens,2.5,38.038544874462126,13.198837971623302,Over,0.9964546159073222,0.05624189286176154,0.2343412202573401,5.99,2.25,0.9964546159073222,0.0035453840926777946
10/30/2025,DraftKings,miami dolphins,baltimore ravens,21.5,38.038544874462126,13.198837971623302,Over,0.8949026734640533,0.05598515468758286,0.0777571592883096,17.6,1.86,0.8949026734640533,0.10509732653594672
10/30/2025,DraftKings,miami dolphins,baltimore ravens,21.5,38.038544874462126,13.198837971623302,Over,0.8949026734640533,0.05598515468758286,0.0777571592883096,17.6,1.9,0.8949026734640533,0.10509732653594672
10/30/2025,BetOnline.ag,miami dolphins,baltimore ravens,13.5,38.038544874462126,13.198837971623302,Over,0.9684966589204513,0.05566135822329195,0.1546148839535892,8.75,1.74,0.9684966589204513,0.031503341079548663
10/30/2025,BetOnline.ag,miami dolphins,baltimore ravens,3.5,38.038544874462126,13.198837971623302,Over,0.9955619117803741,0.05529562648719657,0.23039844369665274,6.25,2.02,0.9955619117803741,0.00443808821962588
10/30/2025,BetOnline.ag,miami dolphins,baltimore ravens,3.5,38.038544874462126,13.198837971623302,Over,0.9955619117803741,0.05529562648719657,0.23039844369665274,6.25,1.95,0.9955619117803741,0.00443808821962588
10/30/2025,BetRivers,miami dolphins,baltimore ravens,1.5,38.038544874462126,13.198837971623302,Over,0.9971826541663928,0.04704178687471249,0.23520893437356305,4.8,1.67,0.9971826541663928,0.0028173458336071544
10/30/2025,BetMGM,miami dolphins,baltimore ravens,1.5,38.038544874462126,13.198837971623302,Over,0.9971826541663928,0.04704178687471249,0.23520893437356305,5.25,1.74,0.9971826541663928,0.0028173458336071544
10/30/2025,DraftKings,miami dolphins,baltimore ravens,1.5,38.038544874462126,13.198837971623302,Over,0.9971826541663928,0.04704178687471249,0.23520893437356305,5.0,2.47,0.9971826541663928,0.0028173458336071544
10/30/2025,DraftKings,miami dolphins,baltimore ravens,1.5,38.038544874462126,13.198837971623302,Over,0.9971826541663928,0.04704178687471249,0.23520893437356305,5.0,2.26,0.9971826541663928,0.0028173458336071544
10/30/2025,DraftKings,miami dolphins,baltimore ravens,1.5,38.038544874462126,13.198837971623302,Over,0.9971826541663928,0.04704178687471249,0.23520893437356305,5.0,1.67,0.9971826541663928,0.0028173458336071544
10/30/2025,DraftKings,miami dolphins,baltimore ravens,1.5,38.038544874462126,13.198837971623302,Over,0.9971826541663928,0.04704178687471249,0.23520893437356305,5.0,1.98,0.9971826541663928,0.0028173458336071544
10/30/2025,BetRivers,miami dolphins,baltimore ravens,1.5,38.038544874462126,13.198837971623302,Over,0.9971826541663928,0.04704178687471249,0.23520893437356305,4.8,1.66,0.9971826541663928,0.0028173458336071544
10/30/2025,BetRivers,miami dolphins,baltimore ravens,1.5,38.038544874462126,13.198837971623302,Over,0.9971826541663928,0.04704178687471249,0.23520893437356305,4.8,2.35,0.9971826541663928,0.0028173458336071544
10/30/2025,FanDuel,miami dolphins,baltimore ravens,1.5,38.038544874462126,13.198837971623302,Over,0.9971826541663928,0.04704178687471249,0.23520893437356305,5.3,2.46,0.9971826541663928,0.0028173458336071544
10/30/2025,FanDuel,miami dolphins,baltimore ravens,1.5,38.038544874462126,13.198837971623302,Over,0.9971826541663928,0.04704178687471249,0.23520893437356305,5.3,1.68,0.9971826541663928,0.0028173458336071544
10/30/2025,FanDuel,miami dolphins,baltimore ravens,1.5,38.038544874462126,13.198837971623302,Over,0.9971826541663928,0.04704178687471249,0.23520893437356305,5.3,1.63,0.9971826541663928,0.0028173458336071544
10/30/2025,FanDuel,miami dolphins,baltimore ravens,1.5,38.038544874462126,13.198837971623302,Over,0.9971826541663928,0.04704178687471249,0.23520893437356305,5.3,2.24,0.9971826541663928,0.0028173458336071544
10/30/2025,FanDuel,miami dolphins,baltimore ravens,1.5,38.038544874462126,13.198837971623302,Over,0.9971826541663928,0.04704178687471249,0.23520893437356305,5.3,1.93,0.9971826541663928,0.0028173458336071544
10/30/2025,BetRivers,miami dolphins,baltimore ravens,1.5,38.038544874462126,13.198837971623302,Over,0.9971826541663928,0.04704178687471249,0.23520893437356305,4.8,2.3,0.9971826541663928,0.0028173458336071544
10/30/2025,BetMGM,miami dolphins,baltimore ravens,1.5,38.038544874462126,13.198837971623302,Over,0.9971826541663928,0.04704178687471249,0.23520893437356305,5.25,1.95,0.9971826541663928,0.0028173458336071544
10/30/2025,BetMGM,miami dolphins,baltimore ravens,1.5,38.038544874462126,13.198837971623302,Over,0.9971826541663928,0.04704178687471249,0.23520893437356305,5.25,2.45,0.9971826541663928,0.0028173458336071544
10/30/2025,BetMGM,miami dolphins,baltimore ravens,1.5,38.038544874462126,13.198837971623302,Over,0.9971826541663928,0.04704178687471249,0.23520893437356305,5.25,2.35,0.9971826541663928,0.0028173458336071544
10/30/2025,BetMGM,miami dolphins,baltimore ravens,1.5,38.038544874462126,13.198837971623302,Over,0.9971826541663928,0.04704178687471249,0.23520893437356305,5.25,1.65,0.9971826541663928,0.0028173458336071544
10/30/2025,BetMGM,miami dolphins,baltimore ravens,1.5,38.038544874462126,13.198837971623302,Over,0.9971826541663928,0.04704178687471249,0.23520893437356305,5.25,2.1,0.9971826541663928,0.0028173458336071544
10/30/2025,DraftKings,miami dolphins,baltimore ravens,1.5,38.038544874462126,13.198837971623302,Over,0.9971826541663928,0.04704178687471249,0.23520893437356305,5.0,1.64,0.9971826541663928,0.0028173458336071544
10/30/2025,BetMGM,miami dolphins,baltimore ravens,1.5,38.038544874462126,13.198837971623302,Over,0.9971826541663928,0.04704178687471249,0.23520893437356305,5.25,1.65,0.9971826541663928,0.0028173458336071544
10/30/2025,FanDuel,miami dolphins,baltimore ravens,2.5,38.038544874462126,13.198837971623302,Over,0.9964546159073222,0.04627734670268832,0.2313867335134423,5.1,1.57,0.9964546159073222,0.0035453840926777946
10/30/2025,FanDuel,miami dolphins,baltimore ravens,2.5,38.038544874462126,13.198837971623302,Over,0.9964546159073222,0.04627734670268832,0.2313867335134423,5.1,1.82,0.9964546159073222,0.0035453840926777946
10/30/2025,Bovada,miami dolphins,baltimore ravens,2.5,38.038544874462126,13.198837971623302,Over,0.9964546159073222,0.04627734670268832,0.2313867335134423,5.0,1.59,0.9964546159073222,0.0035453840926777946
10/30/2025,Bovada,miami dolphins,baltimore ravens,2.5,38.038544874462126,13.198837971623302,Over,0.9964546159073222,0.04627734670268832,0.2313867335134423,5.0,1.83,0.9964546159073222,0.0035453840926777946
10/30/2025,Bovada,miami dolphins,baltimore ravens,2.5,38.038544874462126,13.198837971623302,Over,0.9964546159073222,0.04627734670268832,0.2313867335134423,5.0,2.2,0.9964546159073222,0.0035453840926777946
10/30/2025,Bovada,miami dolphins,baltimore ravens,2.5,38.038544874462126,13.198837971623302,Over,0.9964546159073222,0.04627734670268832,0.2313867335134423,5.0,1.83,0.9964546159073222,0.0035453840926777946
10/30/2025,FanDuel,miami dolphins,baltimore ravens,2.5,38.038544874462126,13.198837971623302,Over,0.9964546159073222,0.04627734670268832,0.2313867335134423,5.1,1.93,0.9964546159073222,0.0035453840926777946
10/30/2025,FanDuel,miami dolphins,baltimore ravens,2.5,38.038544874462126,13.198837971623302,Over,0.9964546159073222,0.04627734670268832,0.2313867335134423,5.1,2.18,0.9964546159073222,0.0035453840926777946
11/2/2025,FanDuel,buffalo bills,kansas city chiefs,2.5,54.873209854565026,13.198837971623302,Over,0.9999637633759754,0.03996231391101438,0.24976446194383967,4.2,1.41,0.9999637633759754,3.623662402463257e-05
10/30/2025,FanDuel,miami dolphins,baltimore ravens,0.5,38.038544874462126,13.198837971623302,Over,0.9977730035388569,0.03768392368041117,0.23552452300256987,4.0,2.25,0.9977730035388569,0.002226996461143105
10/30/2025,FanDuel,miami dolphins,baltimore ravens,0.5,38.038544874462126,13.198837971623302,Over,0.9977730035388569,0.03768392368041117,0.23552452300256987,4.0,1.47,0.9977730035388569,0.002226996461143105
10/30/2025,BetOnline.ag,miami dolphins,baltimore ravens,0.5,38.038544874462126,13.198837971623302,Over,0.9977730035388569,0.03768392368041117,0.23552452300256987,4.25,2.72,0.9977730035388569,0.002226996461143105
10/30/2025,BetOnline.ag,miami dolphins,baltimore ravens,0.5,38.038544874462126,13.198837971623302,Over,0.9977730035388569,0.03768392368041117,0.23552452300256987,4.25,2.22,0.9977730035388569,0.002226996461143105
10/30/2025,BetOnline.ag,miami dolphins,baltimore ravens,0.5,38.038544874462126,13.198837971623302,Over,0.9977730035388569,0.03768392368041117,0.23552452300256987,3.8,1.45,0.9977730035388569,0.002226996461143105
10/30/2025,BetOnline.ag,miami dolphins,baltimore ravens,0.5,38.038544874462126,13.198837971623302,Over,0.9977730035388569,0.03768392368041117,0.23552452300256987,3.8,2.22,0.9977730035388569,0.002226996461143105
10/30/2025,BetOnline.ag,miami dolphins,baltimore ravens,0.5,38.038544874462126,13.198837971623302,Over,0.9977730035388569,0.03768392368041117,0.23552452300256987,3.8,2.72,0.9977730035388569,0.002226996461143105
10/30/2025,BetOnline.ag,miami dolphins,baltimore ravens,0.5,38.038544874462126,13.198837971623302,Over,0.9977730035388569,0.03768392368041117,0.23552452300256987,4.25,1.45,0.9977730035388569,0.002226996461143105
10/30/2025,BetRivers,miami dolphins,baltimore ravens,1.5,38.038544874462126,13.198837971623302,Over,0.9971826541663928,0.03706996033304856,0.2316872520815541,3.55,2.3,0.9971826541663928,0.0028173458336071544
10/30/2025,BetRivers,miami dolphins,baltimore ravens,1.5,38.038544874462126,13.198837971623302,Over,0.9971826541663928,0.03706996033304856,0.2316872520815541,3.55,1.67,0.9971826541663928,0.0028173458336071544
10/30/2025,BetRivers,miami dolphins,baltimore ravens,1.5,38.038544874462126,13.198837971623302,Over,0.9971826541663928,0.03706996033304856,0.2316872520815541,4.0,2.3,0.9971826541663928,0.0028173458336071544
10/30/2025,Bovada,miami dolphins,baltimore ravens,1.5,38.038544874462126,13.198837971623302,Over,0.9971826541663928,0.03706996033304856,0.2316872520815541,4.0,2.45,0.9971826541663928,0.0028173458336071544
10/30/2025,BetRivers,miami dolphins,baltimore ravens,1.5,38.038544874462126,13.198837971623302,Over,0.9971826541663928,0.03706996033304856,0.2316872520815541,3.55,1.66,0.9971826541663928,0.0028173458336071544
10/30/2025,Bovada,miami dolphins,baltimore ravens,1.5,38.038544874462126,13.198837971623302,Over,0.9971826541663928,0.03706996033304856,0.2316872520815541,4.0,2.25,0.9971826541663928,0.0028173458336071544
10/30/2025,BetOnline.ag,miami dolphins,baltimore ravens,1.5,38.038544874462126,13.198837971623302,Over,0.9971826541663928,0.03706996033304856,0.2316872520815541,4.0,2.28,0.9971826541663928,0.0028173458336071544
10/30/2025,FanDuel,miami dolphins,baltimore ravens,1.5,38.038544874462126,13.198837971623302,Over,0.9971826541663928,0.03706996033304856,0.2316872520815541,3.6,2.46,0.9971826541663928,0.0028173458336071544
10/30/2025,FanDuel,miami dolphins,baltimore ravens,1.5,38.038544874462126,13.198837971623302,Over,0.9971826541663928,0.03706996033304856,0.2316872520815541,3.6,1.68,0.9971826541663928,0.0028173458336071544
10/30/2025,FanDuel,miami dolphins,baltimore ravens,1.5,38.038544874462126,13.198837971623302,Over,0.9971826541663928,0.03706996033304856,0.2316872520815541,3.6,1.63,0.9971826541663928,0.0028173458336071544
10/30/2025,FanDuel,miami dolphins,baltimore ravens,1.5,38.038544874462126,13.198837971623302,Over,0.9971826541663928,0.03706996033304856,0.2316872520815541,3.6,2.24,0.9971826541663928,0.0028173458336071544
10/30/2025,FanDuel,miami dolphins,baltimore ravens,1.5,38.038544874462126,13.198837971623302,Over,0.9971826541663928,0.03706996033304856,0.2316872520815541,3.6,1.93,0.9971826541663928,0.0028173458336071544
10/30/2025,Bovada,miami dolphins,baltimore ravens,1.5,38.038544874462126,13.198837971623302,Over,0.9971826541663928,0.03706996033304856,0.2316872520815541,4.0,1.67,0.9971826541663928,0.0028173458336071544
10/30/2025,BetRivers,miami dolphins,baltimore ravens,1.5,38.038544874462126,13.198837971623302,Over,0.9971826541663928,0.03706996033304856,0.2316872520815541,3.55,2.35,0.9971826541663928,0.0028173458336071544
10/30/2025,BetOnline.ag,miami dolphins,baltimore ravens,1.5,38.038544874462126,13.198837971623302,Over,0.9971826541663928,0.03706996033304856,0.2316872520815541,4.0,1.65,0.9971826541663928,0.0028173458336071544
10/30/2025,Bovada,miami dolphins,baltimore ravens,1.5,38.038544874462126,13.198837971623302,Over,0.9971826541663928,0.03706996033304856,0.2316872520815541,4.0,1.62,0.9971826541663928,0.0028173458336071544
10/30/2025,BetRivers,miami dolphins,baltimore ravens,1.5,38.038544874462126,13.198837971623302,Over,0.9971826541663928,0.03706996033304856,0.2316872520815541,4.0,2.35,0.9971826541663928,0.0028173458336071544
10/30/2025,BetRivers,miami dolphins,baltimore ravens,1.5,38.038544874462126,13.198837971623302,Over,0.9971826541663928,0.03706996033304856,0.2316872520815541,4.0,1.67,0.9971826541663928,0.0028173458336071544
10/30/2025,BetMGM,miami dolphins,baltimore ravens,1.5,38.038544874462126,13.198837971623302,Over,0.9971826541663928,0.03706996033304856,0.2316872520815541,3.5,1.65,0.9971826541663928,0.0028173458336071544
10/30/2025,BetMGM,miami dolphins,baltimore ravens,1.5,38.038544874462126,13.198837971623302,Over,0.9971826541663928,0.03706996033304856,0.2316872520815541,3.5,2.1,0.9971826541663928,0.0028173458336071544
10/30/2025,BetMGM,miami dolphins,baltimore ravens,1.5,38.038544874462126,13.198837971623302,Over,0.9971826541663928,0.03706996033304856,0.2316872520815541,3.5,2.45,0.9971826541663928,0.0028173458336071544
10/30/2025,BetRivers,miami dolphins,baltimore ravens,1.5,38.038544874462126,13.198837971623302,Over,0.9971826541663928,0.03706996033304856,0.2316872520815541,4.0,1.66,0.9971826541663928,0.0028173458336071544
10/30/2025,BetMGM,miami dolphins,baltimore ravens,1.5,38.038544874462126,13.198837971623302,Over,0.9971826541663928,0.03706996033304856,0.2316872520815541,3.5,1.65,0.9971826541663928,0.0028173458336071544
10/30/2025,BetMGM,miami dolphins,baltimore ravens,1.5,38.038544874462126,13.198837971623302,Over,0.9971826541663928,0.03706996033304856,0.2316872520815541,3.5,2.35,0.9971826541663928,0.0028173458336071544
10/30/2025,BetMGM,miami dolphins,baltimore ravens,1.5,38.038544874462126,13.198837971623302,Over,0.9971826541663928,0.03706996033304856,0.2316872520815541,3.5,1.95,0.9971826541663928,0.0028173458336071544
10/30/2025,BetOnline.ag,miami dolphins,baltimore ravens,1.5,38.038544874462126,13.198837971623302,Over,0.9971826541663928,0.03706996033304856,0.2316872520815541,4.0,1.67,0.9971826541663928,0.0028173458336071544
10/30/2025,BetOnline.ag,miami dolphins,baltimore ravens,1.5,38.038544874462126,13.198837971623302,Over,0.9971826541663928,0.03706996033304856,0.2316872520815541,4.0,2.44,0.9971826541663928,0.0028173458336071544
10/30/2025,BetMGM,miami dolphins,baltimore ravens,1.5,38.038544874462126,13.198837971623302,Over,0.9971826541663928,0.03706996033304856,0.2316872520815541,3.5,1.74,0.9971826541663928,0.0028173458336071544
10/30/2025,BetOnline.ag,miami dolphins,baltimore ravens,2.5,38.038544874462126,13.198837971623302,Over,0.9964546159073222,0.0363128005436151,0.22695500339759422,4.5,2.21,0.9964546159073222,0.0035453840926777946
10/30/2025,BetOnline.ag,miami dolphins,baltimore ravens,2.5,38.038544874462126,13.198837971623302,Over,0.9964546159073222,0.0363128005436151,0.22695500339759422,4.5,1.91,0.9964546159073222,0.0035453840926777946
10/30/2025,BetOnline.ag,miami dolphins,baltimore ravens,2.5,38.038544874462126,13.198837971623302,Over,0.9964546159073222,0.0363128005436151,0.22695500339759422,4.5,1.8,0.9964546159073222,0.0035453840926777946
10/30/2025,BetOnline.ag,miami dolphins,baltimore ravens,2.5,38.038544874462126,13.198837971623302,Over,0.9964546159073222,0.0363128005436151,0.22695500339759422,4.5,1.59,0.9964546159073222,0.0035453840926777946
10/30/2025,FanDuel,miami dolphins,baltimore ravens,14.5,38.038544874462126,13.198837971623302,Over,0.9627377741472412,0.030129418337548036,0.10760506549124288,6.8,1.83,0.9627377741472412,0.037262225852758846
11/2/2025,FanDuel,buffalo bills,kansas city chiefs,2.5,54.873209854565026,13.198837971623302,Over,0.9999637633759754,0.029962676277254626,0.2496889689771224,2.78,1.41,0.9999637633759754,3.623662402463257e-05
11/2/2025,FanDuel,buffalo bills,kansas city chiefs,2.5,54.873209854565026,13.198837971623302,Over,0.9999637633759754,0.029962676277254626,0.2496889689771224,3.05,1.41,0.9999637633759754,3.623662402463257e-05
10/30/2025,DraftKings,miami dolphins,baltimore ravens,0.5,38.038544874462126,13.198837971623302,Over,0.9977730035388569,0.027706193645022602,0.23088494704185578,2.69,1.46,0.9977730035388569,0.002226996461143105
10/30/2025,FanDuel,miami dolphins,baltimore ravens,0.5,38.038544874462126,13.198837971623302,Over,0.9977730035388569,0.027706193645022602,0.23088494704185578,2.88,1.47,0.9977730035388569,0.002226996461143105
10/30/2025,FanDuel,miami dolphins,baltimore ravens,0.5,38.038544874462126,13.198837971623302,Over,0.9977730035388569,0.027706193645022602,0.23088494704185578,3.3,1.47,0.9977730035388569,0.002226996461143105
10/30/2025,BetOnline.ag,miami dolphins,baltimore ravens,0.5,38.038544874462126,13.198837971623302,Over,0.9977730035388569,0.027706193645022602,0.23088494704185578,3.3,1.45,0.9977730035388569,0.002226996461143105
10/30/2025,DraftKings,miami dolphins,baltimore ravens,0.5,38.038544874462126,13.198837971623302,Over,0.9977730035388569,0.027706193645022602,0.23088494704185578,2.69,2.25,0.9977730035388569,0.002226996461143105
10/30/2025,BetOnline.ag,miami dolphins,baltimore ravens,0.5,38.038544874462126,13.198837971623302,Over,0.9977730035388569,0.027706193645022602,0.23088494704185578,2.6,1.45,0.9977730035388569,0.002226996461143105
10/30/2025,BetMGM,miami dolphins,baltimore ravens,0.5,38.038544874462126,13.198837971623302,Over,0.9977730035388569,0.027706193645022602,0.23088494704185578,2.55,2.8,0.9977730035388569,0.002226996461143105
10/30/2025,BetRivers,miami dolphins,baltimore ravens,0.5,38.038544874462126,13.198837971623302,Over,0.9977730035388569,0.027706193645022602,0.23088494704185578,2.63,1.44,0.9977730035388569,0.002226996461143105
10/30/2025,BetRivers,miami dolphins,baltimore ravens,0.5,38.038544874462126,13.198837971623302,Over,0.9977730035388569,0.027706193645022602,0.23088494704185578,2.63,2.18,0.9977730035388569,0.002226996461143105
10/30/2025,BetOnline.ag,miami dolphins,baltimore ravens,0.5,38.038544874462126,13.198837971623302,Over,0.9977730035388569,0.027706193645022602,0.23088494704185578,2.6,1.45,0.9977730035388569,0.002226996461143105
10/30/2025,BetOnline.ag,miami dolphins,baltimore ravens,0.5,38.038544874462126,13.198837971623302,Over,0.9977730035388569,0.027706193645022602,0.23088494704185578,2.6,2.22,0.9977730035388569,0.002226996461143105
10/30/2025,BetOnline.ag,miami dolphins,baltimore ravens,0.5,38.038544874462126,13.198837971623302,Over,0.9977730035388569,0.027706193645022602,0.23088494704185578,2.6,2.72,0.9977730035388569,0.002226996461143105
10/30/2025,BetRivers,miami dolphins,baltimore ravens,0.5,38.038544874462126,13.198837971623302,Over,0.9977730035388569,0.027706193645022602,0.23088494704185578,2.65,2.18,0.9977730035388569,0.002226996461143105
10/30/2025,BetOnline.ag,miami dolphins,baltimore ravens,0.5,38.038544874462126,13.198837971623302,Over,0.9977730035388569,0.027706193645022602,0.23088494704185578,2.6,2.22,0.9977730035388569,0.002226996461143105
10/30/2025,BetOnline.ag,miami dolphins,baltimore ravens,0.5,38.038544874462126,13.198837971623302,Over,0.9977730035388569,0.027706193645022602,0.23088494704185578,2.6,2.72,0.9977730035388569,0.002226996461143105
10/30/2025,BetMGM,miami dolphins,baltimore ravens,0.5,38.038544874462126,13.198837971623302,Over,0.9977730035388569,0.027706193645022602,0.23088494704185578,2.55,1.48,0.9977730035388569,0.002226996461143105
10/30/2025,BetMGM,miami dolphins,baltimore ravens,0.5,38.038544874462126,13.198837971623302,Over,0.9977730035388569,0.027706193645022602,0.23088494704185578,2.55,2.15,0.9977730035388569,0.002226996461143105
10/30/2025,FanDuel,miami dolphins,baltimore ravens,0.5,38.038544874462126,13.198837971623302,Over,0.9977730035388569,0.027706193645022602,0.23088494704185578,3.3,2.25,0.9977730035388569,0.002226996461143105
10/30/2025,BetRivers,miami dolphins,baltimore ravens,0.5,38.038544874462126,13.198837971623302,Over,0.9977730035388569,0.027706193645022602,0.23088494704185578,2.65,1.44,0.9977730035388569,0.002226996461143105
10/30/2025,FanDuel,miami dolphins,baltimore ravens,0.5,38.038544874462126,13.198837971623302,Over,0.9977730035388569,0.027706193645022602,0.23088494704185578,2.72,2.25,0.9977730035388569,0.002226996461143105
10/30/2025,Bovada,miami dolphins,baltimore ravens,0.5,38.038544874462126,13.198837971623302,Over,0.9977730035388569,0.027706193645022602,0.23088494704185578,2.7,1.43,0.9977730035388569,0.002226996461143105
10/30/2025,FanDuel,miami dolphins,baltimore ravens,0.5,38.038544874462126,13.198837971623302,Over,0.9977730035388569,0.027706193645022602,0.23088494704185578,2.88,2.25,0.9977730035388569,0.002226996461143105
10/30/2025,FanDuel,miami dolphins,baltimore ravens,0.5,38.038544874462126,13.198837971623302,Over,0.9977730035388569,0.027706193645022602,0.23088494704185578,2.72,1.47,0.9977730035388569,0.002226996461143105
10/30/2025,BetOnline.ag,miami dolphins,baltimore ravens,0.5,38.038544874462126,13.198837971623302,Over,0.9977730035388569,0.027706193645022602,0.23088494704185578,3.3,2.72,0.9977730035388569,0.002226996461143105
10/30/2025,FanDuel,miami dolphins,baltimore ravens,0.5,38.038544874462126,13.198837971623302,Over,0.9977730035388569,0.027706193645022602,0.23088494704185578,2.62,2.25,0.9977730035388569,0.002226996461143105
10/30/2025,BetOnline.ag,miami dolphins,baltimore ravens,0.5,38.038544874462126,13.198837971623302,Over,0.9977730035388569,0.027706193645022602,0.23088494704185578,2.67,2.72,0.9977730035388569,0.002226996461143105
10/30/2025,BetOnline.ag,miami dolphins,baltimore ravens,0.5,38.038544874462126,13.198837971623302,Over,0.9977730035388569,0.027706193645022602,0.23088494704185578,2.67,1.45,0.9977730035388569,0.002226996461143105
10/30/2025,BetOnline.ag,miami dolphins,baltimore ravens,0.5,38.038544874462126,13.198837971623302,Over,0.9977730035388569,0.027706193645022602,0.23088494704185578,2.67,2.22,0.9977730035388569,0.002226996461143105
10/30/2025,FanDuel,miami dolphins,baltimore ravens,0.5,38.038544874462126,13.198837971623302,Over,0.9977730035388569,0.027706193645022602,0.23088494704185578,2.62,1.47,0.9977730035388569,0.002226996461143105
10/30/2025,Bovada,miami dolphins,baltimore ravens,0.5,38.038544874462126,13.198837971623302,Over,0.9977730035388569,0.027706193645022602,0.23088494704185578,2.7,2.25,0.9977730035388569,0.002226996461143105
10/30/2025,BetOnline.ag,miami dolphins,baltimore ravens,0.5,38.038544874462126,13.198837971623302,Over,0.9977730035388569,0.027706193645022602,0.23088494704185578,3.3,2.22,0.9977730035388569,0.002226996461143105
10/30/2025,DraftKings,miami dolphins,baltimore ravens,1.5,38.038544874462126,13.198837971623302,Over,0.9971826541663928,0.02709813379138463,0.22581778159487254,3.45,2.47,0.9971826541663928,0.0028173458336071544
10/30/2025,DraftKings,miami dolphins,baltimore ravens,1.5,38.038544874462126,13.198837971623302,Over,0.9971826541663928,0.02709813379138463,0.22581778159487254,3.45,1.64,0.9971826541663928,0.0028173458336071544
10/30/2025,BetOnline.ag,miami dolphins,baltimore ravens,1.5,38.038544874462126,13.198837971623302,Over,0.9971826541663928,0.02709813379138463,0.22581778159487254,3.0,1.67,0.9971826541663928,0.0028173458336071544
10/30/2025,BetOnline.ag,miami dolphins,baltimore ravens,1.5,38.038544874462126,13.198837971623302,Over,0.9971826541663928,0.02709813379138463,0.22581778159487254,3.0,2.44,0.9971826541663928,0.0028173458336071544
10/30/2025,Bovada,miami dolphins,baltimore ravens,1.5,38.038544874462126,13.198837971623302,Over,0.9971826541663928,0.02709813379138463,0.22581778159487254,3.0,2.25,0.9971826541663928,0.0028173458336071544
10/30/2025,Bovada,miami dolphins,baltimore ravens,1.5,38.038544874462126,13.198837971623302,Over,0.9971826541663928,0.02709813379138463,0.22581778159487254,3.0,2.45,0.9971826541663928,0.0028173458336071544
10/30/2025,Bovada,miami dolphins,baltimore ravens,1.5,38.038544874462126,13.198837971623302,Over,0.9971826541663928,0.02709813379138463,0.22581778159487254,3.0,1.67,0.9971826541663928,0.0028173458336071544
10/30/2025,DraftKings,miami dolphins,baltimore ravens,1.5,38.038544874462126,13.198837971623302,Over,0.9971826541663928,0.02709813379138463,0.22581778159487254,3.45,1.98,0.9971826541663928,0.0028173458336071544
10/30/2025,DraftKings,miami dolphins,baltimore ravens,1.5,38.038544874462126,13.198837971623302,Over,0.9971826541663928,0.02709813379138463,0.22581778159487254,3.45,2.26,0.9971826541663928,0.0028173458336071544
10/30/2025,DraftKings,miami dolphins,baltimore ravens,1.5,38.038544874462126,13.198837971623302,Over,0.9971826541663928,0.02709813379138463,0.22581778159487254,3.45,1.67,0.9971826541663928,0.0028173458336071544
10/30/2025,BetOnline.ag,miami dolphins,baltimore ravens,1.5,38.038544874462126,13.198837971623302,Over,0.9971826541663928,0.02709813379138463,0.22581778159487254,3.0,2.28,0.9971826541663928,0.0028173458336071544
10/30/2025,BetOnline.ag,miami dolphins,baltimore ravens,1.5,38.038544874462126,13.198837971623302,Over,0.9971826541663928,0.02709813379138463,0.22581778159487254,3.0,1.65,0.9971826541663928,0.0028173458336071544
10/30/2025,Bovada,miami dolphins,baltimore ravens,1.5,38.038544874462126,13.198837971623302,Over,0.9971826541663928,0.02709813379138463,0.22581778159487254,3.0,1.62,0.9971826541663928,0.0028173458336071544
10/30/2025,Bovada,miami dolphins,baltimore ravens,2.5,38.038544874462126,13.198837971623302,Over,0.9964546159073222,0.026348254384541872,0.21956878653784928,3.0,1.83,0.9964546159073222,0.0035453840926777946
10/30/2025,DraftKings,miami dolphins,baltimore ravens,2.5,38.038544874462126,13.198837971623302,Over,0.9964546159073222,0.026348254384541872,0.21956878653784928,2.93,1.62,0.9964546159073222,0.0035453840926777946
10/30/2025,Bovada,miami dolphins,baltimore ravens,2.5,38.038544874462126,13.198837971623302,Over,0.9964546159073222,0.026348254384541872,0.21956878653784928,3.0,1.83,0.9964546159073222,0.0035453840926777946
10/30/2025,BetRivers,miami dolphins,baltimore ravens,2.5,38.038544874462126,13.198837971623302,Over,0.9964546159073222,0.026348254384541872,0.21956878653784928,3.2,1.81,0.9964546159073222,0.0035453840926777946
10/30/2025,DraftKings,miami dolphins,baltimore ravens,2.5,38.038544874462126,13.198837971623302,Over,0.9964546159073222,0.026348254384541872,0.21956878653784928,2.93,1.99,0.9964546159073222,0.0035453840926777946
10/30/2025,Bovada,miami dolphins,baltimore ravens,2.5,38.038544874462126,13.198837971623302,Over,0.9964546159073222,0.026348254384541872,0.21956878653784928,3.0,2.2,0.9964546159073222,0.0035453840926777946
10/30/2025,BetRivers,miami dolphins,baltimore ravens,2.5,38.038544874462126,13.198837971623302,Over,0.9964546159073222,0.026348254384541872,0.21956878653784928,3.2,1.66,0.9964546159073222,0.0035453840926777946
10/30/2025,DraftKings,miami dolphins,baltimore ravens,2.5,38.038544874462126,13.198837971623302,Over,0.9964546159073222,0.026348254384541872,0.21956878653784928,2.93,1.79,0.9964546159073222,0.0035453840926777946
10/30/2025,BetRivers,miami dolphins,baltimore ravens,2.5,38.038544874462126,13.198837971623302,Over,0.9964546159073222,0.026348254384541872,0.21956878653784928,3.2,1.97,0.9964546159073222,0.0035453840926777946
10/30/2025,Bovada,miami dolphins,baltimore ravens,2.5,38.038544874462126,13.198837971623302,Over,0.9964546159073222,0.026348254384541872,0.21956878653784928,3.0,1.59,0.9964546159073222,0.0035453840926777946
10/30/2025,DraftKings,miami dolphins,baltimore ravens,2.5,38.038544874462126,13.198837971623302,Over,0.9964546159073222,0.026348254384541872,0.21956878653784928,2.93,2.25,0.9964546159073222,0.0035453840926777946
10/30/2025,BetOnline.ag,miami dolphins,baltimore ravens,2.5,38.038544874462126,13.198837971623302,Over,0.9964546159073222,0.026348254384541872,0.21956878653784928,2.72,1.8,0.9964546159073222,0.0035453840926777946
10/30/2025,BetOnline.ag,miami dolphins,baltimore ravens,2.5,38.038544874462126,13.198837971623302,Over,0.9964546159073222,0.026348254384541872,0.21956878653784928,2.72,1.59,0.9964546159073222,0.0035453840926777946
10/30/2025,BetOnline.ag,miami dolphins,baltimore ravens,2.5,38.038544874462126,13.198837971623302,Over,0.9964546159073222,0.026348254384541872,0.21956878653784928,2.72,1.91,0.9964546159073222,0.0035453840926777946
10/30/2025,BetRivers,miami dolphins,baltimore ravens,2.5,38.038544874462126,13.198837971623302,Over,0.9964546159073222,0.026348254384541872,0.21956878653784928,3.2,2.38,0.9964546159073222,0.0035453840926777946
10/30/2025,BetOnline.ag,miami dolphins,baltimore ravens,2.5,38.038544874462126,13.198837971623302,Over,0.9964546159073222,0.026348254384541872,0.21956878653784928,2.72,2.21,0.9964546159073222,0.0035453840926777946
10/30/2025,FanDuel,miami dolphins,baltimore ravens,2.5,38.038544874462126,13.198837971623302,Over,0.9964546159073222,0.026348254384541872,0.21956878653784928,2.98,1.93,0.9964546159073222,0.0035453840926777946
10/30/2025,FanDuel,miami dolphins,baltimore ravens,2.5,38.038544874462126,13.198837971623302,Over,0.9964546159073222,0.026348254384541872,0.21956878653784928,2.98,1.82,0.9964546159073222,0.0035453840926777946
10/30/2025,FanDuel,miami dolphins,baltimore ravens,2.5,38.038544874462126,13.198837971623302,Over,0.9964546159073222,0.026348254384541872,0.21956878653784928,2.98,1.57,0.9964546159073222,0.0035453840926777946
10/30/2025,FanDuel,miami dolphins,baltimore ravens,2.5,38.038544874462126,13.198837971623302,Over,0.9964546159073222,0.026348254384541872,0.21956878653784928,2.98,2.18,0.9964546159073222,0.0035453840926777946
11/2/2025,FanDuel,buffalo bills,kansas city chiefs,19.5,54.873209854565026,13.198837971623302,Over,0.9963191620060108,0.026208736866191105,0.21840614055159321,3.2,1.85,0.9963191620060108,0.0036808379939892166
11/2/2025,FanDuel,buffalo bills,kansas city chiefs,19.5,54.873209854565026,13.198837971623302,Over,0.9963191620060108,0.026208736866191105,0.21840614055159321,2.82,1.85,0.9963191620060108,0.0036808379939892166
10/30/2025,DraftKings,miami dolphins,baltimore ravens,14.5,38.038544874462126,13.198837971623302,Over,0.9627377741472412,0.02050204059607562,0.08542516915031514,6.15,1.8,0.9627377741472412,0.037262225852758846
10/30/2025,Bovada,miami dolphins,baltimore ravens,237.5,38.038544874462126,13.198837971623302,Under,1.0,0.02,0.2500000000000002,1.87,1.87,0.0,1.0
10/30/2025,BetOnline.ag,miami dolphins,baltimore ravens,220.5,38.038544874462126,13.198837971623302,Under,1.0,0.02,0.2500000000000002,2.02,1.76,0.0,1.0
10/30/2025,BetOnline.ag,miami dolphins,baltimore ravens,237.5,38.038544874462126,13.198837971623302,Under,1.0,0.02,0.2500000000000002,1.89,1.87,0.0,1.0
10/30/2025,BetOnline.ag,miami dolphins,baltimore ravens,220.5,38.038544874462126,13.198837971623302,Under,1.0,0.02,0.2500000000000002,2.02,1.76,0.0,1.0
11/2/2025,FanDuel,buffalo bills,kansas city chiefs,235.5,54.873209854565026,13.198837971623302,Under,1.0,0.02,0.2500000000000002,1.88,1.88,0.0,1.0
10/30/2025,BetOnline.ag,miami dolphins,baltimore ravens,237.5,38.038544874462126,13.198837971623302,Under,1.0,0.02,0.2500000000000002,1.89,1.87,0.0,1.0
11/2/2025,FanDuel,buffalo bills,kansas city chiefs,269.5,54.873209854565026,13.198837971623302,Under,1.0,0.02,0.2500000000000002,1.88,1.88,0.0,1.0
10/30/2025,FanDuel,miami dolphins,baltimore ravens,218.5,38.038544874462126,13.198837971623302,Under,1.0,0.02,0.2500000000000002,1.88,1.88,0.0,1.0
10/30/2025,DraftKings,miami dolphins,baltimore ravens,237.5,38.038544874462126,13.198837971623302,Under,1.0,0.02,0.2500000000000002,1.9,1.88,0.0,1.0
10/30/2025,BetMGM,miami dolphins,baltimore ravens,220.5,38.038544874462126,13.198837971623302,Under,1.0,0.02,0.2500000000000002,1.87,1.87,0.0,1.0
10/30/2025,BetRivers,miami dolphins,baltimore ravens,235.5,38.038544874462126,13.198837971623302,Under,1.0,0.02,0.2500000000000002,1.87,1.87,0.0,1.0
10/30/2025,BetRivers,miami dolphins,baltimore ravens,215.5,38.038544874462126,13.198837971623302,Under,1.0,0.02,0.2500000000000002,1.87,1.87,0.0,1.0
10/30/2025,DraftKings,miami dolphins,baltimore ravens,216.5,38.038544874462126,13.198837971623302,Under,1.0,0.02,0.2500000000000002,1.9,1.88,0.0,1.0
10/30/2025,Bovada,miami dolphins,baltimore ravens,220.5,38.038544874462126,13.198837971623302,Under,1.0,0.02,0.2500000000000002,2.15,1.67,0.0,1.0
10/30/2025,FanDuel,miami dolphins,baltimore ravens,236.5,38.038544874462126,13.198837971623302,Under,1.0,0.02,0.2500000000000002,1.88,1.88,0.0,1.0
10/30/2025,BetMGM,miami dolphins,baltimore ravens,236.5,38.038544874462126,13.198837971623302,Under,1.0,0.02,0.2500000000000002,1.87,1.87,0.0,1.0
10/30/2025,BetMGM,miami dolphins,baltimore ravens,98.5,38.038544874462126,13.198837971623302,Under,0.9999976841797971,0.019997637863393005,0.24997047329241295,1.87,1.87,2.315820202936081e-06,0.9999976841797971
10/30/2025,FanDuel,miami dolphins,baltimore ravens,97.5,38.038544874462126,13.198837971623302,Under,0.9999966821698385,0.019996615813235273,0.24995769766543996,1.88,1.88,3.317830161497781e-06,0.9999966821698385
10/30/2025,DraftKings,miami dolphins,baltimore ravens,97.5,38.038544874462126,13.198837971623302,Under,0.9999966821698385,0.019996615813235273,0.24995769766543996,1.88,1.89,3.317830161497781e-06,0.9999966821698385
10/30/2025,BetMGM,miami dolphins,baltimore ravens,96.5,38.038544874462126,13.198837971623302,Under,0.9999952727658614,0.01999517822117865,0.2499397277647336,1.87,1.87,4.727234138579561e-06,0.9999952727658614
10/30/2025,BetRivers,miami dolphins,baltimore ravens,96.5,38.038544874462126,13.198837971623302,Under,0.9999952727658614,0.01999517822117865,0.2499397277647336,1.85,1.88,4.727234138579561e-06,0.9999952727658614
11/2/2025,FanDuel,buffalo bills,kansas city chiefs,1.5,54.873209854565026,13.198837971623302,Over,0.999973701971486,0.019973176010915774,0.24966470013644826,1.65,1.62,0.999973701971486,2.6298028513949134e-05
11/2/2025,FanDuel,buffalo bills,kansas city chiefs,1.5,54.873209854565026,13.198837971623302,Over,0.999973701971486,0.019973176010915774,0.24966470013644826,1.55,2.16,0.999973701971486,2.6298028513949134e-05
11/2/2025,FanDuel,buffalo bills,kansas city chiefs,1.5,54.873209854565026,13.198837971623302,Over,0.999973701971486,0.019973176010915774,0.24966470013644826,1.54,2.36,0.999973701971486,2.6298028513949134e-05
11/2/2025,FanDuel,buffalo bills,kansas city chiefs,1.5,54.873209854565026,13.198837971623302,Over,0.999973701971486,0.019973176010915774,0.24966470013644826,1.88,2.36,0.999973701971486,2.6298028513949134e-05
11/2/2025,FanDuel,buffalo bills,kansas city chiefs,1.5,54.873209854565026,13.198837971623302,Over,0.999973701971486,0.019973176010915774,0.24966470013644826,1.88,1.88,0.999973701971486,2.6298028513949134e-05
11/2/2025,FanDuel,buffalo bills,kansas city chiefs,1.5,54.873209854565026,13.198837971623302,Over,0.999973701971486,0.019973176010915774,0.24966470013644826,1.54,1.62,0.999973701971486,2.6298028513949134e-05
11/2/2025,FanDuel,buffalo bills,kansas city chiefs,1.5,54.873209854565026,13.198837971623302,Over,0.999973701971486,0.019973176010915774,0.24966470013644826,1.54,2.16,0.999973701971486,2.6298028513949134e-05
11/2/2025,FanDuel,buffalo bills,kansas city chiefs,1.5,54.873209854565026,13.198837971623302,Over,0.999973701971486,0.019973176010915774,0.24966470013644826,1.55,1.62,0.999973701971486,2.6298028513949134e-05
11/2/2025,FanDuel,buffalo bills,kansas city chiefs,1.5,54.873209854565026,13.198837971623302,Over,0.999973701971486,0.019973176010915774,0.24966470013644826,1.85,2.36,0.999973701971486,2.6298028513949134e-05
11/2/2025,FanDuel,buffalo bills,kansas city chiefs,1.5,54.873209854565026,13.198837971623302,Over,0.999973701971486,0.019973176010915774,0.24966470013644826,1.85,1.88,0.999973701971486,2.6298028513949134e-05
11/2/2025,FanDuel,buffalo bills,kansas city chiefs,1.5,54.873209854565026,13.198837971623302,Over,0.999973701971486,0.019973176010915774,0.24966470013644826,1.88,1.62,0.999973701971486,2.6298028513949134e-05
11/2/2025,FanDuel,buffalo bills,kansas city chiefs,1.5,54.873209854565026,13.198837971623302,Over,0.999973701971486,0.019973176010915774,0.24966470013644826,1.88,2.16,0.999973701971486,2.6298028513949134e-05
11/2/2025,FanDuel,buffalo bills,kansas city chiefs,1.5,54.873209854565026,13.198837971623302,Over,0.999973701971486,0.019973176010915774,0.24966470013644826,1.55,1.88,0.999973701971486,2.6298028513949134e-05
11/2/2025,FanDuel,buffalo bills,kansas city chiefs,1.5,54.873209854565026,13.198837971623302,Over,0.999973701971486,0.019973176010915774,0.24966470013644826,1.55,2.36,0.999973701971486,2.6298028513949134e-05
11/2/2025,FanDuel,buffalo bills,kansas city chiefs,1.5,54.873209854565026,13.198837971623302,Over,0.999973701971486,0.019973176010915774,0.24966470013644826,1.65,2.36,0.999973701971486,2.6298028513949134e-05
11/2/2025,FanDuel,buffalo bills,kansas city chiefs,1.5,54.873209854565026,13.198837971623302,Over,0.999973701971486,0.019973176010915774,0.24966470013644826,1.54,1.88,0.999973701971486,2.6298028513949134e-05
11/2/2025,FanDuel,buffalo bills,kansas city chiefs,1.5,54.873209854565026,13.198837971623302,Over,0.999973701971486,0.019973176010915774,0.24966470013644826,1.65,1.88,0.999973701971486,2.6298028513949134e-05
11/2/2025,FanDuel,buffalo bills,kansas city chiefs,1.5,54.873209854565026,13.198837971623302,Over,0.999973701971486,0.019973176010915774,0.24966470013644826,1.85,2.16,0.999973701971486,2.6298028513949134e-05
11/2/2025,FanDuel,buffalo bills,kansas city chiefs,1.5,54.873209854565026,13.198837971623302,Over,0.999973701971486,0.019973176010915774,0.24966470013644826,1.85,1.62,0.999973701971486,2.6298028513949134e-05
11/2/2025,FanDuel,buffalo bills,kansas city chiefs,1.5,54.873209854565026,13.198837971623302,Over,0.999973701971486,0.019973176010915774,0.24966470013644826,2.2,1.88,0.999973701971486,2.6298028513949134e-05
11/2/2025,FanDuel,buffalo bills,kansas city chiefs,1.5,54.873209854565026,13.198837971623302,Over,0.999973701971486,0.019973176010915774,0.24966470013644826,2.2,2.16,0.999973701971486,2.6298028513949134e-05
11/2/2025,FanDuel,buffalo bills,kansas city chiefs,1.5,54.873209854565026,13.198837971623302,Over,0.999973701971486,0.019973176010915774,0.24966470013644826,2.2,1.62,0.999973701971486,2.6298028513949134e-05
11/2/2025,FanDuel,buffalo bills,kansas city chiefs,1.5,54.873209854565026,13.198837971623302,Over,0.999973701971486,0.019973176010915774,0.24966470013644826,1.65,2.16,0.999973701971486,2.6298028513949134e-05
11/2/2025,FanDuel,buffalo bills,kansas city chiefs,1.5,54.873209854565026,13.198837971623302,Over,0.999973701971486,0.019973176010915774,0.24966470013644826,2.2,2.36,0.999973701971486,2.6298028513949134e-05
10/30/2025,FanDuel,miami dolphins,baltimore ravens,89.5,38.038544874462126,13.198837971623302,Under,0.9999516923099142,0.019950726156112493,0.24938407695140608,13.6,1.88,4.83076900857915e-05,0.9999516923099142
10/30/2025,DraftKings,miami dolphins,baltimore ravens,89.5,38.038544874462126,13.198837971623302,Under,0.9999516923099142,0.019950726156112493,0.24938407695140608,23.0,1.9,4.83076900857915e-05,0.9999516923099142
10/30/2025,FanDuel,miami dolphins,baltimore ravens,89.5,38.038544874462126,13.198837971623302,Under,0.9999516923099142,0.019950726156112493,0.24938407695140608,1.88,1.88,4.83076900857915e-05,0.9999516923099142
10/30/2025,FanDuel,miami dolphins,baltimore ravens,89.5,38.038544874462126,13.198837971623302,Under,0.9999516923099142,0.019950726156112493,0.24938407695140608,4.1,1.88,4.83076900857915e-05,0.9999516923099142
10/30/2025,DraftKings,miami dolphins,baltimore ravens,89.5,38.038544874462126,13.198837971623302,Under,0.9999516923099142,0.019950726156112493,0.24938407695140608,18.2,1.9,4.83076900857915e-05,0.9999516923099142
10/30/2025,FanDuel,miami dolphins,baltimore ravens,89.5,38.038544874462126,13.198837971623302,Under,0.9999516923099142,0.019950726156112493,0.24938407695140608,3.3,1.88,4.83076900857915e-05,0.9999516923099142
10/30/2025,DraftKings,miami dolphins,baltimore ravens,89.5,38.038544874462126,13.198837971623302,Under,0.9999516923099142,0.019950726156112493,0.24938407695140608,12.2,1.9,4.83076900857915e-05,0.9999516923099142
10/30/2025,DraftKings,miami dolphins,baltimore ravens,89.5,38.038544874462126,13.198837971623302,Under,0.9999516923099142,0.019950726156112493,0.24938407695140608,17.0,1.9,4.83076900857915e-05,0.9999516923099142
10/30/2025,BetOnline.ag,miami dolphins,baltimore ravens,89.5,38.038544874462126,13.198837971623302,Under,0.9999516923099142,0.019950726156112493,0.24938407695140608,1.88,1.88,4.83076900857915e-05,0.9999516923099142
10/30/2025,FanDuel,miami dolphins,baltimore ravens,89.5,38.038544874462126,13.198837971623302,Under,0.9999516923099142,0.019950726156112493,0.24938407695140608,1.88,1.88,4.83076900857915e-05,0.9999516923099142
10/30/2025,BetOnline.ag,miami dolphins,baltimore ravens,89.5,38.038544874462126,13.198837971623302,Under,0.9999516923099142,0.019950726156112493,0.24938407695140608,1.88,1.88,4.83076900857915e-05,0.9999516923099142
10/30/2025,FanDuel,miami dolphins,baltimore ravens,89.5,38.038544874462126,13.198837971623302,Under,0.9999516923099142,0.019950726156112493,0.24938407695140608,1.62,1.88,4.83076900857915e-05,0.9999516923099142
10/30/2025,DraftKings,miami dolphins,baltimore ravens,89.5,38.038544874462126,13.198837971623302,Under,0.9999516923099142,0.019950726156112493,0.24938407695140608,3.57,1.9,4.83076900857915e-05,0.9999516923099142
10/30/2025,DraftKings,miami dolphins,baltimore ravens,89.5,38.038544874462126,13.198837971623302,Under,0.9999516923099142,0.019950726156112493,0.24938407695140608,2.86,1.9,4.83076900857915e-05,0.9999516923099142
10/30/2025,DraftKings,miami dolphins,baltimore ravens,89.5,38.038544874462126,13.198837971623302,Under,0.9999516923099142,0.019950726156112493,0.24938407695140608,1.88,1.9,4.83076900857915e-05,0.9999516923099142
10/30/2025,FanDuel,miami dolphins,baltimore ravens,89.5,38.038544874462126,13.198837971623302,Under,0.9999516923099142,0.019950726156112493,0.24938407695140608,2.88,1.88,4.83076900857915e-05,0.9999516923099142
10/30/2025,DraftKings,miami dolphins,baltimore ravens,89.5,38.038544874462126,13.198837971623302,Under,0.9999516923099142,0.019950726156112493,0.24938407695140608,45.0,1.9,4.83076900857915e-05,0.9999516923099142
10/30/2025,DraftKings,miami dolphins,baltimore ravens,89.5,38.038544874462126,13.198837971623302,Under,0.9999516923099142,0.019950726156112493,0.24938407695140608,35.0,1.9,4.83076900857915e-05,0.9999516923099142
10/30/2025,DraftKings,miami dolphins,baltimore ravens,89.5,38.038544874462126,13.198837971623302,Under,0.9999516923099142,0.019950726156112493,0.24938407695140608,42.0,1.9,4.83076900857915e-05,0.9999516923099142
10/30/2025,FanDuel,miami dolphins,baltimore ravens,89.5,38.038544874462126,13.198837971623302,Under,0.9999516923099142,0.019950726156112493,0.24938407695140608,18.0,1.88,4.83076900857915e-05,0.9999516923099142
10/30/2025,FanDuel,miami dolphins,baltimore ravens,89.5,38.038544874462126,13.198837971623302,Under,0.9999516923099142,0.019950726156112493,0.24938407695140608,9.8,1.88,4.83076900857915e-05,0.9999516923099142
10/30/2025,FanDuel,miami dolphins,baltimore ravens,89.5,38.038544874462126,13.198837971623302,Under,0.9999516923099142,0.019950726156112493,0.24938407695140608,13.8,1.88,4.83076900857915e-05,0.9999516923099142
10/30/2025,DraftKings,miami dolphins,baltimore ravens,89.5,38.038544874462126,13.198837971623302,Under,0.9999516923099142,0.019950726156112493,0.24938407695140608,1.91,1.9,4.83076900857915e-05,0.9999516923099142
10/30/2025,DraftKings,miami dolphins,baltimore ravens,89.5,38.038544874462126,13.198837971623302,Under,0.9999516923099142,0.019950726156112493,0.24938407695140608,27.0,1.9,4.83076900857915e-05,0.9999516923099142
10/30/2025,DraftKings,miami dolphins,baltimore ravens,89.5,38.038544874462126,13.198837971623302,Under,0.9999516923099142,0.019950726156112493,0.24938407695140608,4.52,1.9,4.83076900857915e-05,0.9999516923099142
10/30/2025,DraftKings,miami dolphins,baltimore ravens,89.5,38.038544874462126,13.198837971623302,Under,0.9999516923099142,0.019950726156112493,0.24938407695140608,9.6,1.9,4.83076900857915e-05,0.9999516923099142
10/30/2025,DraftKings,miami dolphins,baltimore ravens,89.5,38.038544874462126,13.198837971623302,Under,0.9999516923099142,0.019950726156112493,0.24938407695140608,1.62,1.9,4.83076900857915e-05,0.9999516923099142
11/2/2025,FanDuel,buffalo bills,kansas city chiefs,3.5,54.873209854565026,13.198837971623302,Over,0.9999503410969225,0.01994934791886094,0.2493668489857631,2.16,2.06,0.9999503410969225,4.965890307750964e-05
11/2/2025,FanDuel,buffalo bills,kansas city chiefs,3.5,54.873209854565026,13.198837971623302,Over,0.9999503410969225,0.01994934791886094,0.2493668489857631,1.71,1.65,0.9999503410969225,4.965890307750964e-05
11/2/2025,FanDuel,buffalo bills,kansas city chiefs,3.5,54.873209854565026,13.198837971623302,Over,0.9999503410969225,0.01994934791886094,0.2493668489857631,1.68,1.65,0.9999503410969225,4.965890307750964e-05
11/2/2025,FanDuel,buffalo bills,kansas city chiefs,3.5,54.873209854565026,13.198837971623302,Over,0.9999503410969225,0.01994934791886094,0.2493668489857631,2.16,2.12,0.9999503410969225,4.965890307750964e-05
11/2/2025,FanDuel,buffalo bills,kansas city chiefs,3.5,54.873209854565026,13.198837971623302,Over,0.9999503410969225,0.01994934791886094,0.2493668489857631,1.71,2.06,0.9999503410969225,4.965890307750964e-05
11/2/2025,FanDuel,buffalo bills,kansas city chiefs,3.5,54.873209854565026,13.198837971623302,Over,0.9999503410969225,0.01994934791886094,0.2493668489857631,1.68,2.12,0.9999503410969225,4.965890307750964e-05
11/2/2025,FanDuel,buffalo bills,kansas city chiefs,3.5,54.873209854565026,13.198837971623302,Over,0.9999503410969225,0.01994934791886094,0.2493668489857631,1.68,2.06,0.9999503410969225,4.965890307750964e-05
11/2/2025,FanDuel,buffalo bills,kansas city chiefs,3.5,54.873209854565026,13.198837971623302,Over,0.9999503410969225,0.01994934791886094,0.2493668489857631,1.71,2.12,0.9999503410969225,4.965890307750964e-05
11/2/2025,FanDuel,buffalo bills,kansas city chiefs,3.5,54.873209854565026,13.198837971623302,Over,0.9999503410969225,0.01994934791886094,0.2493668489857631,2.16,1.65,0.9999503410969225,4.965890307750964e-05
10/30/2025,BetMGM,miami dolphins,baltimore ravens,88.5,38.038544874462126,13.198837971623302,Under,0.9999341276493529,0.019932810202339914,0.24916012752924932,1.87,1.87,6.58723506471448e-05,0.9999341276493529
11/2/2025,FanDuel,buffalo bills,kansas city chiefs,4.5,54.873209854565026,13.198837971623302,Over,0.9999323177371301,0.019930964091872696,0.24913705114840978,1.91,1.83,0.9999323177371301,6.768226286990586e-05
11/2/2025,FanDuel,buffalo bills,kansas city chiefs,4.5,54.873209854565026,13.198837971623302,Over,0.9999323177371301,0.019930964091872696,0.24913705114840978,1.69,1.76,0.9999323177371301,6.768226286990586e-05
11/2/2025,FanDuel,buffalo bills,kansas city chiefs,4.5,54.873209854565026,13.198837971623302,Over,0.9999323177371301,0.019930964091872696,0.24913705114840978,1.91,1.76,0.9999323177371301,6.768226286990586e-05
11/2/2025,FanDuel,buffalo bills,kansas city chiefs,4.5,54.873209854565026,13.198837971623302,Over,0.9999323177371301,0.019930964091872696,0.24913705114840978,1.91,2.08,0.9999323177371301,6.768226286990586e-05
11/2/2025,FanDuel,buffalo bills,kansas city chiefs,4.5,54.873209854565026,13.198837971623302,Over,0.9999323177371301,0.019930964091872696,0.24913705114840978,1.69,2.08,0.9999323177371301,6.768226286990586e-05
11/2/2025,FanDuel,buffalo bills,kansas city chiefs,4.5,54.873209854565026,13.198837971623302,Over,0.9999323177371301,0.019930964091872696,0.24913705114840978,1.69,1.83,0.9999323177371301,6.768226286990586e-05
11/2/2025,FanDuel,buffalo bills,kansas city chiefs,4.5,54.873209854565026,13.198837971623302,Over,0.9999323177371301,0.019930964091872696,0.24913705114840978,2.0,1.76,0.9999323177371301,6.768226286990586e-05
11/2/2025,FanDuel,buffalo bills,kansas city chiefs,4.5,54.873209854565026,13.198837971623302,Over,0.9999323177371301,0.019930964091872696,0.24913705114840978,2.0,1.83,0.9999323177371301,6.768226286990586e-05
11/2/2025,FanDuel,buffalo bills,kansas city chiefs,4.5,54.873209854565026,13.198837971623302,Over,0.9999323177371301,0.019930964091872696,0.24913705114840978,2.0,2.08,0.9999323177371301,6.768226286990586e-05
10/30/2025,Bovada,miami dolphins,baltimore ravens,87.5,38.038544874462126,13.198837971623302,Under,0.9999106649823387,0.01990887828198549,0.24886097852481748,1.8,1.95,8.933501766128504e-05,0.9999106649823387
10/30/2025,BetRivers,miami dolphins,baltimore ravens,87.5,38.038544874462126,13.198837971623302,Under,0.9999106649823387,0.01990887828198549,0.24886097852481748,1.88,1.85,8.933501766128504e-05,0.9999106649823387
11/2/2025,FanDuel,buffalo bills,kansas city chiefs,6.5,54.873209854565026,13.198837971623302,Over,0.999876311255581,0.01987383748069258,0.24842296850865753,2.18,1.63,0.999876311255581,0.0001236887444190371
11/2/2025,FanDuel,buffalo bills,kansas city chiefs,7.5,54.873209854565026,13.198837971623302,Over,0.9998341499874489,0.019830832987197886,0.24788541233997374,1.83,1.91,0.9998341499874489,0.00016585001255109422
11/2/2025,FanDuel,buffalo bills,kansas city chiefs,7.5,54.873209854565026,13.198837971623302,Over,0.9998341499874489,0.019830832987197886,0.24788541233997374,1.83,1.74,0.9998341499874489,0.00016585001255109422
11/2/2025,FanDuel,buffalo bills,kansas city chiefs,7.5,54.873209854565026,13.198837971623302,Over,0.9998341499874489,0.019830832987197886,0.24788541233997374,2.02,1.91,0.9998341499874489,0.00016585001255109422
11/2/2025,FanDuel,buffalo bills,kansas city chiefs,7.5,54.873209854565026,13.198837971623302,Over,0.9998341499874489,0.019830832987197886,0.24788541233997374,2.02,1.74,0.9998341499874489,0.00016585001255109422
11/2/2025,FanDuel,buffalo bills,kansas city chiefs,9.5,54.873209854565026,13.198837971623302,Over,0.9997066256182279,0.01970075813059243,0.24625947663240444,1.69,1.85,0.9997066256182279,0.0002933743817721268
11/2/2025,FanDuel,buffalo bills,kansas city chiefs,9.5,54.873209854565026,13.198837971623302,Over,0.9997066256182279,0.01970075813059243,0.24625947663240444,1.76,1.85,0.9997066256182279,0.0002933743817721268
11/2/2025,FanDuel,buffalo bills,kansas city chiefs,9.5,54.873209854565026,13.198837971623302,Over,0.9997066256182279,0.01970075813059243,0.24625947663240444,1.89,1.85,0.9997066256182279,0.0002933743817721268
11/2/2025,FanDuel,buffalo bills,kansas city chiefs,10.5,54.873209854565026,13.198837971623302,Over,0.999612963116919,0.019605222379257433,0.24506527974071934,1.88,1.88,0.999612963116919,0.00038703688308094897
11/2/2025,FanDuel,buffalo bills,kansas city chiefs,11.5,54.873209854565026,13.198837971623302,Over,0.9994921447583626,0.019481987653529816,0.24352484566912413,1.88,1.83,0.9994921447583626,0.0005078552416374338
11/2/2025,FanDuel,buffalo bills,kansas city chiefs,11.5,54.873209854565026,13.198837971623302,Over,0.9994921447583626,0.019481987653529816,0.24352484566912413,1.91,1.88,0.9994921447583626,0.0005078552416374338
11/2/2025,FanDuel,buffalo bills,kansas city chiefs,11.5,54.873209854565026,13.198837971623302,Over,0.9994921447583626,0.019481987653529816,0.24352484566912413,1.91,1.83,0.9994921447583626,0.0005078552416374338
11/2/2025,FanDuel,buffalo bills,kansas city chiefs,11.5,54.873209854565026,13.198837971623302,Over,0.9994921447583626,0.019481987653529816,0.24352484566912413,1.88,1.88,0.9994921447583626,0.0005078552416374338
11/2/2025,FanDuel,buffalo bills,kansas city chiefs,13.5,54.873209854565026,13.198837971623302,Over,0.9991395864643636,0.0191223781936509,0.23902972742063655,1.89,1.89,0.9991395864643636,0.0008604135356363729
11/2/2025,FanDuel,buffalo bills,kansas city chiefs,13.5,54.873209854565026,13.198837971623302,Over,0.9991395864643636,0.0191223781936509,0.23902972742063655,1.89,1.89,0.9991395864643636,0.0008604135356363729
11/2/2025,FanDuel,buffalo bills,kansas city chiefs,13.5,54.873209854565026,13.198837971623302,Over,0.9991395864643636,0.0191223781936509,0.23902972742063655,1.89,1.89,0.9991395864643636,0.0008604135356363729
11/2/2025,FanDuel,buffalo bills,kansas city chiefs,13.5,54.873209854565026,13.198837971623302,Over,0.9991395864643636,0.0191223781936509,0.23902972742063655,1.89,1.89,0.9991395864643636,0.0008604135356363729
11/2/2025,DraftKings,green bay packers,carolina panthers,8.5,47.31001801748177,13.198837971623302,Over,0.9983611181195007,0.018328340481890693,0.22910425602363504,1.83,1.91,0.9983611181195007,0.001638881880499321
11/2/2025,FanDuel,buffalo bills,kansas city chiefs,16.5,54.873209854565026,13.198837971623302,Over,0.9981772838432665,0.01814082952013187,0.22676036900164953,1.88,1.88,0.9981772838432665,0.0018227161567334615
11/2/2025,DraftKings,green bay packers,carolina panthers,9.5,47.31001801748177,13.198837971623302,Over,0.9979126315229075,0.017870884153365695,0.22338605191707106,1.87,1.87,0.9979126315229075,0.002087368477092455
10/30/2025,BetOnline.ag,miami dolphins,baltimore ravens,0.5,38.038544874462126,13.198837971623302,Over,0.9977730035388569,0.017728463609634034,0.22160579512042478,1.6,2.22,0.9977730035388569,0.002226996461143105
10/30/2025,DraftKings,miami dolphins,baltimore ravens,0.5,38.038544874462126,13.198837971623302,Over,0.9977730035388569,0.017728463609634034,0.22160579512042478,1.62,1.46,0.9977730035388569,0.002226996461143105
10/30/2025,FanDuel,miami dolphins,baltimore ravens,0.5,38.038544874462126,13.198837971623302,Over,0.9977730035388569,0.017728463609634034,0.22160579512042478,1.61,1.47,0.9977730035388569,0.002226996461143105
10/30/2025,Bovada,miami dolphins,baltimore ravens,0.5,38.038544874462126,13.198837971623302,Over,0.9977730035388569,0.017728463609634034,0.22160579512042478,1.61,2.25,0.9977730035388569,0.002226996461143105
10/30/2025,Bovada,miami dolphins,baltimore ravens,0.5,38.038544874462126,13.198837971623302,Over,0.9977730035388569,0.017728463609634034,0.22160579512042478,1.61,1.43,0.9977730035388569,0.002226996461143105
10/30/2025,BetMGM,miami dolphins,baltimore ravens,0.5,38.038544874462126,13.198837971623302,Over,0.9977730035388569,0.017728463609634034,0.22160579512042478,1.65,2.15,0.9977730035388569,0.002226996461143105
10/30/2025,BetMGM,miami dolphins,baltimore ravens,0.5,38.038544874462126,13.198837971623302,Over,0.9977730035388569,0.017728463609634034,0.22160579512042478,1.65,2.8,0.9977730035388569,0.002226996461143105
10/30/2025,BetOnline.ag,miami dolphins,baltimore ravens,0.5,38.038544874462126,13.198837971623302,Over,0.9977730035388569,0.017728463609634034,0.22160579512042478,1.63,2.22,0.9977730035388569,0.002226996461143105
10/30/2025,FanDuel,miami dolphins,baltimore ravens,0.5,38.038544874462126,13.198837971623302,Over,0.9977730035388569,0.017728463609634034,0.22160579512042478,1.61,2.25,0.9977730035388569,0.002226996461143105
10/30/2025,BetMGM,miami dolphins,baltimore ravens,0.5,38.038544874462126,13.198837971623302,Over,0.9977730035388569,0.017728463609634034,0.22160579512042478,1.65,1.48,0.9977730035388569,0.002226996461143105
10/30/2025,BetOnline.ag,miami dolphins,baltimore ravens,0.5,38.038544874462126,13.198837971623302,Over,0.9977730035388569,0.017728463609634034,0.22160579512042478,2.1,2.72,0.9977730035388569,0.002226996461143105
10/30/2025,BetOnline.ag,miami dolphins,baltimore ravens,0.5,38.038544874462126,13.198837971623302,Over,0.9977730035388569,0.017728463609634034,0.22160579512042478,2.4,2.22,0.9977730035388569,0.002226996461143105
10/30/2025,BetOnline.ag,miami dolphins,baltimore ravens,0.5,38.038544874462126,13.198837971623302,Over,0.9977730035388569,0.017728463609634034,0.22160579512042478,2.1,2.22,0.9977730035388569,0.002226996461143105
10/30/2025,BetOnline.ag,miami dolphins,baltimore ravens,0.5,38.038544874462126,13.198837971623302,Over,0.9977730035388569,0.017728463609634034,0.22160579512042478,1.6,1.45,0.9977730035388569,0.002226996461143105
10/30/2025,BetOnline.ag,miami dolphins,baltimore ravens,0.5,38.038544874462126,13.198837971623302,Over,0.9977730035388569,0.017728463609634034,0.22160579512042478,2.1,1.45,0.9977730035388569,0.002226996461143105
10/30/2025,BetOnline.ag,miami dolphins,baltimore ravens,0.5,38.038544874462126,13.198837971623302,Over,0.9977730035388569,0.017728463609634034,0.22160579512042478,1.63,2.72,0.9977730035388569,0.002226996461143105
10/30/2025,BetOnline.ag,miami dolphins,baltimore ravens,0.5,38.038544874462126,13.198837971623302,Over,0.9977730035388569,0.017728463609634034,0.22160579512042478,2.4,2.72,0.9977730035388569,0.002226996461143105
10/30/2025,BetOnline.ag,miami dolphins,baltimore ravens,0.5,38.038544874462126,13.198837971623302,Over,0.9977730035388569,0.017728463609634034,0.22160579512042478,1.63,1.45,0.9977730035388569,0.002226996461143105
10/30/2025,BetRivers,miami dolphins,baltimore ravens,0.5,38.038544874462126,13.198837971623302,Over,0.9977730035388569,0.017728463609634034,0.22160579512042478,1.64,1.44,0.9977730035388569,0.002226996461143105
10/30/2025,DraftKings,miami dolphins,baltimore ravens,0.5,38.038544874462126,13.198837971623302,Over,0.9977730035388569,0.017728463609634034,0.22160579512042478,1.62,2.25,0.9977730035388569,0.002226996461143105
10/30/2025,BetOnline.ag,miami dolphins,baltimore ravens,0.5,38.038544874462126,13.198837971623302,Over,0.9977730035388569,0.017728463609634034,0.22160579512042478,2.4,1.45,0.9977730035388569,0.002226996461143105
10/30/2025,BetRivers,miami dolphins,baltimore ravens,0.5,38.038544874462126,13.198837971623302,Over,0.9977730035388569,0.017728463609634034,0.22160579512042478,1.64,2.18,0.9977730035388569,0.002226996461143105
10/30/2025,BetRivers,miami dolphins,baltimore ravens,0.5,38.038544874462126,13.198837971623302,Over,0.9977730035388569,0.017728463609634034,0.22160579512042478,1.64,1.44,0.9977730035388569,0.002226996461143105
10/30/2025,FanDuel,miami dolphins,baltimore ravens,0.5,38.038544874462126,13.198837971623302,Over,0.9977730035388569,0.017728463609634034,0.22160579512042478,2.24,2.25,0.9977730035388569,0.002226996461143105
10/30/2025,BetRivers,miami dolphins,baltimore ravens,0.5,38.038544874462126,13.198837971623302,Over,0.9977730035388569,0.017728463609634034,0.22160579512042478,1.64,2.18,0.9977730035388569,0.002226996461143105
10/30/2025,BetOnline.ag,miami dolphins,baltimore ravens,0.5,38.038544874462126,13.198837971623302,Over,0.9977730035388569,0.017728463609634034,0.22160579512042478,1.6,2.72,0.9977730035388569,0.002226996461143105
10/30/2025,FanDuel,miami dolphins,baltimore ravens,0.5,38.038544874462126,13.198837971623302,Over,0.9977730035388569,0.017728463609634034,0.22160579512042478,2.24,1.47,0.9977730035388569,0.002226996461143105
11/2/2025,FanDuel,buffalo bills,kansas city chiefs,17.5,54.873209854565026,13.198837971623302,Over,0.9976838725328044,0.017637549983460527,0.22046937479325568,2.1,1.68,0.9976838725328044,0.002316127467195561
11/2/2025,FanDuel,buffalo bills,kansas city chiefs,17.5,54.873209854565026,13.198837971623302,Over,0.9976838725328044,0.017637549983460527,0.22046937479325568,1.93,1.82,0.9976838725328044,0.002316127467195561
11/2/2025,FanDuel,buffalo bills,kansas city chiefs,17.5,54.873209854565026,13.198837971623302,Over,0.9976838725328044,0.017637549983460527,0.22046937479325568,2.1,1.82,0.9976838725328044,0.002316127467195561
11/2/2025,FanDuel,buffalo bills,kansas city chiefs,17.5,54.873209854565026,13.198837971623302,Over,0.9976838725328044,0.017637549983460527,0.22046937479325568,1.93,1.68,0.9976838725328044,0.002316127467195561
10/30/2025,FanDuel,miami dolphins,baltimore ravens,1.5,38.038544874462126,13.198837971623302,Over,0.9971826541663928,0.017126307249720703,0.2140788406215094,2.18,1.63,0.9971826541663928,0.0028173458336071544
10/30/2025,FanDuel,miami dolphins,baltimore ravens,1.5,38.038544874462126,13.198837971623302,Over,0.9971826541663928,0.017126307249720703,0.2140788406215094,2.18,2.46,0.9971826541663928,0.0028173458336071544
10/30/2025,FanDuel,miami dolphins,baltimore ravens,1.5,38.038544874462126,13.198837971623302,Over,0.9971826541663928,0.017126307249720703,0.2140788406215094,1.51,1.63,0.9971826541663928,0.0028173458336071544
10/30/2025,FanDuel,miami dolphins,baltimore ravens,1.5,38.038544874462126,13.198837971623302,Over,0.9971826541663928,0.017126307249720703,0.2140788406215094,1.51,1.68,0.9971826541663928,0.0028173458336071544
10/30/2025,FanDuel,miami dolphins,baltimore ravens,1.5,38.038544874462126,13.198837971623302,Over,0.9971826541663928,0.017126307249720703,0.2140788406215094,1.51,2.46,0.9971826541663928,0.0028173458336071544
10/30/2025,DraftKings,miami dolphins,baltimore ravens,1.5,38.038544874462126,13.198837971623302,Over,0.9971826541663928,0.017126307249720703,0.2140788406215094,1.53,1.64,0.9971826541663928,0.0028173458336071544
10/30/2025,DraftKings,miami dolphins,baltimore ravens,1.5,38.038544874462126,13.198837971623302,Over,0.9971826541663928,0.017126307249720703,0.2140788406215094,1.53,2.26,0.9971826541663928,0.0028173458336071544
10/30/2025,DraftKings,miami dolphins,baltimore ravens,1.5,38.038544874462126,13.198837971623302,Over,0.9971826541663928,0.017126307249720703,0.2140788406215094,1.53,1.67,0.9971826541663928,0.0028173458336071544
10/30/2025,FanDuel,miami dolphins,baltimore ravens,1.5,38.038544874462126,13.198837971623302,Over,0.9971826541663928,0.017126307249720703,0.2140788406215094,2.14,1.93,0.9971826541663928,0.0028173458336071544
10/30/2025,DraftKings,miami dolphins,baltimore ravens,1.5,38.038544874462126,13.198837971623302,Over,0.9971826541663928,0.017126307249720703,0.2140788406215094,1.53,1.98,0.9971826541663928,0.0028173458336071544
10/30/2025,FanDuel,miami dolphins,baltimore ravens,1.5,38.038544874462126,13.198837971623302,Over,0.9971826541663928,0.017126307249720703,0.2140788406215094,2.18,1.68,0.9971826541663928,0.0028173458336071544
10/30/2025,FanDuel,miami dolphins,baltimore ravens,1.5,38.038544874462126,13.198837971623302,Over,0.9971826541663928,0.017126307249720703,0.2140788406215094,1.51,2.24,0.9971826541663928,0.0028173458336071544
10/30/2025,FanDuel,miami dolphins,baltimore ravens,1.5,38.038544874462126,13.198837971623302,Over,0.9971826541663928,0.017126307249720703,0.2140788406215094,1.51,1.93,0.9971826541663928,0.0028173458336071544
10/30/2025,FanDuel,miami dolphins,baltimore ravens,1.5,38.038544874462126,13.198837971623302,Over,0.9971826541663928,0.017126307249720703,0.2140788406215094,2.14,2.24,0.9971826541663928,0.0028173458336071544
10/30/2025,FanDuel,miami dolphins,baltimore ravens,1.5,38.038544874462126,13.198837971623302,Over,0.9971826541663928,0.017126307249720703,0.2140788406215094,2.18,2.24,0.9971826541663928,0.0028173458336071544
10/30/2025,FanDuel,miami dolphins,baltimore ravens,1.5,38.038544874462126,13.198837971623302,Over,0.9971826541663928,0.017126307249720703,0.2140788406215094,2.14,2.46,0.9971826541663928,0.0028173458336071544
10/30/2025,FanDuel,miami dolphins,baltimore ravens,1.5,38.038544874462126,13.198837971623302,Over,0.9971826541663928,0.017126307249720703,0.2140788406215094,2.14,1.68,0.9971826541663928,0.0028173458336071544
10/30/2025,FanDuel,miami dolphins,baltimore ravens,1.5,38.038544874462126,13.198837971623302,Over,0.9971826541663928,0.017126307249720703,0.2140788406215094,2.14,1.63,0.9971826541663928,0.0028173458336071544
10/30/2025,FanDuel,miami dolphins,baltimore ravens,1.5,38.038544874462126,13.198837971623302,Over,0.9971826541663928,0.017126307249720703,0.2140788406215094,2.18,1.93,0.9971826541663928,0.0028173458336071544
10/30/2025,BetMGM,miami dolphins,baltimore ravens,1.5,38.038544874462126,13.198837971623302,Over,0.9971826541663928,0.017126307249720703,0.2140788406215094,1.5,2.1,0.9971826541663928,0.0028173458336071544
10/30/2025,FanDuel,miami dolphins,baltimore ravens,1.5,38.038544874462126,13.198837971623302,Over,0.9971826541663928,0.017126307249720703,0.2140788406215094,1.51,2.46,0.9971826541663928,0.0028173458336071544
10/30/2025,BetMGM,miami dolphins,baltimore ravens,1.5,38.038544874462126,13.198837971623302,Over,0.9971826541663928,0.017126307249720703,0.2140788406215094,1.5,1.74,0.9971826541663928,0.0028173458336071544
10/30/2025,FanDuel,miami dolphins,baltimore ravens,1.5,38.038544874462126,13.198837971623302,Over,0.9971826541663928,0.017126307249720703,0.2140788406215094,2.1,1.93,0.9971826541663928,0.0028173458336071544
10/30/2025,FanDuel,miami dolphins,baltimore ravens,1.5,38.038544874462126,13.198837971623302,Over,0.9971826541663928,0.017126307249720703,0.2140788406215094,2.1,2.24,0.9971826541663928,0.0028173458336071544
10/30/2025,DraftKings,miami dolphins,baltimore ravens,1.5,38.038544874462126,13.198837971623302,Over,0.9971826541663928,0.017126307249720703,0.2140788406215094,2.23,2.47,0.9971826541663928,0.0028173458336071544
10/30/2025,BetOnline.ag,miami dolphins,baltimore ravens,1.5,38.038544874462126,13.198837971623302,Over,0.9971826541663928,0.017126307249720703,0.2140788406215094,1.6,2.28,0.9971826541663928,0.0028173458336071544
10/30/2025,BetMGM,miami dolphins,baltimore ravens,1.5,38.038544874462126,13.198837971623302,Over,0.9971826541663928,0.017126307249720703,0.2140788406215094,1.5,2.35,0.9971826541663928,0.0028173458336071544
10/30/2025,BetOnline.ag,miami dolphins,baltimore ravens,1.5,38.038544874462126,13.198837971623302,Over,0.9971826541663928,0.017126307249720703,0.2140788406215094,1.6,1.65,0.9971826541663928,0.0028173458336071544
10/30/2025,BetMGM,miami dolphins,baltimore ravens,1.5,38.038544874462126,13.198837971623302,Over,0.9971826541663928,0.017126307249720703,0.2140788406215094,1.5,1.65,0.9971826541663928,0.0028173458336071544
10/30/2025,BetOnline.ag,miami dolphins,baltimore ravens,1.5,38.038544874462126,13.198837971623302,Over,0.9971826541663928,0.017126307249720703,0.2140788406215094,1.6,2.44,0.9971826541663928,0.0028173458336071544
10/30/2025,BetOnline.ag,miami dolphins,baltimore ravens,1.5,38.038544874462126,13.198837971623302,Over,0.9971826541663928,0.017126307249720703,0.2140788406215094,1.6,1.67,0.9971826541663928,0.0028173458336071544
10/30/2025,DraftKings,miami dolphins,baltimore ravens,1.5,38.038544874462126,13.198837971623302,Over,0.9971826541663928,0.017126307249720703,0.2140788406215094,2.23,1.64,0.9971826541663928,0.0028173458336071544
10/30/2025,DraftKings,miami dolphins,baltimore ravens,1.5,38.038544874462126,13.198837971623302,Over,0.9971826541663928,0.017126307249720703,0.2140788406215094,2.23,2.26,0.9971826541663928,0.0028173458336071544
10/30/2025,BetMGM,miami dolphins,baltimore ravens,1.5,38.038544874462126,13.198837971623302,Over,0.9971826541663928,0.017126307249720703,0.2140788406215094,1.5,2.45,0.9971826541663928,0.0028173458336071544
10/30/2025,BetMGM,miami dolphins,baltimore ravens,1.5,38.038544874462126,13.198837971623302,Over,0.9971826541663928,0.017126307249720703,0.2140788406215094,1.5,1.65,0.9971826541663928,0.0028173458336071544
10/30/2025,BetOnline.ag,miami dolphins,baltimore ravens,1.5,38.038544874462126,13.198837971623302,Over,0.9971826541663928,0.017126307249720703,0.2140788406215094,2.18,2.28,0.9971826541663928,0.0028173458336071544
10/30/2025,BetOnline.ag,miami dolphins,baltimore ravens,1.5,38.038544874462126,13.198837971623302,Over,0.9971826541663928,0.017126307249720703,0.2140788406215094,2.18,1.65,0.9971826541663928,0.0028173458336071544
10/30/2025,BetOnline.ag,miami dolphins,baltimore ravens,1.5,38.038544874462126,13.198837971623302,Over,0.9971826541663928,0.017126307249720703,0.2140788406215094,2.18,2.44,0.9971826541663928,0.0028173458336071544
10/30/2025,BetOnline.ag,miami dolphins,baltimore ravens,1.5,38.038544874462126,13.198837971623302,Over,0.9971826541663928,0.017126307249720703,0.2140788406215094,2.18,1.67,0.9971826541663928,0.0028173458336071544
10/30/2025,BetMGM,miami dolphins,baltimore ravens,1.5,38.038544874462126,13.198837971623302,Over,0.9971826541663928,0.017126307249720703,0.2140788406215094,1.5,1.95,0.9971826541663928,0.0028173458336071544
10/30/2025,FanDuel,miami dolphins,baltimore ravens,1.5,38.038544874462126,13.198837971623302,Over,0.9971826541663928,0.017126307249720703,0.2140788406215094,2.1,1.63,0.9971826541663928,0.0028173458336071544
10/30/2025,DraftKings,miami dolphins,baltimore ravens,1.5,38.038544874462126,13.198837971623302,Over,0.9971826541663928,0.017126307249720703,0.2140788406215094,1.53,2.47,0.9971826541663928,0.0028173458336071544
10/30/2025,BetMGM,miami dolphins,baltimore ravens,1.5,38.038544874462126,13.198837971623302,Over,0.9971826541663928,0.017126307249720703,0.2140788406215094,2.15,1.65,0.9971826541663928,0.0028173458336071544
10/30/2025,FanDuel,miami dolphins,baltimore ravens,1.5,38.038544874462126,13.198837971623302,Over,0.9971826541663928,0.017126307249720703,0.2140788406215094,1.6,2.46,0.9971826541663928,0.0028173458336071544
10/30/2025,FanDuel,miami dolphins,baltimore ravens,1.5,38.038544874462126,13.198837971623302,Over,0.9971826541663928,0.017126307249720703,0.2140788406215094,1.6,1.68,0.9971826541663928,0.0028173458336071544
10/30/2025,FanDuel,miami dolphins,baltimore ravens,1.5,38.038544874462126,13.198837971623302,Over,0.9971826541663928,0.017126307249720703,0.2140788406215094,1.6,1.63,0.9971826541663928,0.0028173458336071544
10/30/2025,FanDuel,miami dolphins,baltimore ravens,1.5,38.038544874462126,13.198837971623302,Over,0.9971826541663928,0.017126307249720703,0.2140788406215094,1.6,2.24,0.9971826541663928,0.0028173458336071544
10/30/2025,FanDuel,miami dolphins,baltimore ravens,1.5,38.038544874462126,13.198837971623302,Over,0.9971826541663928,0.017126307249720703,0.2140788406215094,1.51,1.68,0.9971826541663928,0.0028173458336071544
10/30/2025,FanDuel,miami dolphins,baltimore ravens,1.5,38.038544874462126,13.198837971623302,Over,0.9971826541663928,0.017126307249720703,0.2140788406215094,1.51,1.63,0.9971826541663928,0.0028173458336071544
10/30/2025,BetMGM,miami dolphins,baltimore ravens,1.5,38.038544874462126,13.198837971623302,Over,0.9971826541663928,0.017126307249720703,0.2140788406215094,1.54,1.65,0.9971826541663928,0.0028173458336071544
10/30/2025,BetMGM,miami dolphins,baltimore ravens,1.5,38.038544874462126,13.198837971623302,Over,0.9971826541663928,0.017126307249720703,0.2140788406215094,2.15,1.74,0.9971826541663928,0.0028173458336071544
10/30/2025,BetMGM,miami dolphins,baltimore ravens,1.5,38.038544874462126,13.198837971623302,Over,0.9971826541663928,0.017126307249720703,0.2140788406215094,2.15,1.95,0.9971826541663928,0.0028173458336071544
10/30/2025,BetMGM,miami dolphins,baltimore ravens,1.5,38.038544874462126,13.198837971623302,Over,0.9971826541663928,0.017126307249720703,0.2140788406215094,2.15,2.35,0.9971826541663928,0.0028173458336071544
10/30/2025,FanDuel,miami dolphins,baltimore ravens,1.5,38.038544874462126,13.198837971623302,Over,0.9971826541663928,0.017126307249720703,0.2140788406215094,1.51,2.24,0.9971826541663928,0.0028173458336071544
10/30/2025,FanDuel,miami dolphins,baltimore ravens,1.5,38.038544874462126,13.198837971623302,Over,0.9971826541663928,0.017126307249720703,0.2140788406215094,1.51,1.93,0.9971826541663928,0.0028173458336071544
10/30/2025,FanDuel,miami dolphins,baltimore ravens,1.5,38.038544874462126,13.198837971623302,Over,0.9971826541663928,0.017126307249720703,0.2140788406215094,2.1,2.46,0.9971826541663928,0.0028173458336071544
10/30/2025,FanDuel,miami dolphins,baltimore ravens,1.5,38.038544874462126,13.198837971623302,Over,0.9971826541663928,0.017126307249720703,0.2140788406215094,2.1,1.68,0.9971826541663928,0.0028173458336071544
10/30/2025,BetMGM,miami dolphins,baltimore ravens,1.5,38.038544874462126,13.198837971623302,Over,0.9971826541663928,0.017126307249720703,0.2140788406215094,2.15,1.65,0.9971826541663928,0.0028173458336071544
10/30/2025,BetMGM,miami dolphins,baltimore ravens,1.5,38.038544874462126,13.198837971623302,Over,0.9971826541663928,0.017126307249720703,0.2140788406215094,2.15,2.45,0.9971826541663928,0.0028173458336071544
10/30/2025,BetMGM,miami dolphins,baltimore ravens,1.5,38.038544874462126,13.198837971623302,Over,0.9971826541663928,0.017126307249720703,0.2140788406215094,2.15,2.1,0.9971826541663928,0.0028173458336071544
10/30/2025,FanDuel,miami dolphins,baltimore ravens,1.5,38.038544874462126,13.198837971623302,Over,0.9971826541663928,0.017126307249720703,0.2140788406215094,1.6,1.93,0.9971826541663928,0.0028173458336071544
10/30/2025,Bovada,miami dolphins,baltimore ravens,1.5,38.038544874462126,13.198837971623302,Over,0.9971826541663928,0.017126307249720703,0.2140788406215094,1.53,2.25,0.9971826541663928,0.0028173458336071544
10/30/2025,DraftKings,miami dolphins,baltimore ravens,1.5,38.038544874462126,13.198837971623302,Over,0.9971826541663928,0.017126307249720703,0.2140788406215094,1.82,1.98,0.9971826541663928,0.0028173458336071544
10/30/2025,BetRivers,miami dolphins,baltimore ravens,1.5,38.038544874462126,13.198837971623302,Over,0.9971826541663928,0.017126307249720703,0.2140788406215094,1.55,1.66,0.9971826541663928,0.0028173458336071544
10/30/2025,Bovada,miami dolphins,baltimore ravens,1.5,38.038544874462126,13.198837971623302,Over,0.9971826541663928,0.017126307249720703,0.2140788406215094,1.61,1.62,0.9971826541663928,0.0028173458336071544
10/30/2025,Bovada,miami dolphins,baltimore ravens,1.5,38.038544874462126,13.198837971623302,Over,0.9971826541663928,0.017126307249720703,0.2140788406215094,1.61,1.67,0.9971826541663928,0.0028173458336071544
10/30/2025,Bovada,miami dolphins,baltimore ravens,1.5,38.038544874462126,13.198837971623302,Over,0.9971826541663928,0.017126307249720703,0.2140788406215094,1.61,2.45,0.9971826541663928,0.0028173458336071544
10/30/2025,DraftKings,miami dolphins,baltimore ravens,1.5,38.038544874462126,13.198837971623302,Over,0.9971826541663928,0.017126307249720703,0.2140788406215094,2.23,1.98,0.9971826541663928,0.0028173458336071544
10/30/2025,BetMGM,miami dolphins,baltimore ravens,1.5,38.038544874462126,13.198837971623302,Over,0.9971826541663928,0.017126307249720703,0.2140788406215094,2.15,1.65,0.9971826541663928,0.0028173458336071544
10/30/2025,BetRivers,miami dolphins,baltimore ravens,1.5,38.038544874462126,13.198837971623302,Over,0.9971826541663928,0.017126307249720703,0.2140788406215094,2.14,1.67,0.9971826541663928,0.0028173458336071544
10/30/2025,BetRivers,miami dolphins,baltimore ravens,1.5,38.038544874462126,13.198837971623302,Over,0.9971826541663928,0.017126307249720703,0.2140788406215094,2.14,2.3,0.9971826541663928,0.0028173458336071544
10/30/2025,BetRivers,miami dolphins,baltimore ravens,1.5,38.038544874462126,13.198837971623302,Over,0.9971826541663928,0.017126307249720703,0.2140788406215094,2.14,2.35,0.9971826541663928,0.0028173458336071544
10/30/2025,BetRivers,miami dolphins,baltimore ravens,1.5,38.038544874462126,13.198837971623302,Over,0.9971826541663928,0.017126307249720703,0.2140788406215094,2.14,1.66,0.9971826541663928,0.0028173458336071544
10/30/2025,BetMGM,miami dolphins,baltimore ravens,1.5,38.038544874462126,13.198837971623302,Over,0.9971826541663928,0.017126307249720703,0.2140788406215094,2.15,2.1,0.9971826541663928,0.0028173458336071544
10/30/2025,BetMGM,miami dolphins,baltimore ravens,1.5,38.038544874462126,13.198837971623302,Over,0.9971826541663928,0.017126307249720703,0.2140788406215094,2.15,2.45,0.9971826541663928,0.0028173458336071544
10/30/2025,BetMGM,miami dolphins,baltimore ravens,1.5,38.038544874462126,13.198837971623302,Over,0.9971826541663928,0.017126307249720703,0.2140788406215094,2.15,1.65,0.9971826541663928,0.0028173458336071544
10/30/2025,BetMGM,miami dolphins,baltimore ravens,1.5,38.038544874462126,13.198837971623302,Over,0.9971826541663928,0.017126307249720703,0.2140788406215094,2.15,2.35,0.9971826541663928,0.0028173458336071544
10/30/2025,DraftKings,miami dolphins,baltimore ravens,1.5,38.038544874462126,13.198837971623302,Over,0.9971826541663928,0.017126307249720703,0.2140788406215094,1.82,1.67,0.9971826541663928,0.0028173458336071544
10/30/2025,BetRivers,miami dolphins,baltimore ravens,1.5,38.038544874462126,13.198837971623302,Over,0.9971826541663928,0.017126307249720703,0.2140788406215094,1.57,1.67,0.9971826541663928,0.0028173458336071544
10/30/2025,BetRivers,miami dolphins,baltimore ravens,1.5,38.038544874462126,13.198837971623302,Over,0.9971826541663928,0.017126307249720703,0.2140788406215094,1.57,2.3,0.9971826541663928,0.0028173458336071544
10/30/2025,BetRivers,miami dolphins,baltimore ravens,1.5,38.038544874462126,13.198837971623302,Over,0.9971826541663928,0.017126307249720703,0.2140788406215094,1.57,2.35,0.9971826541663928,0.0028173458336071544
10/30/2025,BetRivers,miami dolphins,baltimore ravens,1.5,38.038544874462126,13.198837971623302,Over,0.9971826541663928,0.017126307249720703,0.2140788406215094,1.57,1.66,0.9971826541663928,0.0028173458336071544
10/30/2025,BetMGM,miami dolphins,baltimore ravens,1.5,38.038544874462126,13.198837971623302,Over,0.9971826541663928,0.017126307249720703,0.2140788406215094,2.15,1.95,0.9971826541663928,0.0028173458336071544
10/30/2025,BetMGM,miami dolphins,baltimore ravens,1.5,38.038544874462126,13.198837971623302,Over,0.9971826541663928,0.017126307249720703,0.2140788406215094,2.15,1.74,0.9971826541663928,0.0028173458336071544
10/30/2025,Bovada,miami dolphins,baltimore ravens,1.5,38.038544874462126,13.198837971623302,Over,0.9971826541663928,0.017126307249720703,0.2140788406215094,2.2,2.25,0.9971826541663928,0.0028173458336071544
10/30/2025,Bovada,miami dolphins,baltimore ravens,1.5,38.038544874462126,13.198837971623302,Over,0.9971826541663928,0.017126307249720703,0.2140788406215094,2.2,1.62,0.9971826541663928,0.0028173458336071544
10/30/2025,Bovada,miami dolphins,baltimore ravens,1.5,38.038544874462126,13.198837971623302,Over,0.9971826541663928,0.017126307249720703,0.2140788406215094,2.2,1.67,0.9971826541663928,0.0028173458336071544
10/30/2025,Bovada,miami dolphins,baltimore ravens,1.5,38.038544874462126,13.198837971623302,Over,0.9971826541663928,0.017126307249720703,0.2140788406215094,2.2,2.45,0.9971826541663928,0.0028173458336071544
10/30/2025,DraftKings,miami dolphins,baltimore ravens,1.5,38.038544874462126,13.198837971623302,Over,0.9971826541663928,0.017126307249720703,0.2140788406215094,2.23,1.64,0.9971826541663928,0.0028173458336071544
10/30/2025,DraftKings,miami dolphins,baltimore ravens,1.5,38.038544874462126,13.198837971623302,Over,0.9971826541663928,0.017126307249720703,0.2140788406215094,2.23,2.47,0.9971826541663928,0.0028173458336071544
10/30/2025,BetMGM,miami dolphins,baltimore ravens,1.5,38.038544874462126,13.198837971623302,Over,0.9971826541663928,0.017126307249720703,0.2140788406215094,1.54,1.74,0.9971826541663928,0.0028173458336071544
10/30/2025,BetRivers,miami dolphins,baltimore ravens,1.5,38.038544874462126,13.198837971623302,Over,0.9971826541663928,0.017126307249720703,0.2140788406215094,1.55,1.67,0.9971826541663928,0.0028173458336071544
10/30/2025,DraftKings,miami dolphins,baltimore ravens,1.5,38.038544874462126,13.198837971623302,Over,0.9971826541663928,0.017126307249720703,0.2140788406215094,1.62,1.64,0.9971826541663928,0.0028173458336071544
10/30/2025,Bovada,miami dolphins,baltimore ravens,1.5,38.038544874462126,13.198837971623302,Over,0.9971826541663928,0.017126307249720703,0.2140788406215094,1.61,2.25,0.9971826541663928,0.0028173458336071544
10/30/2025,DraftKings,miami dolphins,baltimore ravens,1.5,38.038544874462126,13.198837971623302,Over,0.9971826541663928,0.017126307249720703,0.2140788406215094,2.23,1.67,0.9971826541663928,0.0028173458336071544
10/30/2025,DraftKings,miami dolphins,baltimore ravens,1.5,38.038544874462126,13.198837971623302,Over,0.9971826541663928,0.017126307249720703,0.2140788406215094,1.62,2.47,0.9971826541663928,0.0028173458336071544
10/30/2025,BetMGM,miami dolphins,baltimore ravens,1.5,38.038544874462126,13.198837971623302,Over,0.9971826541663928,0.017126307249720703,0.2140788406215094,1.69,1.65,0.9971826541663928,0.0028173458336071544
10/30/2025,BetMGM,miami dolphins,baltimore ravens,1.5,38.038544874462126,13.198837971623302,Over,0.9971826541663928,0.017126307249720703,0.2140788406215094,1.8,2.1,0.9971826541663928,0.0028173458336071544
10/30/2025,BetMGM,miami dolphins,baltimore ravens,1.5,38.038544874462126,13.198837971623302,Over,0.9971826541663928,0.017126307249720703,0.2140788406215094,1.8,2.45,0.9971826541663928,0.0028173458336071544
10/30/2025,BetMGM,miami dolphins,baltimore ravens,1.5,38.038544874462126,13.198837971623302,Over,0.9971826541663928,0.017126307249720703,0.2140788406215094,1.8,1.65,0.9971826541663928,0.0028173458336071544
10/30/2025,BetMGM,miami dolphins,baltimore ravens,1.5,38.038544874462126,13.198837971623302,Over,0.9971826541663928,0.017126307249720703,0.2140788406215094,1.8,2.35,0.9971826541663928,0.0028173458336071544
10/30/2025,BetMGM,miami dolphins,baltimore ravens,1.5,38.038544874462126,13.198837971623302,Over,0.9971826541663928,0.017126307249720703,0.2140788406215094,1.8,1.95,0.9971826541663928,0.0028173458336071544
10/30/2025,BetMGM,miami dolphins,baltimore ravens,1.5,38.038544874462126,13.198837971623302,Over,0.9971826541663928,0.017126307249720703,0.2140788406215094,1.8,1.74,0.9971826541663928,0.0028173458336071544
10/30/2025,BetMGM,miami dolphins,baltimore ravens,1.5,38.038544874462126,13.198837971623302,Over,0.9971826541663928,0.017126307249720703,0.2140788406215094,2.0,1.65,0.9971826541663928,0.0028173458336071544
10/30/2025,BetMGM,miami dolphins,baltimore ravens,1.5,38.038544874462126,13.198837971623302,Over,0.9971826541663928,0.017126307249720703,0.2140788406215094,2.0,2.1,0.9971826541663928,0.0028173458336071544
10/30/2025,BetMGM,miami dolphins,baltimore ravens,1.5,38.038544874462126,13.198837971623302,Over,0.9971826541663928,0.017126307249720703,0.2140788406215094,2.0,2.45,0.9971826541663928,0.0028173458336071544
10/30/2025,BetMGM,miami dolphins,baltimore ravens,1.5,38.038544874462126,13.198837971623302,Over,0.9971826541663928,0.017126307249720703,0.2140788406215094,2.0,1.65,0.9971826541663928,0.0028173458336071544
10/30/2025,BetMGM,miami dolphins,baltimore ravens,1.5,38.038544874462126,13.198837971623302,Over,0.9971826541663928,0.017126307249720703,0.2140788406215094,2.0,2.35,0.9971826541663928,0.0028173458336071544
10/30/2025,BetMGM,miami dolphins,baltimore ravens,1.5,38.038544874462126,13.198837971623302,Over,0.9971826541663928,0.017126307249720703,0.2140788406215094,2.0,1.95,0.9971826541663928,0.0028173458336071544
10/30/2025,BetMGM,miami dolphins,baltimore ravens,1.5,38.038544874462126,13.198837971623302,Over,0.9971826541663928,0.017126307249720703,0.2140788406215094,2.0,1.74,0.9971826541663928,0.0028173458336071544
10/30/2025,BetMGM,miami dolphins,baltimore ravens,1.5,38.038544874462126,13.198837971623302,Over,0.9971826541663928,0.017126307249720703,0.2140788406215094,1.69,2.1,0.9971826541663928,0.0028173458336071544
10/30/2025,DraftKings,miami dolphins,baltimore ravens,1.5,38.038544874462126,13.198837971623302,Over,0.9971826541663928,0.017126307249720703,0.2140788406215094,2.23,2.26,0.9971826541663928,0.0028173458336071544
10/30/2025,BetMGM,miami dolphins,baltimore ravens,1.5,38.038544874462126,13.198837971623302,Over,0.9971826541663928,0.017126307249720703,0.2140788406215094,1.69,2.45,0.9971826541663928,0.0028173458336071544
10/30/2025,BetMGM,miami dolphins,baltimore ravens,1.5,38.038544874462126,13.198837971623302,Over,0.9971826541663928,0.017126307249720703,0.2140788406215094,1.69,1.65,0.9971826541663928,0.0028173458336071544
10/30/2025,BetMGM,miami dolphins,baltimore ravens,1.5,38.038544874462126,13.198837971623302,Over,0.9971826541663928,0.017126307249720703,0.2140788406215094,1.69,2.35,0.9971826541663928,0.0028173458336071544
10/30/2025,BetMGM,miami dolphins,baltimore ravens,1.5,38.038544874462126,13.198837971623302,Over,0.9971826541663928,0.017126307249720703,0.2140788406215094,1.69,1.95,0.9971826541663928,0.0028173458336071544
10/30/2025,BetMGM,miami dolphins,baltimore ravens,1.5,38.038544874462126,13.198837971623302,Over,0.9971826541663928,0.017126307249720703,0.2140788406215094,1.69,1.74,0.9971826541663928,0.0028173458336071544
10/30/2025,DraftKings,miami dolphins,baltimore ravens,1.5,38.038544874462126,13.198837971623302,Over,0.9971826541663928,0.017126307249720703,0.2140788406215094,1.62,2.26,0.9971826541663928,0.0028173458336071544
10/30/2025,DraftKings,miami dolphins,baltimore ravens,1.5,38.038544874462126,13.198837971623302,Over,0.9971826541663928,0.017126307249720703,0.2140788406215094,1.62,1.67,0.9971826541663928,0.0028173458336071544
10/30/2025,DraftKings,miami dolphins,baltimore ravens,1.5,38.038544874462126,13.198837971623302,Over,0.9971826541663928,0.017126307249720703,0.2140788406215094,1.62,1.98,0.9971826541663928,0.0028173458336071544
10/30/2025,DraftKings,miami dolphins,baltimore ravens,1.5,38.038544874462126,13.198837971623302,Over,0.9971826541663928,0.017126307249720703,0.2140788406215094,2.17,2.47,0.9971826541663928,0.0028173458336071544
10/30/2025,DraftKings,miami dolphins,baltimore ravens,1.5,38.038544874462126,13.198837971623302,Over,0.9971826541663928,0.017126307249720703,0.2140788406215094,2.17,1.64,0.9971826541663928,0.0028173458336071544
10/30/2025,DraftKings,miami dolphins,baltimore ravens,1.5,38.038544874462126,13.198837971623302,Over,0.9971826541663928,0.017126307249720703,0.2140788406215094,2.17,2.26,0.9971826541663928,0.0028173458336071544
10/30/2025,DraftKings,miami dolphins,baltimore ravens,1.5,38.038544874462126,13.198837971623302,Over,0.9971826541663928,0.017126307249720703,0.2140788406215094,2.17,1.67,0.9971826541663928,0.0028173458336071544
10/30/2025,DraftKings,miami dolphins,baltimore ravens,1.5,38.038544874462126,13.198837971623302,Over,0.9971826541663928,0.017126307249720703,0.2140788406215094,2.17,1.98,0.9971826541663928,0.0028173458336071544
10/30/2025,BetRivers,miami dolphins,baltimore ravens,1.5,38.038544874462126,13.198837971623302,Over,0.9971826541663928,0.017126307249720703,0.2140788406215094,1.55,2.35,0.9971826541663928,0.0028173458336071544
10/30/2025,BetRivers,miami dolphins,baltimore ravens,1.5,38.038544874462126,13.198837971623302,Over,0.9971826541663928,0.017126307249720703,0.2140788406215094,1.55,2.3,0.9971826541663928,0.0028173458336071544
10/30/2025,Bovada,miami dolphins,baltimore ravens,1.5,38.038544874462126,13.198837971623302,Over,0.9971826541663928,0.017126307249720703,0.2140788406215094,2.1,2.25,0.9971826541663928,0.0028173458336071544
10/30/2025,BetOnline.ag,miami dolphins,baltimore ravens,1.5,38.038544874462126,13.198837971623302,Over,0.9971826541663928,0.017126307249720703,0.2140788406215094,2.15,2.28,0.9971826541663928,0.0028173458336071544
10/30/2025,BetOnline.ag,miami dolphins,baltimore ravens,1.5,38.038544874462126,13.198837971623302,Over,0.9971826541663928,0.017126307249720703,0.2140788406215094,2.15,2.44,0.9971826541663928,0.0028173458336071544
10/30/2025,BetOnline.ag,miami dolphins,baltimore ravens,1.5,38.038544874462126,13.198837971623302,Over,0.9971826541663928,0.017126307249720703,0.2140788406215094,2.15,1.67,0.9971826541663928,0.0028173458336071544
10/30/2025,BetOnline.ag,miami dolphins,baltimore ravens,1.5,38.038544874462126,13.198837971623302,Over,0.9971826541663928,0.017126307249720703,0.2140788406215094,1.53,2.28,0.9971826541663928,0.0028173458336071544
10/30/2025,BetOnline.ag,miami dolphins,baltimore ravens,1.5,38.038544874462126,13.198837971623302,Over,0.9971826541663928,0.017126307249720703,0.2140788406215094,1.53,1.65,0.9971826541663928,0.0028173458336071544
10/30/2025,BetOnline.ag,miami dolphins,baltimore ravens,1.5,38.038544874462126,13.198837971623302,Over,0.9971826541663928,0.017126307249720703,0.2140788406215094,1.53,2.44,0.9971826541663928,0.0028173458336071544
10/30/2025,BetOnline.ag,miami dolphins,baltimore ravens,1.5,38.038544874462126,13.198837971623302,Over,0.9971826541663928,0.017126307249720703,0.2140788406215094,1.53,1.67,0.9971826541663928,0.0028173458336071544
10/30/2025,BetOnline.ag,miami dolphins,baltimore ravens,1.5,38.038544874462126,13.198837971623302,Over,0.9971826541663928,0.017126307249720703,0.2140788406215094,2.15,1.65,0.9971826541663928,0.0028173458336071544
10/30/2025,FanDuel,miami dolphins,baltimore ravens,1.5,38.038544874462126,13.198837971623302,Over,0.9971826541663928,0.017126307249720703,0.2140788406215094,1.82,1.68,0.9971826541663928,0.0028173458336071544
10/30/2025,BetOnline.ag,miami dolphins,baltimore ravens,1.5,38.038544874462126,13.198837971623302,Over,0.9971826541663928,0.017126307249720703,0.2140788406215094,2.15,2.44,0.9971826541663928,0.0028173458336071544
10/30/2025,BetOnline.ag,miami dolphins,baltimore ravens,1.5,38.038544874462126,13.198837971623302,Over,0.9971826541663928,0.017126307249720703,0.2140788406215094,2.15,1.67,0.9971826541663928,0.0028173458336071544
10/30/2025,DraftKings,miami dolphins,baltimore ravens,1.5,38.038544874462126,13.198837971623302,Over,0.9971826541663928,0.017126307249720703,0.2140788406215094,1.53,1.64,0.9971826541663928,0.0028173458336071544
10/30/2025,DraftKings,miami dolphins,baltimore ravens,1.5,38.038544874462126,13.198837971623302,Over,0.9971826541663928,0.017126307249720703,0.2140788406215094,1.53,2.26,0.9971826541663928,0.0028173458336071544
10/30/2025,DraftKings,miami dolphins,baltimore ravens,1.5,38.038544874462126,13.198837971623302,Over,0.9971826541663928,0.017126307249720703,0.2140788406215094,1.53,1.67,0.9971826541663928,0.0028173458336071544
10/30/2025,DraftKings,miami dolphins,baltimore ravens,1.5,38.038544874462126,13.198837971623302,Over,0.9971826541663928,0.017126307249720703,0.2140788406215094,1.53,1.98,0.9971826541663928,0.0028173458336071544
10/30/2025,BetOnline.ag,miami dolphins,baltimore ravens,1.5,38.038544874462126,13.198837971623302,Over,0.9971826541663928,0.017126307249720703,0.2140788406215094,2.15,1.65,0.9971826541663928,0.0028173458336071544
10/30/2025,BetOnline.ag,miami dolphins,baltimore ravens,1.5,38.038544874462126,13.198837971623302,Over,0.9971826541663928,0.017126307249720703,0.2140788406215094,2.15,2.28,0.9971826541663928,0.0028173458336071544
10/30/2025,BetMGM,miami dolphins,baltimore ravens,1.5,38.038544874462126,13.198837971623302,Over,0.9971826541663928,0.017126307249720703,0.2140788406215094,1.54,1.95,0.9971826541663928,0.0028173458336071544
10/30/2025,BetOnline.ag,miami dolphins,baltimore ravens,1.5,38.038544874462126,13.198837971623302,Over,0.9971826541663928,0.017126307249720703,0.2140788406215094,1.53,1.67,0.9971826541663928,0.0028173458336071544
10/30/2025,BetOnline.ag,miami dolphins,baltimore ravens,1.5,38.038544874462126,13.198837971623302,Over,0.9971826541663928,0.017126307249720703,0.2140788406215094,1.53,2.44,0.9971826541663928,0.0028173458336071544
10/30/2025,BetOnline.ag,miami dolphins,baltimore ravens,1.5,38.038544874462126,13.198837971623302,Over,0.9971826541663928,0.017126307249720703,0.2140788406215094,1.53,1.65,0.9971826541663928,0.0028173458336071544
10/30/2025,BetOnline.ag,miami dolphins,baltimore ravens,1.5,38.038544874462126,13.198837971623302,Over,0.9971826541663928,0.017126307249720703,0.2140788406215094,1.53,2.28,0.9971826541663928,0.0028173458336071544
10/30/2025,BetMGM,miami dolphins,baltimore ravens,1.5,38.038544874462126,13.198837971623302,Over,0.9971826541663928,0.017126307249720703,0.2140788406215094,1.54,2.35,0.9971826541663928,0.0028173458336071544
10/30/2025,DraftKings,miami dolphins,baltimore ravens,1.5,38.038544874462126,13.198837971623302,Over,0.9971826541663928,0.017126307249720703,0.2140788406215094,1.53,2.47,0.9971826541663928,0.0028173458336071544
10/30/2025,DraftKings,miami dolphins,baltimore ravens,1.5,38.038544874462126,13.198837971623302,Over,0.9971826541663928,0.017126307249720703,0.2140788406215094,2.23,1.98,0.9971826541663928,0.0028173458336071544
10/30/2025,BetMGM,miami dolphins,baltimore ravens,1.5,38.038544874462126,13.198837971623302,Over,0.9971826541663928,0.017126307249720703,0.2140788406215094,1.54,1.65,0.9971826541663928,0.0028173458336071544
10/30/2025,BetMGM,miami dolphins,baltimore ravens,1.5,38.038544874462126,13.198837971623302,Over,0.9971826541663928,0.017126307249720703,0.2140788406215094,1.54,2.45,0.9971826541663928,0.0028173458336071544
10/30/2025,BetMGM,miami dolphins,baltimore ravens,1.5,38.038544874462126,13.198837971623302,Over,0.9971826541663928,0.017126307249720703,0.2140788406215094,1.54,2.1,0.9971826541663928,0.0028173458336071544
10/30/2025,DraftKings,miami dolphins,baltimore ravens,1.5,38.038544874462126,13.198837971623302,Over,0.9971826541663928,0.017126307249720703,0.2140788406215094,2.23,1.67,0.9971826541663928,0.0028173458336071544
10/30/2025,DraftKings,miami dolphins,baltimore ravens,1.5,38.038544874462126,13.198837971623302,Over,0.9971826541663928,0.017126307249720703,0.2140788406215094,1.82,2.47,0.9971826541663928,0.0028173458336071544
10/30/2025,DraftKings,miami dolphins,baltimore ravens,1.5,38.038544874462126,13.198837971623302,Over,0.9971826541663928,0.017126307249720703,0.2140788406215094,1.82,1.64,0.9971826541663928,0.0028173458336071544
10/30/2025,DraftKings,miami dolphins,baltimore ravens,1.5,38.038544874462126,13.198837971623302,Over,0.9971826541663928,0.017126307249720703,0.2140788406215094,1.82,2.26,0.9971826541663928,0.0028173458336071544
10/30/2025,BetRivers,miami dolphins,baltimore ravens,1.5,38.038544874462126,13.198837971623302,Over,0.9971826541663928,0.017126307249720703,0.2140788406215094,2.16,1.67,0.9971826541663928,0.0028173458336071544
10/30/2025,FanDuel,miami dolphins,baltimore ravens,1.5,38.038544874462126,13.198837971623302,Over,0.9971826541663928,0.017126307249720703,0.2140788406215094,1.82,2.46,0.9971826541663928,0.0028173458336071544
10/30/2025,FanDuel,miami dolphins,baltimore ravens,1.5,38.038544874462126,13.198837971623302,Over,0.9971826541663928,0.017126307249720703,0.2140788406215094,1.82,1.63,0.9971826541663928,0.0028173458336071544
10/30/2025,FanDuel,miami dolphins,baltimore ravens,1.5,38.038544874462126,13.198837971623302,Over,0.9971826541663928,0.017126307249720703,0.2140788406215094,1.82,2.24,0.9971826541663928,0.0028173458336071544
10/30/2025,BetRivers,miami dolphins,baltimore ravens,1.5,38.038544874462126,13.198837971623302,Over,0.9971826541663928,0.017126307249720703,0.2140788406215094,2.16,2.3,0.9971826541663928,0.0028173458336071544
10/30/2025,BetRivers,miami dolphins,baltimore ravens,1.5,38.038544874462126,13.198837971623302,Over,0.9971826541663928,0.017126307249720703,0.2140788406215094,2.16,2.35,0.9971826541663928,0.0028173458336071544
10/30/2025,BetRivers,miami dolphins,baltimore ravens,1.5,38.038544874462126,13.198837971623302,Over,0.9971826541663928,0.017126307249720703,0.2140788406215094,2.16,1.66,0.9971826541663928,0.0028173458336071544
10/30/2025,BetRivers,miami dolphins,baltimore ravens,1.5,38.038544874462126,13.198837971623302,Over,0.9971826541663928,0.017126307249720703,0.2140788406215094,1.55,1.67,0.9971826541663928,0.0028173458336071544
10/30/2025,BetRivers,miami dolphins,baltimore ravens,1.5,38.038544874462126,13.198837971623302,Over,0.9971826541663928,0.017126307249720703,0.2140788406215094,1.55,2.3,0.9971826541663928,0.0028173458336071544
10/30/2025,BetRivers,miami dolphins,baltimore ravens,1.5,38.038544874462126,13.198837971623302,Over,0.9971826541663928,0.017126307249720703,0.2140788406215094,1.55,2.35,0.9971826541663928,0.0028173458336071544
10/30/2025,BetRivers,miami dolphins,baltimore ravens,1.5,38.038544874462126,13.198837971623302,Over,0.9971826541663928,0.017126307249720703,0.2140788406215094,1.55,1.66,0.9971826541663928,0.0028173458336071544
10/30/2025,BetRivers,miami dolphins,baltimore ravens,1.5,38.038544874462126,13.198837971623302,Over,0.9971826541663928,0.017126307249720703,0.2140788406215094,2.14,1.67,0.9971826541663928,0.0028173458336071544
10/30/2025,BetRivers,miami dolphins,baltimore ravens,1.5,38.038544874462126,13.198837971623302,Over,0.9971826541663928,0.017126307249720703,0.2140788406215094,2.14,2.3,0.9971826541663928,0.0028173458336071544
10/30/2025,BetRivers,miami dolphins,baltimore ravens,1.5,38.038544874462126,13.198837971623302,Over,0.9971826541663928,0.017126307249720703,0.2140788406215094,2.14,2.35,0.9971826541663928,0.0028173458336071544
10/30/2025,BetRivers,miami dolphins,baltimore ravens,1.5,38.038544874462126,13.198837971623302,Over,0.9971826541663928,0.017126307249720703,0.2140788406215094,2.14,1.66,0.9971826541663928,0.0028173458336071544
10/30/2025,Bovada,miami dolphins,baltimore ravens,1.5,38.038544874462126,13.198837971623302,Over,0.9971826541663928,0.017126307249720703,0.2140788406215094,2.1,1.62,0.9971826541663928,0.0028173458336071544
10/30/2025,Bovada,miami dolphins,baltimore ravens,1.5,38.038544874462126,13.198837971623302,Over,0.9971826541663928,0.017126307249720703,0.2140788406215094,2.1,1.67,0.9971826541663928,0.0028173458336071544
10/30/2025,Bovada,miami dolphins,baltimore ravens,1.5,38.038544874462126,13.198837971623302,Over,0.9971826541663928,0.017126307249720703,0.2140788406215094,2.1,2.45,0.9971826541663928,0.0028173458336071544
10/30/2025,Bovada,miami dolphins,baltimore ravens,1.5,38.038544874462126,13.198837971623302,Over,0.9971826541663928,0.017126307249720703,0.2140788406215094,1.5,2.25,0.9971826541663928,0.0028173458336071544
10/30/2025,Bovada,miami dolphins,baltimore ravens,1.5,38.038544874462126,13.198837971623302,Over,0.9971826541663928,0.017126307249720703,0.2140788406215094,1.5,1.62,0.9971826541663928,0.0028173458336071544
10/30/2025,Bovada,miami dolphins,baltimore ravens,1.5,38.038544874462126,13.198837971623302,Over,0.9971826541663928,0.017126307249720703,0.2140788406215094,2.15,1.67,0.9971826541663928,0.0028173458336071544
10/30/2025,FanDuel,miami dolphins,baltimore ravens,1.5,38.038544874462126,13.198837971623302,Over,0.9971826541663928,0.017126307249720703,0.2140788406215094,1.82,1.93,0.9971826541663928,0.0028173458336071544
10/30/2025,Bovada,miami dolphins,baltimore ravens,1.5,38.038544874462126,13.198837971623302,Over,0.9971826541663928,0.017126307249720703,0.2140788406215094,1.53,2.45,0.9971826541663928,0.0028173458336071544
10/30/2025,Bovada,miami dolphins,baltimore ravens,1.5,38.038544874462126,13.198837971623302,Over,0.9971826541663928,0.017126307249720703,0.2140788406215094,1.53,1.67,0.9971826541663928,0.0028173458336071544
10/30/2025,Bovada,miami dolphins,baltimore ravens,1.5,38.038544874462126,13.198837971623302,Over,0.9971826541663928,0.017126307249720703,0.2140788406215094,1.5,1.67,0.9971826541663928,0.0028173458336071544
10/30/2025,Bovada,miami dolphins,baltimore ravens,1.5,38.038544874462126,13.198837971623302,Over,0.9971826541663928,0.017126307249720703,0.2140788406215094,2.15,2.45,0.9971826541663928,0.0028173458336071544
10/30/2025,Bovada,miami dolphins,baltimore ravens,1.5,38.038544874462126,13.198837971623302,Over,0.9971826541663928,0.017126307249720703,0.2140788406215094,1.53,1.62,0.9971826541663928,0.0028173458336071544
10/30/2025,Bovada,miami dolphins,baltimore ravens,1.5,38.038544874462126,13.198837971623302,Over,0.9971826541663928,0.017126307249720703,0.2140788406215094,2.15,1.62,0.9971826541663928,0.0028173458336071544
10/30/2025,Bovada,miami dolphins,baltimore ravens,1.5,38.038544874462126,13.198837971623302,Over,0.9971826541663928,0.017126307249720703,0.2140788406215094,2.15,2.25,0.9971826541663928,0.0028173458336071544
10/30/2025,Bovada,miami dolphins,baltimore ravens,1.5,38.038544874462126,13.198837971623302,Over,0.9971826541663928,0.017126307249720703,0.2140788406215094,1.5,2.45,0.9971826541663928,0.0028173458336071544
10/30/2025,BetMGM,miami dolphins,baltimore ravens,1.5,38.038544874462126,13.198837971623302,Over,0.9971826541663928,0.017126307249720703,0.2140788406215094,1.8,1.65,0.9971826541663928,0.0028173458336071544
11/2/2025,FanDuel,buffalo bills,kansas city chiefs,18.5,54.873209854565026,13.198837971623302,Over,0.9970724605033353,0.01701390971340202,0.21267387141752636,1.85,1.89,0.9970724605033353,0.0029275394966646884
11/2/2025,FanDuel,buffalo bills,kansas city chiefs,18.5,54.873209854565026,13.198837971623302,Over,0.9970724605033353,0.01701390971340202,0.21267387141752636,1.85,1.88,0.9970724605033353,0.0029275394966646884
11/2/2025,FanDuel,buffalo bills,kansas city chiefs,18.5,54.873209854565026,13.198837971623302,Over,0.9970724605033353,0.01701390971340202,0.21267387141752636,1.88,1.88,0.9970724605033353,0.0029275394966646884
11/2/2025,FanDuel,buffalo bills,kansas city chiefs,18.5,54.873209854565026,13.198837971623302,Over,0.9970724605033353,0.01701390971340202,0.21267387141752636,1.88,1.89,0.9970724605033353,0.0029275394966646884
11/2/2025,DraftKings,detroit lions,minnesota vikings,12.5,48.48451349291664,13.198837971623302,Over,0.9967979456360249,0.01673390454874536,0.20917380685931686,1.95,1.83,0.9967979456360249,0.0032020543639751375
11/2/2025,DraftKings,detroit lions,minnesota vikings,12.5,48.48451349291664,13.198837971623302,Over,0.9967979456360249,0.01673390454874536,0.20917380685931686,1.95,1.8,0.9967979456360249,0.0032020543639751375
11/2/2025,DraftKings,detroit lions,minnesota vikings,12.5,48.48451349291664,13.198837971623302,Over,0.9967979456360249,0.01673390454874536,0.20917380685931686,1.91,1.8,0.9967979456360249,0.0032020543639751375
11/2/2025,DraftKings,detroit lions,minnesota vikings,12.5,48.48451349291664,13.198837971623302,Over,0.9967979456360249,0.01673390454874536,0.20917380685931686,1.91,1.83,0.9967979456360249,0.0032020543639751375
10/30/2025,Bovada,miami dolphins,baltimore ravens,2.5,38.038544874462126,13.198837971623302,Over,0.9964546159073222,0.01638370822546865,0.2047963528183594,1.91,1.83,0.9964546159073222,0.0035453840926777946
10/30/2025,DraftKings,miami dolphins,baltimore ravens,2.5,38.038544874462126,13.198837971623302,Over,0.9964546159073222,0.01638370822546865,0.2047963528183594,1.62,1.99,0.9964546159073222,0.0035453840926777946
10/30/2025,Bovada,miami dolphins,baltimore ravens,2.5,38.038544874462126,13.198837971623302,Over,0.9964546159073222,0.01638370822546865,0.2047963528183594,2.3,1.59,0.9964546159073222,0.0035453840926777946
10/30/2025,Bovada,miami dolphins,baltimore ravens,2.5,38.038544874462126,13.198837971623302,Over,0.9964546159073222,0.01638370822546865,0.2047963528183594,2.3,1.83,0.9964546159073222,0.0035453840926777946
10/30/2025,Bovada,miami dolphins,baltimore ravens,2.5,38.038544874462126,13.198837971623302,Over,0.9964546159073222,0.01638370822546865,0.2047963528183594,2.3,2.2,0.9964546159073222,0.0035453840926777946
10/30/2025,Bovada,miami dolphins,baltimore ravens,2.5,38.038544874462126,13.198837971623302,Over,0.9964546159073222,0.01638370822546865,0.2047963528183594,2.3,1.83,0.9964546159073222,0.0035453840926777946
10/30/2025,Bovada,miami dolphins,baltimore ravens,2.5,38.038544874462126,13.198837971623302,Over,0.9964546159073222,0.01638370822546865,0.2047963528183594,1.91,1.83,0.9964546159073222,0.0035453840926777946
10/30/2025,Bovada,miami dolphins,baltimore ravens,2.5,38.038544874462126,13.198837971623302,Over,0.9964546159073222,0.01638370822546865,0.2047963528183594,1.91,2.2,0.9964546159073222,0.0035453840926777946
10/30/2025,Bovada,miami dolphins,baltimore ravens,2.5,38.038544874462126,13.198837971623302,Over,0.9964546159073222,0.01638370822546865,0.2047963528183594,1.91,1.83,0.9964546159073222,0.0035453840926777946
10/30/2025,Bovada,miami dolphins,baltimore ravens,2.5,38.038544874462126,13.198837971623302,Over,0.9964546159073222,0.01638370822546865,0.2047963528183594,1.62,1.59,0.9964546159073222,0.0035453840926777946
10/30/2025,Bovada,miami dolphins,baltimore ravens,2.5,38.038544874462126,13.198837971623302,Over,0.9964546159073222,0.01638370822546865,0.2047963528183594,1.62,1.83,0.9964546159073222,0.0035453840926777946
10/30/2025,Bovada,miami dolphins,baltimore ravens,2.5,38.038544874462126,13.198837971623302,Over,0.9964546159073222,0.01638370822546865,0.2047963528183594,1.62,2.2,0.9964546159073222,0.0035453840926777946
10/30/2025,Bovada,miami dolphins,baltimore ravens,2.5,38.038544874462126,13.198837971623302,Over,0.9964546159073222,0.01638370822546865,0.2047963528183594,1.62,1.83,0.9964546159073222,0.0035453840926777946
10/30/2025,Bovada,miami dolphins,baltimore ravens,2.5,38.038544874462126,13.198837971623302,Over,0.9964546159073222,0.01638370822546865,0.2047963528183594,1.91,1.59,0.9964546159073222,0.0035453840926777946
10/30/2025,DraftKings,miami dolphins,baltimore ravens,2.5,38.038544874462126,13.198837971623302,Over,0.9964546159073222,0.01638370822546865,0.2047963528183594,1.62,2.25,0.9964546159073222,0.0035453840926777946
10/30/2025,DraftKings,miami dolphins,baltimore ravens,2.5,38.038544874462126,13.198837971623302,Over,0.9964546159073222,0.01638370822546865,0.2047963528183594,1.62,1.79,0.9964546159073222,0.0035453840926777946
10/30/2025,DraftKings,miami dolphins,baltimore ravens,2.5,38.038544874462126,13.198837971623302,Over,0.9964546159073222,0.01638370822546865,0.2047963528183594,2.26,1.62,0.9964546159073222,0.0035453840926777946
10/30/2025,DraftKings,miami dolphins,baltimore ravens,2.5,38.038544874462126,13.198837971623302,Over,0.9964546159073222,0.01638370822546865,0.2047963528183594,1.62,1.62,0.9964546159073222,0.0035453840926777946
10/30/2025,DraftKings,miami dolphins,baltimore ravens,2.5,38.038544874462126,13.198837971623302,Over,0.9964546159073222,0.01638370822546865,0.2047963528183594,1.79,2.25,0.9964546159073222,0.0035453840926777946
10/30/2025,DraftKings,miami dolphins,baltimore ravens,2.5,38.038544874462126,13.198837971623302,Over,0.9964546159073222,0.01638370822546865,0.2047963528183594,1.79,1.99,0.9964546159073222,0.0035453840926777946
10/30/2025,DraftKings,miami dolphins,baltimore ravens,2.5,38.038544874462126,13.198837971623302,Over,0.9964546159073222,0.01638370822546865,0.2047963528183594,1.79,1.79,0.9964546159073222,0.0035453840926777946
10/30/2025,Bovada,miami dolphins,baltimore ravens,2.5,38.038544874462126,13.198837971623302,Over,0.9964546159073222,0.01638370822546865,0.2047963528183594,1.91,1.83,0.9964546159073222,0.0035453840926777946
10/30/2025,Bovada,miami dolphins,baltimore ravens,2.5,38.038544874462126,13.198837971623302,Over,0.9964546159073222,0.01638370822546865,0.2047963528183594,1.91,2.2,0.9964546159073222,0.0035453840926777946
10/30/2025,DraftKings,miami dolphins,baltimore ravens,2.5,38.038544874462126,13.198837971623302,Over,0.9964546159073222,0.01638370822546865,0.2047963528183594,1.79,1.62,0.9964546159073222,0.0035453840926777946
10/30/2025,DraftKings,miami dolphins,baltimore ravens,2.5,38.038544874462126,13.198837971623302,Over,0.9964546159073222,0.01638370822546865,0.2047963528183594,2.0,2.25,0.9964546159073222,0.0035453840926777946
10/30/2025,DraftKings,miami dolphins,baltimore ravens,2.5,38.038544874462126,13.198837971623302,Over,0.9964546159073222,0.01638370822546865,0.2047963528183594,2.0,1.99,0.9964546159073222,0.0035453840926777946
10/30/2025,DraftKings,miami dolphins,baltimore ravens,2.5,38.038544874462126,13.198837971623302,Over,0.9964546159073222,0.01638370822546865,0.2047963528183594,2.0,1.79,0.9964546159073222,0.0035453840926777946
10/30/2025,DraftKings,miami dolphins,baltimore ravens,2.5,38.038544874462126,13.198837971623302,Over,0.9964546159073222,0.01638370822546865,0.2047963528183594,2.0,1.62,0.9964546159073222,0.0035453840926777946
10/30/2025,DraftKings,miami dolphins,baltimore ravens,2.5,38.038544874462126,13.198837971623302,Over,0.9964546159073222,0.01638370822546865,0.2047963528183594,2.26,2.25,0.9964546159073222,0.0035453840926777946
10/30/2025,DraftKings,miami dolphins,baltimore ravens,2.5,38.038544874462126,13.198837971623302,Over,0.9964546159073222,0.01638370822546865,0.2047963528183594,2.26,1.99,0.9964546159073222,0.0035453840926777946
10/30/2025,DraftKings,miami dolphins,baltimore ravens,2.5,38.038544874462126,13.198837971623302,Over,0.9964546159073222,0.01638370822546865,0.2047963528183594,2.26,1.79,0.9964546159073222,0.0035453840926777946
10/30/2025,Bovada,miami dolphins,baltimore ravens,2.5,38.038544874462126,13.198837971623302,Over,0.9964546159073222,0.01638370822546865,0.2047963528183594,1.91,1.59,0.9964546159073222,0.0035453840926777946
10/30/2025,FanDuel,miami dolphins,baltimore ravens,2.5,38.038544874462126,13.198837971623302,Over,0.9964546159073222,0.01638370822546865,0.2047963528183594,1.63,1.82,0.9964546159073222,0.0035453840926777946
10/30/2025,BetOnline.ag,miami dolphins,baltimore ravens,2.5,38.038544874462126,13.198837971623302,Over,0.9964546159073222,0.01638370822546865,0.2047963528183594,1.85,1.8,0.9964546159073222,0.0035453840926777946
10/30/2025,BetOnline.ag,miami dolphins,baltimore ravens,2.5,38.038544874462126,13.198837971623302,Over,0.9964546159073222,0.01638370822546865,0.2047963528183594,2.3,1.91,0.9964546159073222,0.0035453840926777946
10/30/2025,FanDuel,miami dolphins,baltimore ravens,2.5,38.038544874462126,13.198837971623302,Over,0.9964546159073222,0.01638370822546865,0.2047963528183594,2.3,1.93,0.9964546159073222,0.0035453840926777946
10/30/2025,FanDuel,miami dolphins,baltimore ravens,2.5,38.038544874462126,13.198837971623302,Over,0.9964546159073222,0.01638370822546865,0.2047963528183594,2.3,1.57,0.9964546159073222,0.0035453840926777946
10/30/2025,FanDuel,miami dolphins,baltimore ravens,2.5,38.038544874462126,13.198837971623302,Over,0.9964546159073222,0.01638370822546865,0.2047963528183594,2.3,1.82,0.9964546159073222,0.0035453840926777946
10/30/2025,FanDuel,miami dolphins,baltimore ravens,2.5,38.038544874462126,13.198837971623302,Over,0.9964546159073222,0.01638370822546865,0.2047963528183594,2.3,2.18,0.9964546159073222,0.0035453840926777946
10/30/2025,FanDuel,miami dolphins,baltimore ravens,2.5,38.038544874462126,13.198837971623302,Over,0.9964546159073222,0.01638370822546865,0.2047963528183594,1.93,1.93,0.9964546159073222,0.0035453840926777946
10/30/2025,BetOnline.ag,miami dolphins,baltimore ravens,2.5,38.038544874462126,13.198837971623302,Over,0.9964546159073222,0.01638370822546865,0.2047963528183594,2.3,2.21,0.9964546159073222,0.0035453840926777946
10/30/2025,BetOnline.ag,miami dolphins,baltimore ravens,2.5,38.038544874462126,13.198837971623302,Over,0.9964546159073222,0.01638370822546865,0.2047963528183594,1.64,1.8,0.9964546159073222,0.0035453840926777946
10/30/2025,BetOnline.ag,miami dolphins,baltimore ravens,2.5,38.038544874462126,13.198837971623302,Over,0.9964546159073222,0.01638370822546865,0.2047963528183594,2.3,1.8,0.9964546159073222,0.0035453840926777946
10/30/2025,BetOnline.ag,miami dolphins,baltimore ravens,2.5,38.038544874462126,13.198837971623302,Over,0.9964546159073222,0.01638370822546865,0.2047963528183594,1.64,1.59,0.9964546159073222,0.0035453840926777946
10/30/2025,FanDuel,miami dolphins,baltimore ravens,2.5,38.038544874462126,13.198837971623302,Over,0.9964546159073222,0.01638370822546865,0.2047963528183594,1.93,1.57,0.9964546159073222,0.0035453840926777946
10/30/2025,BetOnline.ag,miami dolphins,baltimore ravens,2.5,38.038544874462126,13.198837971623302,Over,0.9964546159073222,0.01638370822546865,0.2047963528183594,1.64,2.21,0.9964546159073222,0.0035453840926777946
10/30/2025,BetOnline.ag,miami dolphins,baltimore ravens,2.5,38.038544874462126,13.198837971623302,Over,0.9964546159073222,0.01638370822546865,0.2047963528183594,1.64,1.91,0.9964546159073222,0.0035453840926777946
10/30/2025,FanDuel,miami dolphins,baltimore ravens,2.5,38.038544874462126,13.198837971623302,Over,0.9964546159073222,0.01638370822546865,0.2047963528183594,1.93,1.82,0.9964546159073222,0.0035453840926777946
10/30/2025,FanDuel,miami dolphins,baltimore ravens,2.5,38.038544874462126,13.198837971623302,Over,0.9964546159073222,0.01638370822546865,0.2047963528183594,1.93,2.18,0.9964546159073222,0.0035453840926777946
10/30/2025,BetOnline.ag,miami dolphins,baltimore ravens,2.5,38.038544874462126,13.198837971623302,Over,0.9964546159073222,0.01638370822546865,0.2047963528183594,2.3,1.59,0.9964546159073222,0.0035453840926777946
10/30/2025,BetOnline.ag,miami dolphins,baltimore ravens,2.5,38.038544874462126,13.198837971623302,Over,0.9964546159073222,0.01638370822546865,0.2047963528183594,1.97,1.91,0.9964546159073222,0.0035453840926777946
10/30/2025,BetOnline.ag,miami dolphins,baltimore ravens,2.5,38.038544874462126,13.198837971623302,Over,0.9964546159073222,0.01638370822546865,0.2047963528183594,1.85,1.59,0.9964546159073222,0.0035453840926777946
10/30/2025,BetRivers,miami dolphins,baltimore ravens,2.5,38.038544874462126,13.198837971623302,Over,0.9964546159073222,0.01638370822546865,0.2047963528183594,1.54,1.66,0.9964546159073222,0.0035453840926777946
10/30/2025,BetRivers,miami dolphins,baltimore ravens,2.5,38.038544874462126,13.198837971623302,Over,0.9964546159073222,0.01638370822546865,0.2047963528183594,2.15,1.81,0.9964546159073222,0.0035453840926777946
10/30/2025,BetRivers,miami dolphins,baltimore ravens,2.5,38.038544874462126,13.198837971623302,Over,0.9964546159073222,0.01638370822546865,0.2047963528183594,1.78,1.66,0.9964546159073222,0.0035453840926777946
10/30/2025,BetRivers,miami dolphins,baltimore ravens,2.5,38.038544874462126,13.198837971623302,Over,0.9964546159073222,0.01638370822546865,0.2047963528183594,2.15,1.66,0.9964546159073222,0.0035453840926777946
10/30/2025,BetRivers,miami dolphins,baltimore ravens,2.5,38.038544874462126,13.198837971623302,Over,0.9964546159073222,0.01638370822546865,0.2047963528183594,1.78,1.97,0.9964546159073222,0.0035453840926777946
10/30/2025,BetRivers,miami dolphins,baltimore ravens,2.5,38.038544874462126,13.198837971623302,Over,0.9964546159073222,0.01638370822546865,0.2047963528183594,1.78,2.38,0.9964546159073222,0.0035453840926777946
10/30/2025,BetRivers,miami dolphins,baltimore ravens,2.5,38.038544874462126,13.198837971623302,Over,0.9964546159073222,0.01638370822546865,0.2047963528183594,1.78,1.81,0.9964546159073222,0.0035453840926777946
10/30/2025,BetRivers,miami dolphins,baltimore ravens,2.5,38.038544874462126,13.198837971623302,Over,0.9964546159073222,0.01638370822546865,0.2047963528183594,1.54,1.97,0.9964546159073222,0.0035453840926777946
10/30/2025,BetOnline.ag,miami dolphins,baltimore ravens,2.5,38.038544874462126,13.198837971623302,Over,0.9964546159073222,0.01638370822546865,0.2047963528183594,1.97,2.21,0.9964546159073222,0.0035453840926777946
10/30/2025,BetOnline.ag,miami dolphins,baltimore ravens,2.5,38.038544874462126,13.198837971623302,Over,0.9964546159073222,0.01638370822546865,0.2047963528183594,1.97,1.8,0.9964546159073222,0.0035453840926777946
10/30/2025,FanDuel,miami dolphins,baltimore ravens,2.5,38.038544874462126,13.198837971623302,Over,0.9964546159073222,0.01638370822546865,0.2047963528183594,1.82,1.93,0.9964546159073222,0.0035453840926777946
10/30/2025,FanDuel,miami dolphins,baltimore ravens,2.5,38.038544874462126,13.198837971623302,Over,0.9964546159073222,0.01638370822546865,0.2047963528183594,1.82,1.57,0.9964546159073222,0.0035453840926777946
10/30/2025,FanDuel,miami dolphins,baltimore ravens,2.5,38.038544874462126,13.198837971623302,Over,0.9964546159073222,0.01638370822546865,0.2047963528183594,1.82,1.82,0.9964546159073222,0.0035453840926777946
10/30/2025,FanDuel,miami dolphins,baltimore ravens,2.5,38.038544874462126,13.198837971623302,Over,0.9964546159073222,0.01638370822546865,0.2047963528183594,1.82,2.18,0.9964546159073222,0.0035453840926777946
10/30/2025,BetOnline.ag,miami dolphins,baltimore ravens,2.5,38.038544874462126,13.198837971623302,Over,0.9964546159073222,0.01638370822546865,0.2047963528183594,1.97,1.59,0.9964546159073222,0.0035453840926777946
10/30/2025,BetRivers,miami dolphins,baltimore ravens,2.5,38.038544874462126,13.198837971623302,Over,0.9964546159073222,0.01638370822546865,0.2047963528183594,2.15,2.38,0.9964546159073222,0.0035453840926777946
10/30/2025,BetRivers,miami dolphins,baltimore ravens,2.5,38.038544874462126,13.198837971623302,Over,0.9964546159073222,0.01638370822546865,0.2047963528183594,2.15,1.97,0.9964546159073222,0.0035453840926777946
10/30/2025,FanDuel,miami dolphins,baltimore ravens,2.5,38.038544874462126,13.198837971623302,Over,0.9964546159073222,0.01638370822546865,0.2047963528183594,1.63,2.18,0.9964546159073222,0.0035453840926777946
10/30/2025,BetMGM,miami dolphins,baltimore ravens,2.5,38.038544874462126,13.198837971623302,Over,0.9964546159073222,0.01638370822546865,0.2047963528183594,2.1,1.83,0.9964546159073222,0.0035453840926777946
10/30/2025,BetMGM,miami dolphins,baltimore ravens,2.5,38.038544874462126,13.198837971623302,Over,0.9964546159073222,0.01638370822546865,0.2047963528183594,1.95,2.2,0.9964546159073222,0.0035453840926777946
10/30/2025,BetMGM,miami dolphins,baltimore ravens,2.5,38.038544874462126,13.198837971623302,Over,0.9964546159073222,0.01638370822546865,0.2047963528183594,1.95,1.69,0.9964546159073222,0.0035453840926777946
10/30/2025,BetMGM,miami dolphins,baltimore ravens,2.5,38.038544874462126,13.198837971623302,Over,0.9964546159073222,0.01638370822546865,0.2047963528183594,1.95,1.8,0.9964546159073222,0.0035453840926777946
10/30/2025,BetMGM,miami dolphins,baltimore ravens,2.5,38.038544874462126,13.198837971623302,Over,0.9964546159073222,0.01638370822546865,0.2047963528183594,1.95,1.83,0.9964546159073222,0.0035453840926777946
10/30/2025,BetRivers,miami dolphins,baltimore ravens,2.5,38.038544874462126,13.198837971623302,Over,0.9964546159073222,0.01638370822546865,0.2047963528183594,1.93,1.81,0.9964546159073222,0.0035453840926777946
10/30/2025,BetMGM,miami dolphins,baltimore ravens,2.5,38.038544874462126,13.198837971623302,Over,0.9964546159073222,0.01638370822546865,0.2047963528183594,1.91,2.2,0.9964546159073222,0.0035453840926777946
10/30/2025,BetMGM,miami dolphins,baltimore ravens,2.5,38.038544874462126,13.198837971623302,Over,0.9964546159073222,0.01638370822546865,0.2047963528183594,1.62,1.8,0.9964546159073222,0.0035453840926777946
10/30/2025,BetRivers,miami dolphins,baltimore ravens,2.5,38.038544874462126,13.198837971623302,Over,0.9964546159073222,0.01638370822546865,0.2047963528183594,1.93,2.38,0.9964546159073222,0.0035453840926777946
10/30/2025,BetRivers,miami dolphins,baltimore ravens,2.5,38.038544874462126,13.198837971623302,Over,0.9964546159073222,0.01638370822546865,0.2047963528183594,1.93,1.97,0.9964546159073222,0.0035453840926777946
10/30/2025,BetRivers,miami dolphins,baltimore ravens,2.5,38.038544874462126,13.198837971623302,Over,0.9964546159073222,0.01638370822546865,0.2047963528183594,1.93,1.66,0.9964546159073222,0.0035453840926777946
10/30/2025,BetRivers,miami dolphins,baltimore ravens,2.5,38.038544874462126,13.198837971623302,Over,0.9964546159073222,0.01638370822546865,0.2047963528183594,1.54,1.81,0.9964546159073222,0.0035453840926777946
10/30/2025,BetMGM,miami dolphins,baltimore ravens,2.5,38.038544874462126,13.198837971623302,Over,0.9964546159073222,0.01638370822546865,0.2047963528183594,1.91,1.69,0.9964546159073222,0.0035453840926777946
10/30/2025,BetMGM,miami dolphins,baltimore ravens,2.5,38.038544874462126,13.198837971623302,Over,0.9964546159073222,0.01638370822546865,0.2047963528183594,1.91,1.8,0.9964546159073222,0.0035453840926777946
10/30/2025,BetMGM,miami dolphins,baltimore ravens,2.5,38.038544874462126,13.198837971623302,Over,0.9964546159073222,0.01638370822546865,0.2047963528183594,2.1,1.69,0.9964546159073222,0.0035453840926777946
10/30/2025,BetMGM,miami dolphins,baltimore ravens,2.5,38.038544874462126,13.198837971623302,Over,0.9964546159073222,0.01638370822546865,0.2047963528183594,2.1,2.2,0.9964546159073222,0.0035453840926777946
10/30/2025,BetMGM,miami dolphins,baltimore ravens,2.5,38.038544874462126,13.198837971623302,Over,0.9964546159073222,0.01638370822546865,0.2047963528183594,1.91,1.83,0.9964546159073222,0.0035453840926777946
10/30/2025,BetRivers,miami dolphins,baltimore ravens,2.5,38.038544874462126,13.198837971623302,Over,0.9964546159073222,0.01638370822546865,0.2047963528183594,1.54,2.38,0.9964546159073222,0.0035453840926777946
10/30/2025,BetMGM,miami dolphins,baltimore ravens,2.5,38.038544874462126,13.198837971623302,Over,0.9964546159073222,0.01638370822546865,0.2047963528183594,1.62,1.83,0.9964546159073222,0.0035453840926777946
10/30/2025,BetMGM,miami dolphins,baltimore ravens,2.5,38.038544874462126,13.198837971623302,Over,0.9964546159073222,0.01638370822546865,0.2047963528183594,1.62,1.69,0.9964546159073222,0.0035453840926777946
10/30/2025,FanDuel,miami dolphins,baltimore ravens,2.5,38.038544874462126,13.198837971623302,Over,0.9964546159073222,0.01638370822546865,0.2047963528183594,1.63,1.57,0.9964546159073222,0.0035453840926777946
10/30/2025,FanDuel,miami dolphins,baltimore ravens,2.5,38.038544874462126,13.198837971623302,Over,0.9964546159073222,0.01638370822546865,0.2047963528183594,1.63,1.93,0.9964546159073222,0.0035453840926777946
10/30/2025,BetOnline.ag,miami dolphins,baltimore ravens,2.5,38.038544874462126,13.198837971623302,Over,0.9964546159073222,0.01638370822546865,0.2047963528183594,1.85,1.91,0.9964546159073222,0.0035453840926777946
10/30/2025,BetMGM,miami dolphins,baltimore ravens,2.5,38.038544874462126,13.198837971623302,Over,0.9964546159073222,0.01638370822546865,0.2047963528183594,1.62,2.2,0.9964546159073222,0.0035453840926777946
10/30/2025,BetOnline.ag,miami dolphins,baltimore ravens,2.5,38.038544874462126,13.198837971623302,Over,0.9964546159073222,0.01638370822546865,0.2047963528183594,1.85,2.21,0.9964546159073222,0.0035453840926777946
10/30/2025,BetMGM,miami dolphins,baltimore ravens,2.5,38.038544874462126,13.198837971623302,Over,0.9964546159073222,0.01638370822546865,0.2047963528183594,2.1,1.8,0.9964546159073222,0.0035453840926777946
11/2/2025,FanDuel,buffalo bills,kansas city chiefs,19.5,54.873209854565026,13.198837971623302,Over,0.9963191620060108,0.016245545246131,0.2030693155766372,2.14,1.85,0.9963191620060108,0.0036808379939892166
11/2/2025,FanDuel,buffalo bills,kansas city chiefs,19.5,54.873209854565026,13.198837971623302,Over,0.9963191620060108,0.016245545246131,0.2030693155766372,1.89,1.85,0.9963191620060108,0.0036808379939892166
11/2/2025,DraftKings,green bay packers,carolina panthers,12.5,47.31001801748177,13.198837971623302,Over,0.9958222299905264,0.015738674590336916,0.19673343237921193,1.8,1.95,0.9958222299905264,0.004177770009473614
10/30/2025,BetMGM,miami dolphins,baltimore ravens,3.5,38.038544874462126,13.198837971623302,Over,0.9955619117803741,0.015473150015981603,0.19341437519977134,1.91,1.95,0.9955619117803741,0.00443808821962588
10/30/2025,BetMGM,miami dolphins,baltimore ravens,3.5,38.038544874462126,13.198837971623302,Over,0.9955619117803741,0.015473150015981603,0.19341437519977134,1.91,1.65,0.9955619117803741,0.00443808821962588
10/30/2025,BetMGM,miami dolphins,baltimore ravens,3.5,38.038544874462126,13.198837971623302,Over,0.9955619117803741,0.015473150015981603,0.19341437519977134,1.91,1.91,0.9955619117803741,0.00443808821962588
10/30/2025,BetMGM,miami dolphins,baltimore ravens,3.5,38.038544874462126,13.198837971623302,Over,0.9955619117803741,0.015473150015981603,0.19341437519977134,2.15,1.91,0.9955619117803741,0.00443808821962588
10/30/2025,BetMGM,miami dolphins,baltimore ravens,3.5,38.038544874462126,13.198837971623302,Over,0.9955619117803741,0.015473150015981603,0.19341437519977134,2.15,1.85,0.9955619117803741,0.00443808821962588
10/30/2025,BetOnline.ag,miami dolphins,baltimore ravens,3.5,38.038544874462126,13.198837971623302,Over,0.9955619117803741,0.015473150015981603,0.19341437519977134,1.81,2.02,0.9955619117803741,0.00443808821962588
10/30/2025,BetMGM,miami dolphins,baltimore ravens,3.5,38.038544874462126,13.198837971623302,Over,0.9955619117803741,0.015473150015981603,0.19341437519977134,1.8,1.91,0.9955619117803741,0.00443808821962588
10/30/2025,BetMGM,miami dolphins,baltimore ravens,3.5,38.038544874462126,13.198837971623302,Over,0.9955619117803741,0.015473150015981603,0.19341437519977134,1.8,1.95,0.9955619117803741,0.00443808821962588
10/30/2025,BetMGM,miami dolphins,baltimore ravens,3.5,38.038544874462126,13.198837971623302,Over,0.9955619117803741,0.015473150015981603,0.19341437519977134,1.8,1.65,0.9955619117803741,0.00443808821962588
10/30/2025,BetMGM,miami dolphins,baltimore ravens,3.5,38.038544874462126,13.198837971623302,Over,0.9955619117803741,0.015473150015981603,0.19341437519977134,1.91,1.85,0.9955619117803741,0.00443808821962588
10/30/2025,BetMGM,miami dolphins,baltimore ravens,3.5,38.038544874462126,13.198837971623302,Over,0.9955619117803741,0.015473150015981603,0.19341437519977134,1.83,1.95,0.9955619117803741,0.00443808821962588
10/30/2025,BetMGM,miami dolphins,baltimore ravens,3.5,38.038544874462126,13.198837971623302,Over,0.9955619117803741,0.015473150015981603,0.19341437519977134,2.15,1.95,0.9955619117803741,0.00443808821962588
10/30/2025,DraftKings,miami dolphins,baltimore ravens,3.5,38.038544874462126,13.198837971623302,Over,0.9955619117803741,0.015473150015981603,0.19341437519977134,1.79,2.0,0.9955619117803741,0.00443808821962588
10/30/2025,BetMGM,miami dolphins,baltimore ravens,3.5,38.038544874462126,13.198837971623302,Over,0.9955619117803741,0.015473150015981603,0.19341437519977134,1.8,1.85,0.9955619117803741,0.00443808821962588
10/30/2025,BetRivers,miami dolphins,baltimore ravens,3.5,38.038544874462126,13.198837971623302,Over,0.9955619117803741,0.015473150015981603,0.19341437519977134,1.83,1.89,0.9955619117803741,0.00443808821962588
10/30/2025,BetOnline.ag,miami dolphins,baltimore ravens,3.5,38.038544874462126,13.198837971623302,Over,0.9955619117803741,0.015473150015981603,0.19341437519977134,1.81,1.95,0.9955619117803741,0.00443808821962588
10/30/2025,BetOnline.ag,miami dolphins,baltimore ravens,3.5,38.038544874462126,13.198837971623302,Over,0.9955619117803741,0.015473150015981603,0.19341437519977134,1.76,1.95,0.9955619117803741,0.00443808821962588
10/30/2025,BetOnline.ag,miami dolphins,baltimore ravens,3.5,38.038544874462126,13.198837971623302,Over,0.9955619117803741,0.015473150015981603,0.19341437519977134,1.76,2.02,0.9955619117803741,0.00443808821962588
10/30/2025,FanDuel,miami dolphins,baltimore ravens,3.5,38.038544874462126,13.198837971623302,Over,0.9955619117803741,0.015473150015981603,0.19341437519977134,1.77,1.98,0.9955619117803741,0.00443808821962588
10/30/2025,Bovada,miami dolphins,baltimore ravens,3.5,38.038544874462126,13.198837971623302,Over,0.9955619117803741,0.015473150015981603,0.19341437519977134,1.77,2.0,0.9955619117803741,0.00443808821962588
10/30/2025,BetMGM,miami dolphins,baltimore ravens,3.5,38.038544874462126,13.198837971623302,Over,0.9955619117803741,0.015473150015981603,0.19341437519977134,1.83,1.65,0.9955619117803741,0.00443808821962588
10/30/2025,BetMGM,miami dolphins,baltimore ravens,3.5,38.038544874462126,13.198837971623302,Over,0.9955619117803741,0.015473150015981603,0.19341437519977134,2.15,1.65,0.9955619117803741,0.00443808821962588
10/30/2025,BetMGM,miami dolphins,baltimore ravens,3.5,38.038544874462126,13.198837971623302,Over,0.9955619117803741,0.015473150015981603,0.19341437519977134,1.83,1.85,0.9955619117803741,0.00443808821962588
10/30/2025,BetMGM,miami dolphins,baltimore ravens,3.5,38.038544874462126,13.198837971623302,Over,0.9955619117803741,0.015473150015981603,0.19341437519977134,1.83,1.91,0.9955619117803741,0.00443808821962588
10/30/2025,BetMGM,miami dolphins,baltimore ravens,72.5,38.038544874462126,13.198837971623302,Under,0.9954853944238458,0.015395102312322675,0.19243877890403327,1.87,1.87,0.00451460557615424,0.9954853944238458
11/2/2025,FanDuel,buffalo bills,kansas city chiefs,20.5,54.873209854565026,13.198837971623302,Over,0.9953963601347092,0.015304287337403407,0.19130359171754263,1.93,1.82,0.9953963601347092,0.004603639865290776
11/2/2025,DraftKings,green bay packers,carolina panthers,13.5,47.31001801748177,13.198837971623302,Over,0.9947902955154551,0.01468610142576416,0.1835762678220526,1.83,1.91,0.9947902955154551,0.005209704484544941
10/30/2025,BetRivers,miami dolphins,baltimore ravens,4.5,38.038544874462126,13.198837971623302,Over,0.9944735604157127,0.014363031624026919,0.1795378953003357,1.64,2.18,0.9944735604157127,0.005526439584287335
10/30/2025,BetOnline.ag,miami dolphins,baltimore ravens,4.5,38.038544874462126,13.198837971623302,Over,0.9944735604157127,0.014363031624026919,0.1795378953003357,1.71,2.09,0.9944735604157127,0.005526439584287335
10/30/2025,Bovada,miami dolphins,baltimore ravens,4.5,38.038544874462126,13.198837971623302,Over,0.9944735604157127,0.014363031624026919,0.1795378953003357,1.74,2.05,0.9944735604157127,0.005526439584287335
10/30/2025,BetRivers,miami dolphins,baltimore ravens,4.5,38.038544874462126,13.198837971623302,Over,0.9944735604157127,0.014363031624026919,0.1795378953003357,1.64,2.04,0.9944735604157127,0.005526439584287335
10/30/2025,BetRivers,miami dolphins,baltimore ravens,4.5,38.038544874462126,13.198837971623302,Over,0.9944735604157127,0.014363031624026919,0.1795378953003357,1.73,2.18,0.9944735604157127,0.005526439584287335
10/30/2025,BetRivers,miami dolphins,baltimore ravens,4.5,38.038544874462126,13.198837971623302,Over,0.9944735604157127,0.014363031624026919,0.1795378953003357,1.73,2.04,0.9944735604157127,0.005526439584287335
10/30/2025,DraftKings,miami dolphins,baltimore ravens,4.5,38.038544874462126,13.198837971623302,Over,0.9944735604157127,0.014363031624026919,0.1795378953003357,1.7,2.22,0.9944735604157127,0.005526439584287335
10/30/2025,FanDuel,miami dolphins,baltimore ravens,4.5,38.038544874462126,13.198837971623302,Over,0.9944735604157127,0.014363031624026919,0.1795378953003357,1.71,2.06,0.9944735604157127,0.005526439584287335
10/30/2025,DraftKings,miami dolphins,baltimore ravens,4.5,38.038544874462126,13.198837971623302,Over,0.9944735604157127,0.014363031624026919,0.1795378953003357,1.65,2.22,0.9944735604157127,0.005526439584287335
10/30/2025,BetMGM,miami dolphins,baltimore ravens,4.5,38.038544874462126,13.198837971623302,Over,0.9944735604157127,0.014363031624026919,0.1795378953003357,1.65,2.15,0.9944735604157127,0.005526439584287335
10/30/2025,DraftKings,miami dolphins,baltimore ravens,4.5,38.038544874462126,13.198837971623302,Over,0.9944735604157127,0.014363031624026919,0.1795378953003357,1.65,2.12,0.9944735604157127,0.005526439584287335
10/30/2025,DraftKings,miami dolphins,baltimore ravens,4.5,38.038544874462126,13.198837971623302,Over,0.9944735604157127,0.014363031624026919,0.1795378953003357,1.7,2.12,0.9944735604157127,0.005526439584287335
10/30/2025,FanDuel,miami dolphins,baltimore ravens,4.5,38.038544874462126,13.198837971623302,Over,0.9944735604157127,0.014363031624026919,0.1795378953003357,2.36,2.06,0.9944735604157127,0.005526439584287335
11/2/2025,FanDuel,buffalo bills,kansas city chiefs,21.5,54.873209854565026,13.198837971623302,Over,0.9942723814492087,0.014157829078192883,0.17697286347741203,2.0,1.76,0.9942723814492087,0.005727618550791291
10/30/2025,FanDuel,miami dolphins,baltimore ravens,5.5,38.038544874462126,13.198837971623302,Over,0.9931542744165532,0.013017359904884306,0.16271699881105495,2.1,1.68,0.9931542744165532,0.00684572558344676
10/30/2025,BetOnline.ag,miami dolphins,baltimore ravens,5.5,38.038544874462126,13.198837971623302,Over,0.9931542744165532,0.013017359904884306,0.16271699881105495,2.09,1.71,0.9931542744165532,0.00684572558344676
10/30/2025,DraftKings,miami dolphins,baltimore ravens,5.5,38.038544874462126,13.198837971623302,Over,0.9931542744165532,0.013017359904884306,0.16271699881105495,1.62,1.74,0.9931542744165532,0.00684572558344676
10/30/2025,FanDuel,miami dolphins,baltimore ravens,5.5,38.038544874462126,13.198837971623302,Over,0.9931542744165532,0.013017359904884306,0.16271699881105495,2.1,1.57,0.9931542744165532,0.00684572558344676
10/30/2025,FanDuel,miami dolphins,baltimore ravens,5.5,38.038544874462126,13.198837971623302,Over,0.9931542744165532,0.013017359904884306,0.16271699881105495,2.3,1.57,0.9931542744165532,0.00684572558344676
10/30/2025,BetOnline.ag,miami dolphins,baltimore ravens,5.5,38.038544874462126,13.198837971623302,Over,0.9931542744165532,0.013017359904884306,0.16271699881105495,1.73,1.6,0.9931542744165532,0.00684572558344676
10/30/2025,DraftKings,miami dolphins,baltimore ravens,5.5,38.038544874462126,13.198837971623302,Over,0.9931542744165532,0.013017359904884306,0.16271699881105495,2.07,1.74,0.9931542744165532,0.00684572558344676
10/30/2025,BetRivers,miami dolphins,baltimore ravens,5.5,38.038544874462126,13.198837971623302,Over,0.9931542744165532,0.013017359904884306,0.16271699881105495,2.02,1.73,0.9931542744165532,0.00684572558344676
10/30/2025,BetOnline.ag,miami dolphins,baltimore ravens,5.5,38.038544874462126,13.198837971623302,Over,0.9931542744165532,0.013017359904884306,0.16271699881105495,2.28,1.6,0.9931542744165532,0.00684572558344676
10/30/2025,BetOnline.ag,miami dolphins,baltimore ravens,5.5,38.038544874462126,13.198837971623302,Over,0.9931542744165532,0.013017359904884306,0.16271699881105495,1.73,1.71,0.9931542744165532,0.00684572558344676
10/30/2025,BetOnline.ag,miami dolphins,baltimore ravens,5.5,38.038544874462126,13.198837971623302,Over,0.9931542744165532,0.013017359904884306,0.16271699881105495,2.28,1.71,0.9931542744165532,0.00684572558344676
10/30/2025,Bovada,miami dolphins,baltimore ravens,5.5,38.038544874462126,13.198837971623302,Over,0.9931542744165532,0.013017359904884306,0.16271699881105495,2.3,1.69,0.9931542744165532,0.00684572558344676
10/30/2025,BetMGM,miami dolphins,baltimore ravens,5.5,38.038544874462126,13.198837971623302,Over,0.9931542744165532,0.013017359904884306,0.16271699881105495,2.05,1.71,0.9931542744165532,0.00684572558344676
10/30/2025,Bovada,miami dolphins,baltimore ravens,5.5,38.038544874462126,13.198837971623302,Over,0.9931542744165532,0.013017359904884306,0.16271699881105495,2.1,1.59,0.9931542744165532,0.00684572558344676
10/30/2025,Bovada,miami dolphins,baltimore ravens,5.5,38.038544874462126,13.198837971623302,Over,0.9931542744165532,0.013017359904884306,0.16271699881105495,2.1,1.69,0.9931542744165532,0.00684572558344676
10/30/2025,BetMGM,miami dolphins,baltimore ravens,5.5,38.038544874462126,13.198837971623302,Over,0.9931542744165532,0.013017359904884306,0.16271699881105495,2.05,1.65,0.9931542744165532,0.00684572558344676
10/30/2025,FanDuel,miami dolphins,baltimore ravens,5.5,38.038544874462126,13.198837971623302,Over,0.9931542744165532,0.013017359904884306,0.16271699881105495,2.3,1.68,0.9931542744165532,0.00684572558344676
10/30/2025,BetOnline.ag,miami dolphins,baltimore ravens,5.5,38.038544874462126,13.198837971623302,Over,0.9931542744165532,0.013017359904884306,0.16271699881105495,2.09,1.6,0.9931542744165532,0.00684572558344676
10/30/2025,BetMGM,miami dolphins,baltimore ravens,5.5,38.038544874462126,13.198837971623302,Over,0.9931542744165532,0.013017359904884306,0.16271699881105495,2.15,1.65,0.9931542744165532,0.00684572558344676
10/30/2025,BetMGM,miami dolphins,baltimore ravens,5.5,38.038544874462126,13.198837971623302,Over,0.9931542744165532,0.013017359904884306,0.16271699881105495,2.15,1.71,0.9931542744165532,0.00684572558344676
10/30/2025,Bovada,miami dolphins,baltimore ravens,5.5,38.038544874462126,13.198837971623302,Over,0.9931542744165532,0.013017359904884306,0.16271699881105495,2.3,1.59,0.9931542744165532,0.00684572558344676
11/2/2025,FanDuel,buffalo bills,kansas city chiefs,22.5,54.873209854565026,13.198837971623302,Over,0.9929112002923562,0.01276942429820337,0.15961780372754364,1.93,1.82,0.9929112002923562,0.007088799707643756
10/30/2025,FanDuel,miami dolphins,baltimore ravens,19.5,38.038544874462126,13.198837971623302,Over,0.9199237519954464,0.01191612719499105,0.029790317987477555,10.2,1.89,0.9199237519954464,0.0800762480045536
10/30/2025,BetOnline.ag,miami dolphins,baltimore ravens,6.5,38.038544874462126,13.198837971623302,Over,0.9915642015570136,0.011395485588153908,0.1424435698519244,2.09,1.71,0.9915642015570136,0.008435798442986364
10/30/2025,FanDuel,miami dolphins,baltimore ravens,6.5,38.038544874462126,13.198837971623302,Over,0.9915642015570136,0.011395485588153908,0.1424435698519244,2.16,1.65,0.9915642015570136,0.008435798442986364
10/30/2025,BetMGM,miami dolphins,baltimore ravens,6.5,38.038544874462126,13.198837971623302,Over,0.9915642015570136,0.011395485588153908,0.1424435698519244,1.95,1.8,0.9915642015570136,0.008435798442986364
10/30/2025,DraftKings,miami dolphins,baltimore ravens,6.5,38.038544874462126,13.198837971623302,Over,0.9915642015570136,0.011395485588153908,0.1424435698519244,2.08,1.72,0.9915642015570136,0.008435798442986364
10/30/2025,BetOnline.ag,miami dolphins,baltimore ravens,6.5,38.038544874462126,13.198837971623302,Over,0.9915642015570136,0.011395485588153908,0.1424435698519244,2.09,1.71,0.9915642015570136,0.008435798442986364
10/30/2025,BetMGM,miami dolphins,baltimore ravens,6.5,38.038544874462126,13.198837971623302,Over,0.9915642015570136,0.011395485588153908,0.1424435698519244,2.0,1.8,0.9915642015570136,0.008435798442986364
10/30/2025,BetMGM,miami dolphins,baltimore ravens,6.5,38.038544874462126,13.198837971623302,Over,0.9915642015570136,0.011395485588153908,0.1424435698519244,2.0,1.74,0.9915642015570136,0.008435798442986364
10/30/2025,BetMGM,miami dolphins,baltimore ravens,6.5,38.038544874462126,13.198837971623302,Over,0.9915642015570136,0.011395485588153908,0.1424435698519244,1.95,1.74,0.9915642015570136,0.008435798442986364
10/30/2025,DraftKings,miami dolphins,baltimore ravens,69.5,38.038544874462126,13.198837971623302,Under,0.9914291309237989,0.011257713542274898,0.14072141927843618,8.1,1.88,0.008570869076201082,0.9914291309237989
10/30/2025,DraftKings,miami dolphins,baltimore ravens,69.5,38.038544874462126,13.198837971623302,Under,0.9914291309237989,0.011257713542274898,0.14072141927843618,5.06,1.88,0.008570869076201082,0.9914291309237989
10/30/2025,DraftKings,miami dolphins,baltimore ravens,69.5,38.038544874462126,13.198837971623302,Under,0.9914291309237989,0.011257713542274898,0.14072141927843618,1.25,1.88,0.008570869076201082,0.9914291309237989
10/30/2025,DraftKings,miami dolphins,baltimore ravens,69.5,38.038544874462126,13.198837971623302,Under,0.9914291309237989,0.011257713542274898,0.14072141927843618,5.84,1.88,0.008570869076201082,0.9914291309237989
10/30/2025,DraftKings,miami dolphins,baltimore ravens,69.5,38.038544874462126,13.198837971623302,Under,0.9914291309237989,0.011257713542274898,0.14072141927843618,2.17,1.88,0.008570869076201082,0.9914291309237989
10/30/2025,DraftKings,miami dolphins,baltimore ravens,69.5,38.038544874462126,13.198837971623302,Under,0.9914291309237989,0.011257713542274898,0.14072141927843618,1.9,1.88,0.008570869076201082,0.9914291309237989
10/30/2025,DraftKings,miami dolphins,baltimore ravens,69.5,38.038544874462126,13.198837971623302,Under,0.9914291309237989,0.011257713542274898,0.14072141927843618,1.9,1.88,0.008570869076201082,0.9914291309237989
10/30/2025,BetRivers,miami dolphins,baltimore ravens,69.5,38.038544874462126,13.198837971623302,Under,0.9914291309237989,0.011257713542274898,0.14072141927843618,2.15,1.87,0.008570869076201082,0.9914291309237989
10/30/2025,DraftKings,miami dolphins,baltimore ravens,69.5,38.038544874462126,13.198837971623302,Under,0.9914291309237989,0.011257713542274898,0.14072141927843618,17.8,1.88,0.008570869076201082,0.9914291309237989
10/30/2025,DraftKings,miami dolphins,baltimore ravens,69.5,38.038544874462126,13.198837971623302,Under,0.9914291309237989,0.011257713542274898,0.14072141927843618,7.1,1.88,0.008570869076201082,0.9914291309237989
10/30/2025,BetMGM,miami dolphins,baltimore ravens,69.5,38.038544874462126,13.198837971623302,Under,0.9914291309237989,0.011257713542274898,0.14072141927843618,1.87,1.87,0.008570869076201082,0.9914291309237989
10/30/2025,DraftKings,miami dolphins,baltimore ravens,69.5,38.038544874462126,13.198837971623302,Under,0.9914291309237989,0.011257713542274898,0.14072141927843618,2.4,1.88,0.008570869076201082,0.9914291309237989
10/30/2025,DraftKings,miami dolphins,baltimore ravens,69.5,38.038544874462126,13.198837971623302,Under,0.9914291309237989,0.011257713542274898,0.14072141927843618,17.8,1.88,0.008570869076201082,0.9914291309237989
10/30/2025,BetRivers,miami dolphins,baltimore ravens,69.5,38.038544874462126,13.198837971623302,Under,0.9914291309237989,0.011257713542274898,0.14072141927843618,2.43,1.87,0.008570869076201082,0.9914291309237989
10/30/2025,BetRivers,miami dolphins,baltimore ravens,69.5,38.038544874462126,13.198837971623302,Under,0.9914291309237989,0.011257713542274898,0.14072141927843618,1.88,1.87,0.008570869076201082,0.9914291309237989
10/30/2025,BetRivers,miami dolphins,baltimore ravens,69.5,38.038544874462126,13.198837971623302,Under,0.9914291309237989,0.011257713542274898,0.14072141927843618,1.32,1.87,0.008570869076201082,0.9914291309237989
10/30/2025,DraftKings,miami dolphins,baltimore ravens,69.5,38.038544874462126,13.198837971623302,Under,0.9914291309237989,0.011257713542274898,0.14072141927843618,1.35,1.88,0.008570869076201082,0.9914291309237989
10/30/2025,DraftKings,miami dolphins,baltimore ravens,69.5,38.038544874462126,13.198837971623302,Under,0.9914291309237989,0.011257713542274898,0.14072141927843618,21.0,1.88,0.008570869076201082,0.9914291309237989
10/30/2025,BetRivers,miami dolphins,baltimore ravens,69.5,38.038544874462126,13.198837971623302,Under,0.9914291309237989,0.011257713542274898,0.14072141927843618,1.87,1.87,0.008570869076201082,0.9914291309237989
10/30/2025,DraftKings,miami dolphins,baltimore ravens,69.5,38.038544874462126,13.198837971623302,Under,0.9914291309237989,0.011257713542274898,0.14072141927843618,17.0,1.88,0.008570869076201082,0.9914291309237989
10/30/2025,DraftKings,miami dolphins,baltimore ravens,69.5,38.038544874462126,13.198837971623302,Under,0.9914291309237989,0.011257713542274898,0.14072141927843618,12.6,1.88,0.008570869076201082,0.9914291309237989
10/30/2025,DraftKings,miami dolphins,baltimore ravens,69.5,38.038544874462126,13.198837971623302,Under,0.9914291309237989,0.011257713542274898,0.14072141927843618,9.8,1.88,0.008570869076201082,0.9914291309237989
11/2/2025,FanDuel,buffalo bills,kansas city chiefs,23.5,54.873209854565026,13.198837971623302,Over,0.9912721887003441,0.01109763247435094,0.13872040592938784,1.93,1.82,0.9912721887003441,0.008727811299655941
11/2/2025,DraftKings,los angeles rams,new orleans saints,14.5,45.85213940589477,13.198837971623302,Over,0.9912343448115533,0.011059031707784325,0.1382378963473041,1.83,1.91,0.9912343448115533,0.008765655188446742
11/2/2025,DraftKings,detroit lions,minnesota vikings,17.5,48.48451349291664,13.198837971623302,Over,0.9905505272690759,0.010361537814457405,0.12951922268071847,1.87,1.87,0.9905505272690759,0.009449472730924113
11/2/2025,DraftKings,detroit lions,minnesota vikings,17.5,48.48451349291664,13.198837971623302,Over,0.9905505272690759,0.010361537814457405,0.12951922268071847,1.83,1.91,0.9905505272690759,0.009449472730924113
11/2/2025,DraftKings,detroit lions,minnesota vikings,17.5,48.48451349291664,13.198837971623302,Over,0.9905505272690759,0.010361537814457405,0.12951922268071847,1.87,1.91,0.9905505272690759,0.009449472730924113
11/2/2025,DraftKings,detroit lions,minnesota vikings,17.5,48.48451349291664,13.198837971623302,Over,0.9905505272690759,0.010361537814457405,0.12951922268071847,1.83,1.87,0.9905505272690759,0.009449472730924113
11/2/2025,FanDuel,buffalo bills,kansas city chiefs,4.5,54.873209854565026,13.198837971623302,Over,0.9999323177371301,0.009931640914501395,0.24829102286253457,1.38,1.76,0.9999323177371301,6.768226286990586e-05
11/2/2025,FanDuel,buffalo bills,kansas city chiefs,4.5,54.873209854565026,13.198837971623302,Over,0.9999323177371301,0.009931640914501395,0.24829102286253457,1.21,2.08,0.9999323177371301,6.768226286990586e-05
11/2/2025,FanDuel,buffalo bills,kansas city chiefs,4.5,54.873209854565026,13.198837971623302,Over,0.9999323177371301,0.009931640914501395,0.24829102286253457,1.21,1.76,0.9999323177371301,6.768226286990586e-05
11/2/2025,FanDuel,buffalo bills,kansas city chiefs,4.5,54.873209854565026,13.198837971623302,Over,0.9999323177371301,0.009931640914501395,0.24829102286253457,1.21,1.83,0.9999323177371301,6.768226286990586e-05
11/2/2025,FanDuel,buffalo bills,kansas city chiefs,4.5,54.873209854565026,13.198837971623302,Over,0.9999323177371301,0.009931640914501395,0.24829102286253457,1.38,1.83,0.9999323177371301,6.768226286990586e-05
11/2/2025,FanDuel,buffalo bills,kansas city chiefs,4.5,54.873209854565026,13.198837971623302,Over,0.9999323177371301,0.009931640914501395,0.24829102286253457,1.38,2.08,0.9999323177371301,6.768226286990586e-05
11/2/2025,FanDuel,buffalo bills,kansas city chiefs,4.5,54.873209854565026,13.198837971623302,Over,0.9999323177371301,0.009931640914501395,0.24829102286253457,1.36,2.08,0.9999323177371301,6.768226286990586e-05
11/2/2025,FanDuel,buffalo bills,kansas city chiefs,4.5,54.873209854565026,13.198837971623302,Over,0.9999323177371301,0.009931640914501395,0.24829102286253457,1.36,1.83,0.9999323177371301,6.768226286990586e-05
11/2/2025,FanDuel,buffalo bills,kansas city chiefs,4.5,54.873209854565026,13.198837971623302,Over,0.9999323177371301,0.009931640914501395,0.24829102286253457,1.36,1.76,0.9999323177371301,6.768226286990586e-05
11/2/2025,FanDuel,buffalo bills,kansas city chiefs,9.5,54.873209854565026,13.198837971623302,Over,0.9997066256182279,0.009703691874410152,0.24259229686025563,1.08,1.85,0.9997066256182279,0.0002933743817721268
11/2/2025,FanDuel,buffalo bills,kansas city chiefs,9.5,54.873209854565026,13.198837971623302,Over,0.9997066256182279,0.009703691874410152,0.24259229686025563,1.11,1.85,0.9997066256182279,0.0002933743817721268
11/2/2025,FanDuel,buffalo bills,kansas city chiefs,9.5,54.873209854565026,13.198837971623302,Over,0.9997066256182279,0.009703691874410152,0.24259229686025563,1.42,1.85,0.9997066256182279,0.0002933743817721268
10/30/2025,BetOnline.ag,miami dolphins,baltimore ravens,68.5,38.038544874462126,13.198837971623302,Under,0.9894973490311767,0.009287296011800231,0.11609120014750285,14.0,1.88,0.010502650968823302,0.9894973490311767
10/30/2025,BetOnline.ag,miami dolphins,baltimore ravens,68.5,38.038544874462126,13.198837971623302,Under,0.9894973490311767,0.009287296011800231,0.11609120014750285,1.88,1.88,0.010502650968823302,0.9894973490311767
10/30/2025,BetOnline.ag,miami dolphins,baltimore ravens,68.5,38.038544874462126,13.198837971623302,Under,0.9894973490311767,0.009287296011800231,0.11609120014750285,1.88,1.88,0.010502650968823302,0.9894973490311767
10/30/2025,FanDuel,miami dolphins,baltimore ravens,68.5,38.038544874462126,13.198837971623302,Under,0.9894973490311767,0.009287296011800231,0.11609120014750285,1.88,1.88,0.010502650968823302,0.9894973490311767
10/30/2025,BetRivers,miami dolphins,baltimore ravens,0.5,38.038544874462126,13.198837971623302,Over,0.9977730035388569,0.007750733574245465,0.19376833935613735,1.19,1.44,0.9977730035388569,0.002226996461143105
10/30/2025,BetOnline.ag,miami dolphins,baltimore ravens,0.5,38.038544874462126,13.198837971623302,Over,0.9977730035388569,0.007750733574245465,0.19376833935613735,1.04,1.45,0.9977730035388569,0.002226996461143105
10/30/2025,DraftKings,miami dolphins,baltimore ravens,0.5,38.038544874462126,13.198837971623302,Over,0.9977730035388569,0.007750733574245465,0.19376833935613735,1.23,2.25,0.9977730035388569,0.002226996461143105
10/30/2025,BetRivers,miami dolphins,baltimore ravens,0.5,38.038544874462126,13.198837971623302,Over,0.9977730035388569,0.007750733574245465,0.19376833935613735,1.19,2.18,0.9977730035388569,0.002226996461143105
10/30/2025,Bovada,miami dolphins,baltimore ravens,0.5,38.038544874462126,13.198837971623302,Over,0.9977730035388569,0.007750733574245465,0.19376833935613735,1.21,1.43,0.9977730035388569,0.002226996461143105
10/30/2025,Bovada,miami dolphins,baltimore ravens,0.5,38.038544874462126,13.198837971623302,Over,0.9977730035388569,0.007750733574245465,0.19376833935613735,1.21,2.25,0.9977730035388569,0.002226996461143105
10/30/2025,Bovada,miami dolphins,baltimore ravens,0.5,38.038544874462126,13.198837971623302,Over,0.9977730035388569,0.007750733574245465,0.19376833935613735,1.07,2.25,0.9977730035388569,0.002226996461143105
10/30/2025,Bovada,miami dolphins,baltimore ravens,0.5,38.038544874462126,13.198837971623302,Over,0.9977730035388569,0.007750733574245465,0.19376833935613735,1.07,1.43,0.9977730035388569,0.002226996461143105
10/30/2025,BetOnline.ag,miami dolphins,baltimore ravens,0.5,38.038544874462126,13.198837971623302,Over,0.9977730035388569,0.007750733574245465,0.19376833935613735,1.18,2.72,0.9977730035388569,0.002226996461143105
10/30/2025,DraftKings,miami dolphins,baltimore ravens,0.5,38.038544874462126,13.198837971623302,Over,0.9977730035388569,0.007750733574245465,0.19376833935613735,1.23,1.46,0.9977730035388569,0.002226996461143105
10/30/2025,BetMGM,miami dolphins,baltimore ravens,0.5,38.038544874462126,13.198837971623302,Over,0.9977730035388569,0.007750733574245465,0.19376833935613735,1.43,2.15,0.9977730035388569,0.002226996461143105
10/30/2025,BetMGM,miami dolphins,baltimore ravens,0.5,38.038544874462126,13.198837971623302,Over,0.9977730035388569,0.007750733574245465,0.19376833935613735,1.43,1.48,0.9977730035388569,0.002226996461143105
10/30/2025,BetOnline.ag,miami dolphins,baltimore ravens,0.5,38.038544874462126,13.198837971623302,Over,0.9977730035388569,0.007750733574245465,0.19376833935613735,1.18,2.22,0.9977730035388569,0.002226996461143105
10/30/2025,BetMGM,miami dolphins,baltimore ravens,0.5,38.038544874462126,13.198837971623302,Over,0.9977730035388569,0.007750733574245465,0.19376833935613735,1.43,2.8,0.9977730035388569,0.002226996461143105
10/30/2025,BetOnline.ag,miami dolphins,baltimore ravens,0.5,38.038544874462126,13.198837971623302,Over,0.9977730035388569,0.007750733574245465,0.19376833935613735,1.4,1.45,0.9977730035388569,0.002226996461143105
10/30/2025,BetOnline.ag,miami dolphins,baltimore ravens,0.5,38.038544874462126,13.198837971623302,Over,0.9977730035388569,0.007750733574245465,0.19376833935613735,1.4,2.22,0.9977730035388569,0.002226996461143105
10/30/2025,BetOnline.ag,miami dolphins,baltimore ravens,0.5,38.038544874462126,13.198837971623302,Over,0.9977730035388569,0.007750733574245465,0.19376833935613735,1.4,2.72,0.9977730035388569,0.002226996461143105
10/30/2025,DraftKings,miami dolphins,baltimore ravens,0.5,38.038544874462126,13.198837971623302,Over,0.9977730035388569,0.007750733574245465,0.19376833935613735,1.08,1.46,0.9977730035388569,0.002226996461143105
10/30/2025,BetOnline.ag,miami dolphins,baltimore ravens,0.5,38.038544874462126,13.198837971623302,Over,0.9977730035388569,0.007750733574245465,0.19376833935613735,1.04,2.22,0.9977730035388569,0.002226996461143105
10/30/2025,FanDuel,miami dolphins,baltimore ravens,0.5,38.038544874462126,13.198837971623302,Over,0.9977730035388569,0.007750733574245465,0.19376833935613735,1.21,1.47,0.9977730035388569,0.002226996461143105
10/30/2025,FanDuel,miami dolphins,baltimore ravens,0.5,38.038544874462126,13.198837971623302,Over,0.9977730035388569,0.007750733574245465,0.19376833935613735,1.21,2.25,0.9977730035388569,0.002226996461143105
10/30/2025,BetOnline.ag,miami dolphins,baltimore ravens,0.5,38.038544874462126,13.198837971623302,Over,0.9977730035388569,0.007750733574245465,0.19376833935613735,1.18,1.45,0.9977730035388569,0.002226996461143105
10/30/2025,DraftKings,miami dolphins,baltimore ravens,0.5,38.038544874462126,13.198837971623302,Over,0.9977730035388569,0.007750733574245465,0.19376833935613735,1.08,2.25,0.9977730035388569,0.002226996461143105
10/30/2025,FanDuel,miami dolphins,baltimore ravens,0.5,38.038544874462126,13.198837971623302,Over,0.9977730035388569,0.007750733574245465,0.19376833935613735,1.07,1.47,0.9977730035388569,0.002226996461143105
10/30/2025,FanDuel,miami dolphins,baltimore ravens,0.5,38.038544874462126,13.198837971623302,Over,0.9977730035388569,0.007750733574245465,0.19376833935613735,1.07,2.25,0.9977730035388569,0.002226996461143105
10/30/2025,BetOnline.ag,miami dolphins,baltimore ravens,0.5,38.038544874462126,13.198837971623302,Over,0.9977730035388569,0.007750733574245465,0.19376833935613735,1.44,2.72,0.9977730035388569,0.002226996461143105
10/30/2025,BetOnline.ag,miami dolphins,baltimore ravens,0.5,38.038544874462126,13.198837971623302,Over,0.9977730035388569,0.007750733574245465,0.19376833935613735,1.44,2.22,0.9977730035388569,0.002226996461143105
10/30/2025,BetOnline.ag,miami dolphins,baltimore ravens,0.5,38.038544874462126,13.198837971623302,Over,0.9977730035388569,0.007750733574245465,0.19376833935613735,1.44,1.45,0.9977730035388569,0.002226996461143105
10/30/2025,BetOnline.ag,miami dolphins,baltimore ravens,0.5,38.038544874462126,13.198837971623302,Over,0.9977730035388569,0.007750733574245465,0.19376833935613735,1.04,2.72,0.9977730035388569,0.002226996461143105
10/30/2025,Bovada,miami dolphins,baltimore ravens,8.5,38.038544874462126,13.198837971623302,Over,0.9873883495976941,0.0071361165896479395,0.08920145737059959,1.87,1.87,0.9873883495976941,0.01261165040230594
10/30/2025,BetMGM,miami dolphins,baltimore ravens,8.5,38.038544874462126,13.198837971623302,Over,0.9873883495976941,0.0071361165896479395,0.08920145737059959,2.05,1.71,0.9873883495976941,0.01261165040230594
10/30/2025,BetMGM,miami dolphins,baltimore ravens,8.5,38.038544874462126,13.198837971623302,Over,0.9873883495976941,0.0071361165896479395,0.08920145737059959,2.05,1.87,0.9873883495976941,0.01261165040230594
10/30/2025,BetMGM,miami dolphins,baltimore ravens,8.5,38.038544874462126,13.198837971623302,Over,0.9873883495976941,0.0071361165896479395,0.08920145737059959,1.87,1.87,0.9873883495976941,0.01261165040230594
10/30/2025,BetMGM,miami dolphins,baltimore ravens,8.5,38.038544874462126,13.198837971623302,Over,0.9873883495976941,0.0071361165896479395,0.08920145737059959,1.87,1.71,0.9873883495976941,0.01261165040230594
10/30/2025,DraftKings,miami dolphins,baltimore ravens,8.5,38.038544874462126,13.198837971623302,Over,0.9873883495976941,0.0071361165896479395,0.08920145737059959,1.87,1.87,0.9873883495976941,0.01261165040230594
10/30/2025,FanDuel,miami dolphins,baltimore ravens,8.5,38.038544874462126,13.198837971623302,Over,0.9873883495976941,0.0071361165896479395,0.08920145737059959,1.89,1.89,0.9873883495976941,0.01261165040230594
10/30/2025,Bovada,miami dolphins,baltimore ravens,67.5,38.038544874462126,13.198837971623302,Under,0.9871966460167911,0.006940578937126959,0.08675723671408841,1.74,2.05,0.012803353983208865,0.9871966460167911
11/2/2025,FanDuel,buffalo bills,kansas city chiefs,19.5,54.873209854565026,13.198837971623302,Over,0.9963191620060108,0.006282353626070892,0.15705884065177478,1.17,1.85,0.9963191620060108,0.0036808379939892166
11/2/2025,FanDuel,buffalo bills,kansas city chiefs,19.5,54.873209854565026,13.198837971623302,Over,0.9963191620060108,0.006282353626070892,0.15705884065177478,1.11,1.85,0.9963191620060108,0.0036808379939892166
11/2/2025,FanDuel,buffalo bills,kansas city chiefs,19.5,54.873209854565026,13.198837971623302,Over,0.9963191620060108,0.006282353626070892,0.15705884065177478,1.1,1.85,0.9963191620060108,0.0036808379939892166
11/2/2025,FanDuel,buffalo bills,kansas city chiefs,19.5,54.873209854565026,13.198837971623302,Over,0.9963191620060108,0.006282353626070892,0.15705884065177478,1.29,1.85,0.9963191620060108,0.0036808379939892166
11/2/2025,FanDuel,buffalo bills,kansas city chiefs,19.5,54.873209854565026,13.198837971623302,Over,0.9963191620060108,0.006282353626070892,0.15705884065177478,1.15,1.85,0.9963191620060108,0.0036808379939892166
11/2/2025,FanDuel,buffalo bills,kansas city chiefs,19.5,54.873209854565026,13.198837971623302,Over,0.9963191620060108,0.006282353626070892,0.15705884065177478,1.43,1.85,0.9963191620060108,0.0036808379939892166
11/2/2025,FanDuel,buffalo bills,kansas city chiefs,19.5,54.873209854565026,13.198837971623302,Over,0.9963191620060108,0.006282353626070892,0.15705884065177478,1.2,1.85,0.9963191620060108,0.0036808379939892166
10/30/2025,DraftKings,miami dolphins,baltimore ravens,3.5,38.038544874462126,13.198837971623302,Over,0.9955619117803741,0.005517530898177862,0.13793827245444645,1.19,2.0,0.9955619117803741,0.00443808821962588
11/2/2025,DraftKings,green bay packers,carolina panthers,18.5,47.31001801748177,13.198837971623302,Over,0.9854735973709878,0.005183069318407587,0.06478836648009523,1.83,1.91,0.9854735973709878,0.01452640262901217
10/30/2025,FanDuel,miami dolphins,baltimore ravens,4.5,38.038544874462126,13.198837971623302,Over,0.9944735604157127,0.004418296019869792,0.11045740049674402,1.13,2.06,0.9944735604157127,0.005526439584287335
10/30/2025,BetRivers,miami dolphins,baltimore ravens,4.5,38.038544874462126,13.198837971623302,Over,0.9944735604157127,0.004418296019869792,0.11045740049674402,1.33,2.04,0.9944735604157127,0.005526439584287335
10/30/2025,BetRivers,miami dolphins,baltimore ravens,4.5,38.038544874462126,13.198837971623302,Over,0.9944735604157127,0.004418296019869792,0.11045740049674402,1.33,2.18,0.9944735604157127,0.005526439584287335
10/30/2025,FanDuel,miami dolphins,baltimore ravens,4.5,38.038544874462126,13.198837971623302,Over,0.9944735604157127,0.004418296019869792,0.11045740049674402,1.06,2.06,0.9944735604157127,0.005526439584287335
10/30/2025,FanDuel,miami dolphins,baltimore ravens,4.5,38.038544874462126,13.198837971623302,Over,0.9944735604157127,0.004418296019869792,0.11045740049674402,1.06,2.06,0.9944735604157127,0.005526439584287335
10/30/2025,FanDuel,miami dolphins,baltimore ravens,4.5,38.038544874462126,13.198837971623302,Over,0.9944735604157127,0.004418296019869792,0.11045740049674402,1.29,2.06,0.9944735604157127,0.005526439584287335
10/30/2025,FanDuel,miami dolphins,baltimore ravens,4.5,38.038544874462126,13.198837971623302,Over,0.9944735604157127,0.004418296019869792,0.11045740049674402,1.21,2.06,0.9944735604157127,0.005526439584287335
10/30/2025,FanDuel,miami dolphins,baltimore ravens,4.5,38.038544874462126,13.198837971623302,Over,0.9944735604157127,0.004418296019869792,0.11045740049674402,1.12,2.06,0.9944735604157127,0.005526439584287335
10/30/2025,BetOnline.ag,miami dolphins,baltimore ravens,4.5,38.038544874462126,13.198837971623302,Over,0.9944735604157127,0.004418296019869792,0.11045740049674402,1.44,2.09,0.9944735604157127,0.005526439584287335
10/30/2025,FanDuel,miami dolphins,baltimore ravens,4.5,38.038544874462126,13.198837971623302,Over,0.9944735604157127,0.004418296019869792,0.11045740049674402,1.18,2.06,0.9944735604157127,0.005526439584287335
11/2/2025,FanDuel,buffalo bills,kansas city chiefs,26.5,54.873209854565026,13.198837971623302,Over,0.9842095278706199,0.0038937184280322806,0.04867148035040403,1.88,1.88,0.9842095278706199,0.015790472129380118
10/30/2025,DraftKings,miami dolphins,baltimore ravens,19.5,38.038544874462126,13.198837971623302,Over,0.9199237519954464,0.0027168896750365823,0.0075469157639908154,9.4,1.83,0.9199237519954464,0.0800762480045536
11/2/2025,DraftKings,detroit lions,minnesota vikings,20.5,48.48451349291664,13.198837971623302,Over,0.9830064856288391,0.002666615341415858,0.033332691767698486,1.87,1.87,0.9830064856288391,0.016993514371160923
11/2/2025,DraftKings,green bay packers,carolina panthers,19.5,47.31001801748177,13.198837971623302,Over,0.9824414282859948,0.0020902568517146836,0.02612821064643389,1.83,1.91,0.9824414282859948,0.01755857171400521
11/2/2025,DraftKings,detroit lions,minnesota vikings,21.5,48.48451349291664,13.198837971623302,Over,0.9795460017943516,-0.0008630781697613853,0.0,1.8,1.95,0.9795460017943516,0.020453998205648416
11/2/2025,DraftKings,green bay packers,carolina panthers,20.5,47.31001801748177,13.198837971623302,Over,0.9788847125802205,-0.0015375931681751165,0.0,1.87,1.83,0.9788847125802205,0.021115287419779527
11/2/2025,DraftKings,green bay packers,carolina panthers,20.5,47.31001801748177,13.198837971623302,Over,0.9788847125802205,-0.0015375931681751165,0.0,1.87,1.87,0.9788847125802205,0.021115287419779527
11/2/2025,DraftKings,green bay packers,carolina panthers,20.5,47.31001801748177,13.198837971623302,Over,0.9788847125802205,-0.0015375931681751165,0.0,1.91,1.83,0.9788847125802205,0.021115287419779527
11/2/2025,DraftKings,green bay packers,carolina panthers,20.5,47.31001801748177,13.198837971623302,Over,0.9788847125802205,-0.0015375931681751165,0.0,1.91,1.87,0.9788847125802205,0.021115287419779527
10/30/2025,BetMGM,miami dolphins,baltimore ravens,11.5,38.038544874462126,13.198837971623302,Over,0.9778199870556903,-0.002623613203195905,0.0,1.83,1.91,0.9778199870556903,0.022180012944309713
10/30/2025,FanDuel,miami dolphins,baltimore ravens,11.5,38.038544874462126,13.198837971623302,Over,0.9778199870556903,-0.002623613203195905,0.0,1.82,1.93,0.9778199870556903,0.022180012944309713
10/30/2025,BetMGM,miami dolphins,baltimore ravens,11.5,38.038544874462126,13.198837971623302,Over,0.9778199870556903,-0.002623613203195905,0.0,1.83,1.91,0.9778199870556903,0.022180012944309713
10/30/2025,FanDuel,miami dolphins,baltimore ravens,11.5,38.038544874462126,13.198837971623302,Over,0.9778199870556903,-0.002623613203195905,0.0,1.98,1.93,0.9778199870556903,0.022180012944309713
10/30/2025,BetMGM,miami dolphins,baltimore ravens,11.5,38.038544874462126,13.198837971623302,Over,0.9778199870556903,-0.002623613203195905,0.0,1.83,1.91,0.9778199870556903,0.022180012944309713
10/30/2025,DraftKings,miami dolphins,baltimore ravens,11.5,38.038544874462126,13.198837971623302,Over,0.9778199870556903,-0.002623613203195905,0.0,1.83,1.91,0.9778199870556903,0.022180012944309713
10/30/2025,DraftKings,miami dolphins,baltimore ravens,11.5,38.038544874462126,13.198837971623302,Over,0.9778199870556903,-0.002623613203195905,0.0,1.83,1.91,0.9778199870556903,0.022180012944309713
10/30/2025,DraftKings,miami dolphins,baltimore ravens,11.5,38.038544874462126,13.198837971623302,Over,0.9778199870556903,-0.002623613203195905,0.0,1.83,1.91,0.9778199870556903,0.022180012944309713
10/30/2025,DraftKings,miami dolphins,baltimore ravens,11.5,38.038544874462126,13.198837971623302,Over,0.9778199870556903,-0.002623613203195905,0.0,1.83,1.91,0.9778199870556903,0.022180012944309713
10/30/2025,DraftKings,miami dolphins,baltimore ravens,11.5,38.038544874462126,13.198837971623302,Over,0.9778199870556903,-0.002623613203195905,0.0,1.54,1.91,0.9778199870556903,0.022180012944309713
10/30/2025,FanDuel,miami dolphins,baltimore ravens,11.5,38.038544874462126,13.198837971623302,Over,0.9778199870556903,-0.002623613203195905,0.0,1.98,1.77,0.9778199870556903,0.022180012944309713
10/30/2025,FanDuel,miami dolphins,baltimore ravens,11.5,38.038544874462126,13.198837971623302,Over,0.9778199870556903,-0.002623613203195905,0.0,1.82,1.77,0.9778199870556903,0.022180012944309713
10/30/2025,DraftKings,miami dolphins,baltimore ravens,11.5,38.038544874462126,13.198837971623302,Over,0.9778199870556903,-0.002623613203195905,0.0,1.54,1.91,0.9778199870556903,0.022180012944309713
10/30/2025,BetMGM,miami dolphins,baltimore ravens,11.5,38.038544874462126,13.198837971623302,Over,0.9778199870556903,-0.002623613203195905,0.0,1.83,1.91,0.9778199870556903,0.022180012944309713
10/30/2025,BetMGM,miami dolphins,baltimore ravens,64.5,38.038544874462126,13.198837971623302,Under,0.9775095045635436,-0.0029403053451855544,0.0,1.87,1.87,0.022490495436456426,0.9775095045635436
10/30/2025,BetMGM,miami dolphins,baltimore ravens,64.5,38.038544874462126,13.198837971623302,Under,0.9775095045635436,-0.0029403053451855544,0.0,1.91,1.85,0.022490495436456426,0.9775095045635436
10/30/2025,BetMGM,miami dolphins,baltimore ravens,64.5,38.038544874462126,13.198837971623302,Under,0.9775095045635436,-0.0029403053451855544,0.0,1.91,1.87,0.022490495436456426,0.9775095045635436
10/30/2025,BetMGM,miami dolphins,baltimore ravens,64.5,38.038544874462126,13.198837971623302,Under,0.9775095045635436,-0.0029403053451855544,0.0,1.87,1.85,0.022490495436456426,0.9775095045635436
11/2/2025,DraftKings,green bay packers,carolina panthers,21.5,47.31001801748177,13.198837971623302,Over,0.9747365751686882,-0.005768693327938067,0.0,1.95,1.8,0.9747365751686882,0.02526342483131183
10/30/2025,FanDuel,miami dolphins,baltimore ravens,12.5,38.038544874462126,13.198837971623302,Over,0.9734992426062685,-0.007030772541606108,0.0,1.77,1.98,0.9734992426062685,0.026500757393731478
10/30/2025,FanDuel,miami dolphins,baltimore ravens,12.5,38.038544874462126,13.198837971623302,Over,0.9734992426062685,-0.007030772541606108,0.0,1.77,1.91,0.9734992426062685,0.026500757393731478
10/30/2025,FanDuel,miami dolphins,baltimore ravens,12.5,38.038544874462126,13.198837971623302,Over,0.9734992426062685,-0.007030772541606108,0.0,1.83,1.91,0.9734992426062685,0.026500757393731478
10/30/2025,DraftKings,miami dolphins,baltimore ravens,12.5,38.038544874462126,13.198837971623302,Over,0.9734992426062685,-0.007030772541606108,0.0,1.79,1.99,0.9734992426062685,0.026500757393731478
10/30/2025,BetMGM,miami dolphins,baltimore ravens,12.5,38.038544874462126,13.198837971623302,Over,0.9734992426062685,-0.007030772541606108,0.0,1.91,1.83,0.9734992426062685,0.026500757393731478
10/30/2025,DraftKings,miami dolphins,baltimore ravens,12.5,38.038544874462126,13.198837971623302,Over,0.9734992426062685,-0.007030772541606108,0.0,1.91,1.99,0.9734992426062685,0.026500757393731478
10/30/2025,DraftKings,miami dolphins,baltimore ravens,12.5,38.038544874462126,13.198837971623302,Over,0.9734992426062685,-0.007030772541606108,0.0,1.91,1.83,0.9734992426062685,0.026500757393731478
10/30/2025,DraftKings,miami dolphins,baltimore ravens,12.5,38.038544874462126,13.198837971623302,Over,0.9734992426062685,-0.007030772541606108,0.0,1.79,1.83,0.9734992426062685,0.026500757393731478
10/30/2025,FanDuel,miami dolphins,baltimore ravens,12.5,38.038544874462126,13.198837971623302,Over,0.9734992426062685,-0.007030772541606108,0.0,1.83,1.98,0.9734992426062685,0.026500757393731478
10/30/2025,BetMGM,miami dolphins,baltimore ravens,63.5,38.038544874462126,13.198837971623302,Under,0.973138785547923,-0.007398438741118549,0.0,2.0,1.74,0.02686121445207701,0.973138785547923
10/30/2025,DraftKings,miami dolphins,baltimore ravens,63.5,38.038544874462126,13.198837971623302,Under,0.973138785547923,-0.007398438741118549,0.0,1.9,1.88,0.02686121445207701,0.973138785547923
10/30/2025,FanDuel,miami dolphins,baltimore ravens,13.5,38.038544874462126,13.198837971623302,Over,0.9684966589204513,-0.012133407901139637,0.0,2.04,1.72,0.9684966589204513,0.031503341079548663
10/30/2025,BetMGM,miami dolphins,baltimore ravens,13.5,38.038544874462126,13.198837971623302,Over,0.9684966589204513,-0.012133407901139637,0.0,1.91,1.91,0.9684966589204513,0.031503341079548663
10/30/2025,BetOnline.ag,miami dolphins,baltimore ravens,13.5,38.038544874462126,13.198837971623302,Over,0.9684966589204513,-0.012133407901139637,0.0,2.27,1.74,0.9684966589204513,0.031503341079548663
10/30/2025,BetMGM,miami dolphins,baltimore ravens,13.5,38.038544874462126,13.198837971623302,Over,0.9684966589204513,-0.012133407901139637,0.0,1.91,1.85,0.9684966589204513,0.031503341079548663
10/30/2025,BetOnline.ag,miami dolphins,baltimore ravens,13.5,38.038544874462126,13.198837971623302,Over,0.9684966589204513,-0.012133407901139637,0.0,2.04,1.74,0.9684966589204513,0.031503341079548663
10/30/2025,BetOnline.ag,miami dolphins,baltimore ravens,13.5,38.038544874462126,13.198837971623302,Over,0.9684966589204513,-0.012133407901139637,0.0,2.04,1.74,0.9684966589204513,0.031503341079548663
10/30/2025,FanDuel,miami dolphins,baltimore ravens,13.5,38.038544874462126,13.198837971623302,Over,0.9684966589204513,-0.012133407901139637,0.0,1.85,1.72,0.9684966589204513,0.031503341079548663
10/30/2025,DraftKings,miami dolphins,baltimore ravens,13.5,38.038544874462126,13.198837971623302,Over,0.9684966589204513,-0.012133407901139637,0.0,1.83,1.87,0.9684966589204513,0.031503341079548663
10/30/2025,FanDuel,miami dolphins,baltimore ravens,13.5,38.038544874462126,13.198837971623302,Over,0.9684966589204513,-0.012133407901139637,0.0,1.93,1.72,0.9684966589204513,0.031503341079548663
10/30/2025,DraftKings,miami dolphins,baltimore ravens,13.5,38.038544874462126,13.198837971623302,Over,0.9684966589204513,-0.012133407901139637,0.0,1.83,1.91,0.9684966589204513,0.031503341079548663
10/30/2025,FanDuel,miami dolphins,baltimore ravens,13.5,38.038544874462126,13.198837971623302,Over,0.9684966589204513,-0.012133407901139637,0.0,1.85,1.89,0.9684966589204513,0.031503341079548663
10/30/2025,DraftKings,miami dolphins,baltimore ravens,13.5,38.038544874462126,13.198837971623302,Over,0.9684966589204513,-0.012133407901139637,0.0,1.87,1.91,0.9684966589204513,0.031503341079548663
10/30/2025,DraftKings,miami dolphins,baltimore ravens,13.5,38.038544874462126,13.198837971623302,Over,0.9684966589204513,-0.012133407901139637,0.0,1.87,1.87,0.9684966589204513,0.031503341079548663
10/30/2025,DraftKings,miami dolphins,baltimore ravens,13.5,38.038544874462126,13.198837971623302,Over,0.9684966589204513,-0.012133407901139637,0.0,2.11,1.91,0.9684966589204513,0.031503341079548663
10/30/2025,DraftKings,miami dolphins,baltimore ravens,13.5,38.038544874462126,13.198837971623302,Over,0.9684966589204513,-0.012133407901139637,0.0,2.11,1.87,0.9684966589204513,0.031503341079548663
10/30/2025,BetMGM,miami dolphins,baltimore ravens,13.5,38.038544874462126,13.198837971623302,Over,0.9684966589204513,-0.012133407901139637,0.0,1.85,1.85,0.9684966589204513,0.031503341079548663
10/30/2025,BetMGM,miami dolphins,baltimore ravens,13.5,38.038544874462126,13.198837971623302,Over,0.9684966589204513,-0.012133407901139637,0.0,1.85,1.91,0.9684966589204513,0.031503341079548663
10/30/2025,FanDuel,miami dolphins,baltimore ravens,13.5,38.038544874462126,13.198837971623302,Over,0.9684966589204513,-0.012133407901139637,0.0,1.93,1.82,0.9684966589204513,0.031503341079548663
10/30/2025,FanDuel,miami dolphins,baltimore ravens,13.5,38.038544874462126,13.198837971623302,Over,0.9684966589204513,-0.012133407901139637,0.0,1.93,1.89,0.9684966589204513,0.031503341079548663
10/30/2025,FanDuel,miami dolphins,baltimore ravens,13.5,38.038544874462126,13.198837971623302,Over,0.9684966589204513,-0.012133407901139637,0.0,1.85,1.82,0.9684966589204513,0.031503341079548663
10/30/2025,FanDuel,miami dolphins,baltimore ravens,13.5,38.038544874462126,13.198837971623302,Over,0.9684966589204513,-0.012133407901139637,0.0,2.04,1.89,0.9684966589204513,0.031503341079548663
10/30/2025,FanDuel,miami dolphins,baltimore ravens,13.5,38.038544874462126,13.198837971623302,Over,0.9684966589204513,-0.012133407901139637,0.0,2.04,1.82,0.9684966589204513,0.031503341079548663
10/30/2025,DraftKings,miami dolphins,baltimore ravens,11.5,38.038544874462126,13.198837971623302,Over,0.9778199870556903,-0.012401813073752809,0.0,1.05,1.91,0.9778199870556903,0.022180012944309713
10/30/2025,DraftKings,miami dolphins,baltimore ravens,11.5,38.038544874462126,13.198837971623302,Over,0.9778199870556903,-0.012401813073752809,0.0,1.05,1.91,0.9778199870556903,0.022180012944309713
10/30/2025,BetOnline.ag,miami dolphins,baltimore ravens,62.5,38.038544874462126,13.198837971623302,Under,0.9680805787550298,-0.012557809669869562,0.0,6.5,1.87,0.03191942124497016,0.9680805787550298
10/30/2025,BetOnline.ag,miami dolphins,baltimore ravens,62.5,38.038544874462126,13.198837971623302,Under,0.9680805787550298,-0.012557809669869562,0.0,1.93,1.83,0.03191942124497016,0.9680805787550298
10/30/2025,BetOnline.ag,miami dolphins,baltimore ravens,62.5,38.038544874462126,13.198837971623302,Under,0.9680805787550298,-0.012557809669869562,0.0,6.5,1.83,0.03191942124497016,0.9680805787550298
10/30/2025,BetOnline.ag,miami dolphins,baltimore ravens,62.5,38.038544874462126,13.198837971623302,Under,0.9680805787550298,-0.012557809669869562,0.0,3.5,1.87,0.03191942124497016,0.9680805787550298
10/30/2025,BetOnline.ag,miami dolphins,baltimore ravens,62.5,38.038544874462126,13.198837971623302,Under,0.9680805787550298,-0.012557809669869562,0.0,1.89,1.87,0.03191942124497016,0.9680805787550298
10/30/2025,BetOnline.ag,miami dolphins,baltimore ravens,62.5,38.038544874462126,13.198837971623302,Under,0.9680805787550298,-0.012557809669869562,0.0,3.5,1.83,0.03191942124497016,0.9680805787550298
10/30/2025,BetOnline.ag,miami dolphins,baltimore ravens,62.5,38.038544874462126,13.198837971623302,Under,0.9680805787550298,-0.012557809669869562,0.0,1.89,1.83,0.03191942124497016,0.9680805787550298
10/30/2025,BetOnline.ag,miami dolphins,baltimore ravens,62.5,38.038544874462126,13.198837971623302,Under,0.9680805787550298,-0.012557809669869562,0.0,1.93,1.87,0.03191942124497016,0.9680805787550298
10/30/2025,BetOnline.ag,miami dolphins,baltimore ravens,62.5,38.038544874462126,13.198837971623302,Under,0.9680805787550298,-0.012557809669869562,0.0,3.9,1.87,0.03191942124497016,0.9680805787550298
10/30/2025,Bovada,miami dolphins,baltimore ravens,62.5,38.038544874462126,13.198837971623302,Under,0.9680805787550298,-0.012557809669869562,0.0,1.91,1.87,0.03191942124497016,0.9680805787550298
10/30/2025,Bovada,miami dolphins,baltimore ravens,62.5,38.038544874462126,13.198837971623302,Under,0.9680805787550298,-0.012557809669869562,0.0,1.91,1.83,0.03191942124497016,0.9680805787550298
10/30/2025,BetOnline.ag,miami dolphins,baltimore ravens,62.5,38.038544874462126,13.198837971623302,Under,0.9680805787550298,-0.012557809669869562,0.0,1.93,1.87,0.03191942124497016,0.9680805787550298
10/30/2025,BetOnline.ag,miami dolphins,baltimore ravens,62.5,38.038544874462126,13.198837971623302,Under,0.9680805787550298,-0.012557809669869562,0.0,1.93,1.83,0.03191942124497016,0.9680805787550298
10/30/2025,Bovada,miami dolphins,baltimore ravens,62.5,38.038544874462126,13.198837971623302,Under,0.9680805787550298,-0.012557809669869562,0.0,1.87,1.83,0.03191942124497016,0.9680805787550298
10/30/2025,Bovada,miami dolphins,baltimore ravens,62.5,38.038544874462126,13.198837971623302,Under,0.9680805787550298,-0.012557809669869562,0.0,1.87,1.87,0.03191942124497016,0.9680805787550298
10/30/2025,FanDuel,miami dolphins,baltimore ravens,62.5,38.038544874462126,13.198837971623302,Under,0.9680805787550298,-0.012557809669869562,0.0,1.88,1.88,0.03191942124497016,0.9680805787550298
10/30/2025,BetOnline.ag,miami dolphins,baltimore ravens,62.5,38.038544874462126,13.198837971623302,Under,0.9680805787550298,-0.012557809669869562,0.0,3.9,1.83,0.03191942124497016,0.9680805787550298
10/30/2025,BetOnline.ag,miami dolphins,baltimore ravens,62.5,38.038544874462126,13.198837971623302,Under,0.9680805787550298,-0.012557809669869562,0.0,1.89,1.83,0.03191942124497016,0.9680805787550298
10/30/2025,BetRivers,miami dolphins,baltimore ravens,62.5,38.038544874462126,13.198837971623302,Under,0.9680805787550298,-0.012557809669869562,0.0,1.85,1.88,0.03191942124497016,0.9680805787550298
10/30/2025,BetOnline.ag,miami dolphins,baltimore ravens,62.5,38.038544874462126,13.198837971623302,Under,0.9680805787550298,-0.012557809669869562,0.0,1.89,1.87,0.03191942124497016,0.9680805787550298
10/30/2025,DraftKings,miami dolphins,baltimore ravens,17.5,38.038544874462126,13.198837971623302,Over,0.940156339321301,-0.012835843712633896,0.0,5.3,1.86,0.940156339321301,0.05984366067869895
10/30/2025,DraftKings,miami dolphins,baltimore ravens,15.5,38.038544874462126,13.198837971623302,Over,0.9561461769491553,-0.015169437742370076,0.0,3.27,1.91,0.9561461769491553,0.04385382305084473
10/30/2025,DraftKings,miami dolphins,baltimore ravens,15.5,38.038544874462126,13.198837971623302,Over,0.9561461769491553,-0.015169437742370076,0.0,3.27,1.8,0.9561461769491553,0.04385382305084473
10/30/2025,DraftKings,miami dolphins,baltimore ravens,15.5,38.038544874462126,13.198837971623302,Over,0.9561461769491553,-0.015169437742370076,0.0,3.27,1.83,0.9561461769491553,0.04385382305084473
10/30/2025,BetOnline.ag,miami dolphins,baltimore ravens,15.5,38.038544874462126,13.198837971623302,Over,0.9561461769491553,-0.015169437742370076,0.0,2.63,1.91,0.9561461769491553,0.04385382305084473
10/30/2025,BetMGM,miami dolphins,baltimore ravens,14.5,38.038544874462126,13.198837971623302,Over,0.9627377741472412,-0.01800747036981402,0.0,1.91,1.83,0.9627377741472412,0.037262225852758846
10/30/2025,FanDuel,miami dolphins,baltimore ravens,14.5,38.038544874462126,13.198837971623302,Over,0.9627377741472412,-0.01800747036981402,0.0,1.91,1.83,0.9627377741472412,0.037262225852758846
10/30/2025,BetMGM,miami dolphins,baltimore ravens,14.5,38.038544874462126,13.198837971623302,Over,0.9627377741472412,-0.01800747036981402,0.0,1.83,1.83,0.9627377741472412,0.037262225852758846
10/30/2025,BetMGM,miami dolphins,baltimore ravens,14.5,38.038544874462126,13.198837971623302,Over,0.9627377741472412,-0.01800747036981402,0.0,1.83,1.57,0.9627377741472412,0.037262225852758846
10/30/2025,DraftKings,miami dolphins,baltimore ravens,14.5,38.038544874462126,13.198837971623302,Over,0.9627377741472412,-0.01800747036981402,0.0,1.76,1.8,0.9627377741472412,0.037262225852758846
10/30/2025,BetMGM,miami dolphins,baltimore ravens,14.5,38.038544874462126,13.198837971623302,Over,0.9627377741472412,-0.01800747036981402,0.0,1.83,1.91,0.9627377741472412,0.037262225852758846
10/30/2025,DraftKings,miami dolphins,baltimore ravens,14.5,38.038544874462126,13.198837971623302,Over,0.9627377741472412,-0.01800747036981402,0.0,1.76,1.8,0.9627377741472412,0.037262225852758846
10/30/2025,DraftKings,miami dolphins,baltimore ravens,14.5,38.038544874462126,13.198837971623302,Over,0.9627377741472412,-0.01800747036981402,0.0,1.53,1.8,0.9627377741472412,0.037262225852758846
10/30/2025,DraftKings,miami dolphins,baltimore ravens,14.5,38.038544874462126,13.198837971623302,Over,0.9627377741472412,-0.01800747036981402,0.0,1.73,1.8,0.9627377741472412,0.037262225852758846
10/30/2025,BetMGM,miami dolphins,baltimore ravens,14.5,38.038544874462126,13.198837971623302,Over,0.9627377741472412,-0.01800747036981402,0.0,1.91,1.57,0.9627377741472412,0.037262225852758846
10/30/2025,BetMGM,miami dolphins,baltimore ravens,14.5,38.038544874462126,13.198837971623302,Over,0.9627377741472412,-0.01800747036981402,0.0,2.3,1.83,0.9627377741472412,0.037262225852758846
10/30/2025,BetMGM,miami dolphins,baltimore ravens,14.5,38.038544874462126,13.198837971623302,Over,0.9627377741472412,-0.01800747036981402,0.0,2.3,1.57,0.9627377741472412,0.037262225852758846
10/30/2025,BetMGM,miami dolphins,baltimore ravens,14.5,38.038544874462126,13.198837971623302,Over,0.9627377741472412,-0.01800747036981402,0.0,2.3,1.91,0.9627377741472412,0.037262225852758846
10/30/2025,FanDuel,miami dolphins,baltimore ravens,14.5,38.038544874462126,13.198837971623302,Over,0.9627377741472412,-0.01800747036981402,0.0,1.65,1.83,0.9627377741472412,0.037262225852758846
10/30/2025,DraftKings,miami dolphins,baltimore ravens,14.5,38.038544874462126,13.198837971623302,Over,0.9627377741472412,-0.01800747036981402,0.0,1.95,1.8,0.9627377741472412,0.037262225852758846
10/30/2025,FanDuel,miami dolphins,baltimore ravens,14.5,38.038544874462126,13.198837971623302,Over,0.9627377741472412,-0.01800747036981402,0.0,1.65,1.83,0.9627377741472412,0.037262225852758846
10/30/2025,FanDuel,miami dolphins,baltimore ravens,14.5,38.038544874462126,13.198837971623302,Over,0.9627377741472412,-0.01800747036981402,0.0,1.69,1.83,0.9627377741472412,0.037262225852758846
10/30/2025,BetMGM,miami dolphins,baltimore ravens,14.5,38.038544874462126,13.198837971623302,Over,0.9627377741472412,-0.01800747036981402,0.0,1.91,1.91,0.9627377741472412,0.037262225852758846
10/30/2025,FanDuel,miami dolphins,baltimore ravens,14.5,38.038544874462126,13.198837971623302,Over,0.9627377741472412,-0.01800747036981402,0.0,1.63,1.83,0.9627377741472412,0.037262225852758846
10/30/2025,DraftKings,miami dolphins,baltimore ravens,14.5,38.038544874462126,13.198837971623302,Over,0.9627377741472412,-0.01800747036981402,0.0,1.63,1.8,0.9627377741472412,0.037262225852758846
11/2/2025,FanDuel,buffalo bills,kansas city chiefs,31.5,54.873209854565026,13.198837971623302,Over,0.9617074757437044,-0.0190583747414215,0.0,1.91,1.85,0.9617074757437044,0.03829252425629559
10/30/2025,DraftKings,miami dolphins,baltimore ravens,13.5,38.038544874462126,13.198837971623302,Over,0.9684966589204513,-0.02181837449034415,0.0,1.14,1.91,0.9684966589204513,0.031503341079548663
10/30/2025,DraftKings,miami dolphins,baltimore ravens,13.5,38.038544874462126,13.198837971623302,Over,0.9684966589204513,-0.02181837449034415,0.0,1.05,1.87,0.9684966589204513,0.031503341079548663
10/30/2025,DraftKings,miami dolphins,baltimore ravens,13.5,38.038544874462126,13.198837971623302,Over,0.9684966589204513,-0.02181837449034415,0.0,1.14,1.87,0.9684966589204513,0.031503341079548663
10/30/2025,DraftKings,miami dolphins,baltimore ravens,13.5,38.038544874462126,13.198837971623302,Over,0.9684966589204513,-0.02181837449034415,0.0,1.05,1.91,0.9684966589204513,0.031503341079548663
10/30/2025,BetOnline.ag,miami dolphins,baltimore ravens,17.5,38.038544874462126,13.198837971623302,Over,0.940156339321301,-0.02223740710584691,0.0,3.7,1.87,0.940156339321301,0.05984366067869895
10/30/2025,BetOnline.ag,miami dolphins,baltimore ravens,16.5,38.038544874462126,13.198837971623302,Over,0.9486446240375441,-0.02289603724132955,0.0,3.1,1.86,0.9486446240375441,0.051355375962455874
10/30/2025,BetMGM,miami dolphins,baltimore ravens,15.5,38.038544874462126,13.198837971623302,Over,0.9561461769491553,-0.024730899511861627,0.0,1.95,1.85,0.9561461769491553,0.04385382305084473
10/30/2025,FanDuel,miami dolphins,baltimore ravens,15.5,38.038544874462126,13.198837971623302,Over,0.9561461769491553,-0.024730899511861627,0.0,1.86,1.91,0.9561461769491553,0.04385382305084473
10/30/2025,BetMGM,miami dolphins,baltimore ravens,15.5,38.038544874462126,13.198837971623302,Over,0.9561461769491553,-0.024730899511861627,0.0,1.91,1.85,0.9561461769491553,0.04385382305084473
10/30/2025,DraftKings,miami dolphins,baltimore ravens,15.5,38.038544874462126,13.198837971623302,Over,0.9561461769491553,-0.024730899511861627,0.0,1.83,1.8,0.9561461769491553,0.04385382305084473
10/30/2025,BetMGM,miami dolphins,baltimore ravens,15.5,38.038544874462126,13.198837971623302,Over,0.9561461769491553,-0.024730899511861627,0.0,1.91,1.83,0.9561461769491553,0.04385382305084473
10/30/2025,BetMGM,miami dolphins,baltimore ravens,15.5,38.038544874462126,13.198837971623302,Over,0.9561461769491553,-0.024730899511861627,0.0,1.91,1.8,0.9561461769491553,0.04385382305084473
10/30/2025,FanDuel,miami dolphins,baltimore ravens,15.5,38.038544874462126,13.198837971623302,Over,0.9561461769491553,-0.024730899511861627,0.0,1.86,1.91,0.9561461769491553,0.04385382305084473
10/30/2025,Bovada,miami dolphins,baltimore ravens,15.5,38.038544874462126,13.198837971623302,Over,0.9561461769491553,-0.024730899511861627,0.0,1.83,1.87,0.9561461769491553,0.04385382305084473
10/30/2025,DraftKings,miami dolphins,baltimore ravens,15.5,38.038544874462126,13.198837971623302,Over,0.9561461769491553,-0.024730899511861627,0.0,1.83,1.83,0.9561461769491553,0.04385382305084473
10/30/2025,DraftKings,miami dolphins,baltimore ravens,15.5,38.038544874462126,13.198837971623302,Over,0.9561461769491553,-0.024730899511861627,0.0,1.91,1.8,0.9561461769491553,0.04385382305084473
10/30/2025,BetMGM,miami dolphins,baltimore ravens,15.5,38.038544874462126,13.198837971623302,Over,0.9561461769491553,-0.024730899511861627,0.0,1.91,1.87,0.9561461769491553,0.04385382305084473
10/30/2025,BetMGM,miami dolphins,baltimore ravens,15.5,38.038544874462126,13.198837971623302,Over,0.9561461769491553,-0.024730899511861627,0.0,1.91,1.85,0.9561461769491553,0.04385382305084473
10/30/2025,DraftKings,miami dolphins,baltimore ravens,15.5,38.038544874462126,13.198837971623302,Over,0.9561461769491553,-0.024730899511861627,0.0,1.91,1.83,0.9561461769491553,0.04385382305084473
10/30/2025,BetMGM,miami dolphins,baltimore ravens,15.5,38.038544874462126,13.198837971623302,Over,0.9561461769491553,-0.024730899511861627,0.0,1.91,1.83,0.9561461769491553,0.04385382305084473
10/30/2025,BetMGM,miami dolphins,baltimore ravens,15.5,38.038544874462126,13.198837971623302,Over,0.9561461769491553,-0.024730899511861627,0.0,1.91,1.8,0.9561461769491553,0.04385382305084473
10/30/2025,DraftKings,miami dolphins,baltimore ravens,15.5,38.038544874462126,13.198837971623302,Over,0.9561461769491553,-0.024730899511861627,0.0,1.91,1.91,0.9561461769491553,0.04385382305084473
10/30/2025,DraftKings,miami dolphins,baltimore ravens,15.5,38.038544874462126,13.198837971623302,Over,0.9561461769491553,-0.024730899511861627,0.0,1.95,1.83,0.9561461769491553,0.04385382305084473
10/30/2025,DraftKings,miami dolphins,baltimore ravens,15.5,38.038544874462126,13.198837971623302,Over,0.9561461769491553,-0.024730899511861627,0.0,1.95,1.8,0.9561461769491553,0.04385382305084473
10/30/2025,FanDuel,miami dolphins,baltimore ravens,15.5,38.038544874462126,13.198837971623302,Over,0.9561461769491553,-0.024730899511861627,0.0,1.86,1.91,0.9561461769491553,0.04385382305084473
10/30/2025,BetMGM,miami dolphins,baltimore ravens,15.5,38.038544874462126,13.198837971623302,Over,0.9561461769491553,-0.024730899511861627,0.0,1.91,1.87,0.9561461769491553,0.04385382305084473
10/30/2025,FanDuel,miami dolphins,baltimore ravens,15.5,38.038544874462126,13.198837971623302,Over,0.9561461769491553,-0.024730899511861627,0.0,1.86,1.91,0.9561461769491553,0.04385382305084473
10/30/2025,DraftKings,miami dolphins,baltimore ravens,15.5,38.038544874462126,13.198837971623302,Over,0.9561461769491553,-0.024730899511861627,0.0,1.95,1.91,0.9561461769491553,0.04385382305084473
10/30/2025,BetMGM,miami dolphins,baltimore ravens,15.5,38.038544874462126,13.198837971623302,Over,0.9561461769491553,-0.024730899511861627,0.0,1.95,1.87,0.9561461769491553,0.04385382305084473
10/30/2025,Bovada,miami dolphins,baltimore ravens,15.5,38.038544874462126,13.198837971623302,Over,0.9561461769491553,-0.024730899511861627,0.0,1.83,1.91,0.9561461769491553,0.04385382305084473
10/30/2025,DraftKings,miami dolphins,baltimore ravens,15.5,38.038544874462126,13.198837971623302,Over,0.9561461769491553,-0.024730899511861627,0.0,1.83,1.91,0.9561461769491553,0.04385382305084473
10/30/2025,BetMGM,miami dolphins,baltimore ravens,15.5,38.038544874462126,13.198837971623302,Over,0.9561461769491553,-0.024730899511861627,0.0,1.95,1.83,0.9561461769491553,0.04385382305084473
10/30/2025,BetMGM,miami dolphins,baltimore ravens,15.5,38.038544874462126,13.198837971623302,Over,0.9561461769491553,-0.024730899511861627,0.0,1.95,1.8,0.9561461769491553,0.04385382305084473
10/30/2025,BetMGM,miami dolphins,baltimore ravens,15.5,38.038544874462126,13.198837971623302,Over,0.9561461769491553,-0.024730899511861627,0.0,1.87,1.8,0.9561461769491553,0.04385382305084473
10/30/2025,Bovada,miami dolphins,baltimore ravens,15.5,38.038544874462126,13.198837971623302,Over,0.9561461769491553,-0.024730899511861627,0.0,1.87,1.87,0.9561461769491553,0.04385382305084473
10/30/2025,Bovada,miami dolphins,baltimore ravens,15.5,38.038544874462126,13.198837971623302,Over,0.9561461769491553,-0.024730899511861627,0.0,1.87,1.87,0.9561461769491553,0.04385382305084473
10/30/2025,Bovada,miami dolphins,baltimore ravens,15.5,38.038544874462126,13.198837971623302,Over,0.9561461769491553,-0.024730899511861627,0.0,1.87,1.91,0.9561461769491553,0.04385382305084473
10/30/2025,BetOnline.ag,miami dolphins,baltimore ravens,15.5,38.038544874462126,13.198837971623302,Over,0.9561461769491553,-0.024730899511861627,0.0,1.85,1.91,0.9561461769491553,0.04385382305084473
10/30/2025,BetMGM,miami dolphins,baltimore ravens,15.5,38.038544874462126,13.198837971623302,Over,0.9561461769491553,-0.024730899511861627,0.0,1.87,1.87,0.9561461769491553,0.04385382305084473
10/30/2025,BetOnline.ag,miami dolphins,baltimore ravens,15.5,38.038544874462126,13.198837971623302,Over,0.9561461769491553,-0.024730899511861627,0.0,1.85,1.91,0.9561461769491553,0.04385382305084473
10/30/2025,Bovada,miami dolphins,baltimore ravens,15.5,38.038544874462126,13.198837971623302,Over,0.9561461769491553,-0.024730899511861627,0.0,1.83,1.87,0.9561461769491553,0.04385382305084473
10/30/2025,Bovada,miami dolphins,baltimore ravens,15.5,38.038544874462126,13.198837971623302,Over,0.9561461769491553,-0.024730899511861627,0.0,1.87,1.87,0.9561461769491553,0.04385382305084473
10/30/2025,Bovada,miami dolphins,baltimore ravens,15.5,38.038544874462126,13.198837971623302,Over,0.9561461769491553,-0.024730899511861627,0.0,1.87,1.87,0.9561461769491553,0.04385382305084473
10/30/2025,Bovada,miami dolphins,baltimore ravens,15.5,38.038544874462126,13.198837971623302,Over,0.9561461769491553,-0.024730899511861627,0.0,1.87,1.91,0.9561461769491553,0.04385382305084473
10/30/2025,BetMGM,miami dolphins,baltimore ravens,15.5,38.038544874462126,13.198837971623302,Over,0.9561461769491553,-0.024730899511861627,0.0,1.87,1.85,0.9561461769491553,0.04385382305084473
10/30/2025,BetMGM,miami dolphins,baltimore ravens,15.5,38.038544874462126,13.198837971623302,Over,0.9561461769491553,-0.024730899511861627,0.0,1.87,1.83,0.9561461769491553,0.04385382305084473
10/30/2025,DraftKings,miami dolphins,baltimore ravens,60.5,38.038544874462126,13.198837971623302,Under,0.9556012413821503,-0.02528673379020669,0.0,1.89,1.89,0.0443987586178497,0.9556012413821503
10/30/2025,FanDuel,miami dolphins,baltimore ravens,60.5,38.038544874462126,13.198837971623302,Under,0.9556012413821503,-0.02528673379020669,0.0,1.88,1.88,0.0443987586178497,0.9556012413821503
10/30/2025,FanDuel,miami dolphins,baltimore ravens,24.5,38.038544874462126,13.198837971623302,Over,0.8474923657395441,-0.02538377939952427,0.0,15.0,1.88,0.8474923657395441,0.15250763426045588
10/30/2025,DraftKings,miami dolphins,baltimore ravens,14.5,38.038544874462126,13.198837971623302,Over,0.9627377741472412,-0.027634848111286435,0.0,1.33,1.8,0.9627377741472412,0.037262225852758846
10/30/2025,DraftKings,miami dolphins,baltimore ravens,14.5,38.038544874462126,13.198837971623302,Over,0.9627377741472412,-0.027634848111286435,0.0,1.18,1.8,0.9627377741472412,0.037262225852758846
10/30/2025,FanDuel,miami dolphins,baltimore ravens,14.5,38.038544874462126,13.198837971623302,Over,0.9627377741472412,-0.027634848111286435,0.0,1.28,1.83,0.9627377741472412,0.037262225852758846
10/30/2025,DraftKings,miami dolphins,baltimore ravens,14.5,38.038544874462126,13.198837971623302,Over,0.9627377741472412,-0.027634848111286435,0.0,1.2,1.8,0.9627377741472412,0.037262225852758846
10/30/2025,FanDuel,miami dolphins,baltimore ravens,14.5,38.038544874462126,13.198837971623302,Over,0.9627377741472412,-0.027634848111286435,0.0,1.17,1.83,0.9627377741472412,0.037262225852758846
10/30/2025,FanDuel,miami dolphins,baltimore ravens,14.5,38.038544874462126,13.198837971623302,Over,0.9627377741472412,-0.027634848111286435,0.0,1.11,1.83,0.9627377741472412,0.037262225852758846
10/30/2025,DraftKings,miami dolphins,baltimore ravens,14.5,38.038544874462126,13.198837971623302,Over,0.9627377741472412,-0.027634848111286435,0.0,1.25,1.8,0.9627377741472412,0.037262225852758846
10/30/2025,FanDuel,miami dolphins,baltimore ravens,14.5,38.038544874462126,13.198837971623302,Over,0.9627377741472412,-0.027634848111286435,0.0,1.29,1.83,0.9627377741472412,0.037262225852758846
10/30/2025,DraftKings,miami dolphins,baltimore ravens,14.5,38.038544874462126,13.198837971623302,Over,0.9627377741472412,-0.027634848111286435,0.0,1.02,1.8,0.9627377741472412,0.037262225852758846
10/30/2025,FanDuel,miami dolphins,baltimore ravens,14.5,38.038544874462126,13.198837971623302,Over,0.9627377741472412,-0.027634848111286435,0.0,1.23,1.83,0.9627377741472412,0.037262225852758846
10/30/2025,DraftKings,miami dolphins,baltimore ravens,14.5,38.038544874462126,13.198837971623302,Over,0.9627377741472412,-0.027634848111286435,0.0,1.3,1.8,0.9627377741472412,0.037262225852758846
10/30/2025,FanDuel,miami dolphins,baltimore ravens,14.5,38.038544874462126,13.198837971623302,Over,0.9627377741472412,-0.027634848111286435,0.0,1.45,1.83,0.9627377741472412,0.037262225852758846
10/30/2025,DraftKings,miami dolphins,baltimore ravens,14.5,38.038544874462126,13.198837971623302,Over,0.9627377741472412,-0.027634848111286435,0.0,1.04,1.8,0.9627377741472412,0.037262225852758846
10/30/2025,BetOnline.ag,miami dolphins,baltimore ravens,18.5,38.038544874462126,13.198837971623302,Over,0.9306064806391542,-0.03216926013527965,0.0,4.4,1.82,0.9306064806391542,0.06939351936084581
10/30/2025,BetOnline.ag,miami dolphins,baltimore ravens,18.5,38.038544874462126,13.198837971623302,Over,0.9306064806391542,-0.03216926013527965,0.0,4.4,1.85,0.9306064806391542,0.06939351936084581
10/30/2025,DraftKings,miami dolphins,baltimore ravens,16.5,38.038544874462126,13.198837971623302,Over,0.9486446240375441,-0.03238248348170499,0.0,1.93,1.88,0.9486446240375441,0.051355375962455874
10/30/2025,DraftKings,miami dolphins,baltimore ravens,16.5,38.038544874462126,13.198837971623302,Over,0.9486446240375441,-0.03238248348170499,0.0,1.93,1.86,0.9486446240375441,0.051355375962455874
10/30/2025,BetOnline.ag,miami dolphins,baltimore ravens,16.5,38.038544874462126,13.198837971623302,Over,0.9486446240375441,-0.03238248348170499,0.0,1.53,1.86,0.9486446240375441,0.051355375962455874
10/30/2025,BetOnline.ag,miami dolphins,baltimore ravens,16.5,38.038544874462126,13.198837971623302,Over,0.9486446240375441,-0.03238248348170499,0.0,1.9,1.86,0.9486446240375441,0.051355375962455874
10/30/2025,DraftKings,miami dolphins,baltimore ravens,16.5,38.038544874462126,13.198837971623302,Over,0.9486446240375441,-0.03238248348170499,0.0,1.91,1.86,0.9486446240375441,0.051355375962455874
10/30/2025,DraftKings,miami dolphins,baltimore ravens,16.5,38.038544874462126,13.198837971623302,Over,0.9486446240375441,-0.03238248348170499,0.0,1.91,1.88,0.9486446240375441,0.051355375962455874
10/30/2025,BetOnline.ag,miami dolphins,baltimore ravens,16.5,38.038544874462126,13.198837971623302,Over,0.9486446240375441,-0.03238248348170499,0.0,1.9,1.86,0.9486446240375441,0.051355375962455874
10/30/2025,Bovada,miami dolphins,baltimore ravens,16.5,38.038544874462126,13.198837971623302,Over,0.9486446240375441,-0.03238248348170499,0.0,1.87,1.87,0.9486446240375441,0.051355375962455874
10/30/2025,BetRivers,miami dolphins,baltimore ravens,59.5,38.038544874462126,13.198837971623302,Under,0.948026337463134,-0.03301313578760329,0.0,1.76,1.87,0.05197366253686597,0.948026337463134
10/30/2025,BetRivers,miami dolphins,baltimore ravens,59.5,38.038544874462126,13.198837971623302,Under,0.948026337463134,-0.03301313578760329,0.0,4.4,1.87,0.05197366253686597,0.948026337463134
10/30/2025,BetRivers,miami dolphins,baltimore ravens,59.5,38.038544874462126,13.198837971623302,Under,0.948026337463134,-0.03301313578760329,0.0,1.87,1.87,0.05197366253686597,0.948026337463134
10/30/2025,BetRivers,miami dolphins,baltimore ravens,59.5,38.038544874462126,13.198837971623302,Under,0.948026337463134,-0.03301313578760329,0.0,1.16,1.87,0.05197366253686597,0.948026337463134
10/30/2025,BetRivers,miami dolphins,baltimore ravens,59.5,38.038544874462126,13.198837971623302,Under,0.948026337463134,-0.03301313578760329,0.0,1.88,1.87,0.05197366253686597,0.948026337463134
10/30/2025,BetRivers,miami dolphins,baltimore ravens,59.5,38.038544874462126,13.198837971623302,Under,0.948026337463134,-0.03301313578760329,0.0,4.2,1.87,0.05197366253686597,0.948026337463134
10/30/2025,BetRivers,miami dolphins,baltimore ravens,59.5,38.038544874462126,13.198837971623302,Under,0.948026337463134,-0.03301313578760329,0.0,1.55,1.87,0.05197366253686597,0.948026337463134
10/30/2025,BetRivers,miami dolphins,baltimore ravens,59.5,38.038544874462126,13.198837971623302,Under,0.948026337463134,-0.03301313578760329,0.0,5.4,1.87,0.05197366253686597,0.948026337463134
10/30/2025,BetOnline.ag,miami dolphins,baltimore ravens,21.5,38.038544874462126,13.198837971623302,Over,0.8949026734640533,-0.03350511265882246,0.0,8.5,1.92,0.8949026734640533,0.10509732653594672
11/2/2025,DraftKings,los angeles rams,new orleans saints,24.5,45.85213940589477,13.198837971623302,Over,0.9471394643458529,-0.033917746367229995,0.0,1.83,1.91,0.9471394643458529,0.052860535654147056
10/30/2025,BetOnline.ag,miami dolphins,baltimore ravens,19.5,38.038544874462126,13.198837971623302,Over,0.9199237519954464,-0.03408006040478127,0.0,5.25,1.97,0.9199237519954464,0.0800762480045536
10/30/2025,DraftKings,miami dolphins,baltimore ravens,15.5,38.038544874462126,13.198837971623302,Over,0.9561461769491553,-0.03429236128135318,0.0,1.34,1.8,0.9561461769491553,0.04385382305084473
10/30/2025,DraftKings,miami dolphins,baltimore ravens,15.5,38.038544874462126,13.198837971623302,Over,0.9561461769491553,-0.03429236128135318,0.0,1.34,1.91,0.9561461769491553,0.04385382305084473
10/30/2025,BetOnline.ag,miami dolphins,baltimore ravens,15.5,38.038544874462126,13.198837971623302,Over,0.9561461769491553,-0.03429236128135318,0.0,1.19,1.91,0.9561461769491553,0.04385382305084473
10/30/2025,DraftKings,miami dolphins,baltimore ravens,15.5,38.038544874462126,13.198837971623302,Over,0.9561461769491553,-0.03429236128135318,0.0,1.09,1.8,0.9561461769491553,0.04385382305084473
10/30/2025,DraftKings,miami dolphins,baltimore ravens,15.5,38.038544874462126,13.198837971623302,Over,0.9561461769491553,-0.03429236128135318,0.0,1.09,1.83,0.9561461769491553,0.04385382305084473
10/30/2025,DraftKings,miami dolphins,baltimore ravens,15.5,38.038544874462126,13.198837971623302,Over,0.9561461769491553,-0.03429236128135318,0.0,1.34,1.83,0.9561461769491553,0.04385382305084473
10/30/2025,DraftKings,miami dolphins,baltimore ravens,15.5,38.038544874462126,13.198837971623302,Over,0.9561461769491553,-0.03429236128135318,0.0,1.14,1.8,0.9561461769491553,0.04385382305084473
10/30/2025,DraftKings,miami dolphins,baltimore ravens,15.5,38.038544874462126,13.198837971623302,Over,0.9561461769491553,-0.03429236128135318,0.0,1.14,1.91,0.9561461769491553,0.04385382305084473
10/30/2025,DraftKings,miami dolphins,baltimore ravens,15.5,38.038544874462126,13.198837971623302,Over,0.9561461769491553,-0.03429236128135318,0.0,1.09,1.91,0.9561461769491553,0.04385382305084473
10/30/2025,DraftKings,miami dolphins,baltimore ravens,15.5,38.038544874462126,13.198837971623302,Over,0.9561461769491553,-0.03429236128135318,0.0,1.14,1.83,0.9561461769491553,0.04385382305084473
11/2/2025,FanDuel,buffalo bills,kansas city chiefs,75.5,54.873209854565026,13.198837971623302,Under,0.9409470240678178,-0.040234035450825816,0.0,1.88,1.88,0.05905297593218217,0.9409470240678178
10/30/2025,DraftKings,miami dolphins,baltimore ravens,17.5,38.038544874462126,13.198837971623302,Over,0.940156339321301,-0.041040533892272926,0.0,1.68,1.86,0.940156339321301,0.05984366067869895
10/30/2025,BetMGM,miami dolphins,baltimore ravens,17.5,38.038544874462126,13.198837971623302,Over,0.940156339321301,-0.041040533892272926,0.0,1.91,1.87,0.940156339321301,0.05984366067869895
10/30/2025,BetOnline.ag,miami dolphins,baltimore ravens,17.5,38.038544874462126,13.198837971623302,Over,0.940156339321301,-0.041040533892272926,0.0,1.89,1.87,0.940156339321301,0.05984366067869895
10/30/2025,BetMGM,miami dolphins,baltimore ravens,17.5,38.038544874462126,13.198837971623302,Over,0.940156339321301,-0.041040533892272926,0.0,1.91,1.85,0.940156339321301,0.05984366067869895
10/30/2025,BetRivers,miami dolphins,baltimore ravens,17.5,38.038544874462126,13.198837971623302,Over,0.940156339321301,-0.041040533892272926,0.0,1.88,1.85,0.940156339321301,0.05984366067869895
10/30/2025,BetOnline.ag,miami dolphins,baltimore ravens,17.5,38.038544874462126,13.198837971623302,Over,0.940156339321301,-0.041040533892272926,0.0,1.72,1.87,0.940156339321301,0.05984366067869895
10/30/2025,BetRivers,miami dolphins,baltimore ravens,17.5,38.038544874462126,13.198837971623302,Over,0.940156339321301,-0.041040533892272926,0.0,1.88,1.83,0.940156339321301,0.05984366067869895
10/30/2025,Bovada,miami dolphins,baltimore ravens,17.5,38.038544874462126,13.198837971623302,Over,0.940156339321301,-0.041040533892272926,0.0,1.87,1.87,0.940156339321301,0.05984366067869895
10/30/2025,BetRivers,miami dolphins,baltimore ravens,17.5,38.038544874462126,13.198837971623302,Over,0.940156339321301,-0.041040533892272926,0.0,1.88,1.87,0.940156339321301,0.05984366067869895
10/30/2025,BetRivers,miami dolphins,baltimore ravens,17.5,38.038544874462126,13.198837971623302,Over,0.940156339321301,-0.041040533892272926,0.0,1.88,1.83,0.940156339321301,0.05984366067869895
10/30/2025,BetRivers,miami dolphins,baltimore ravens,17.5,38.038544874462126,13.198837971623302,Over,0.940156339321301,-0.041040533892272926,0.0,1.88,1.85,0.940156339321301,0.05984366067869895
10/30/2025,BetRivers,miami dolphins,baltimore ravens,17.5,38.038544874462126,13.198837971623302,Over,0.940156339321301,-0.041040533892272926,0.0,1.91,1.87,0.940156339321301,0.05984366067869895
10/30/2025,BetRivers,miami dolphins,baltimore ravens,17.5,38.038544874462126,13.198837971623302,Over,0.940156339321301,-0.041040533892272926,0.0,1.91,1.83,0.940156339321301,0.05984366067869895
10/30/2025,DraftKings,miami dolphins,baltimore ravens,17.5,38.038544874462126,13.198837971623302,Over,0.940156339321301,-0.041040533892272926,0.0,1.92,1.86,0.940156339321301,0.05984366067869895
10/30/2025,BetRivers,miami dolphins,baltimore ravens,17.5,38.038544874462126,13.198837971623302,Over,0.940156339321301,-0.041040533892272926,0.0,1.88,1.87,0.940156339321301,0.05984366067869895
10/30/2025,BetRivers,miami dolphins,baltimore ravens,17.5,38.038544874462126,13.198837971623302,Over,0.940156339321301,-0.041040533892272926,0.0,1.91,1.85,0.940156339321301,0.05984366067869895
10/30/2025,FanDuel,miami dolphins,baltimore ravens,17.5,38.038544874462126,13.198837971623302,Over,0.940156339321301,-0.041040533892272926,0.0,1.88,1.88,0.940156339321301,0.05984366067869895
10/30/2025,BetOnline.ag,miami dolphins,baltimore ravens,17.5,38.038544874462126,13.198837971623302,Over,0.940156339321301,-0.041040533892272926,0.0,1.89,1.87,0.940156339321301,0.05984366067869895
10/30/2025,BetMGM,miami dolphins,baltimore ravens,17.5,38.038544874462126,13.198837971623302,Over,0.940156339321301,-0.041040533892272926,0.0,1.87,1.87,0.940156339321301,0.05984366067869895
10/30/2025,BetMGM,miami dolphins,baltimore ravens,17.5,38.038544874462126,13.198837971623302,Over,0.940156339321301,-0.041040533892272926,0.0,1.87,1.85,0.940156339321301,0.05984366067869895
10/30/2025,DraftKings,miami dolphins,baltimore ravens,17.5,38.038544874462126,13.198837971623302,Over,0.940156339321301,-0.05044209728548594,0.0,1.21,1.86,0.940156339321301,0.05984366067869895
10/30/2025,BetOnline.ag,miami dolphins,baltimore ravens,17.5,38.038544874462126,13.198837971623302,Over,0.940156339321301,-0.05044209728548594,0.0,1.41,1.87,0.940156339321301,0.05984366067869895
10/30/2025,BetOnline.ag,miami dolphins,baltimore ravens,17.5,38.038544874462126,13.198837971623302,Over,0.940156339321301,-0.05044209728548594,0.0,1.39,1.87,0.940156339321301,0.05984366067869895
10/30/2025,BetOnline.ag,miami dolphins,baltimore ravens,17.5,38.038544874462126,13.198837971623302,Over,0.940156339321301,-0.05044209728548594,0.0,1.4,1.87,0.940156339321301,0.05984366067869895
10/30/2025,DraftKings,miami dolphins,baltimore ravens,17.5,38.038544874462126,13.198837971623302,Over,0.940156339321301,-0.05044209728548594,0.0,1.34,1.86,0.940156339321301,0.05984366067869895
10/30/2025,BetMGM,miami dolphins,baltimore ravens,18.5,38.038544874462126,13.198837971623302,Over,0.9306064806391542,-0.05078138974806273,0.0,1.8,1.95,0.9306064806391542,0.06939351936084581
10/30/2025,DraftKings,miami dolphins,baltimore ravens,18.5,38.038544874462126,13.198837971623302,Over,0.9306064806391542,-0.05078138974806273,0.0,1.93,1.85,0.9306064806391542,0.06939351936084581
10/30/2025,BetMGM,miami dolphins,baltimore ravens,18.5,38.038544874462126,13.198837971623302,Over,0.9306064806391542,-0.05078138974806273,0.0,1.91,1.83,0.9306064806391542,0.06939351936084581
10/30/2025,BetOnline.ag,miami dolphins,baltimore ravens,18.5,38.038544874462126,13.198837971623302,Over,0.9306064806391542,-0.05078138974806273,0.0,1.94,1.82,0.9306064806391542,0.06939351936084581
10/30/2025,BetMGM,miami dolphins,baltimore ravens,18.5,38.038544874462126,13.198837971623302,Over,0.9306064806391542,-0.05078138974806273,0.0,1.85,1.95,0.9306064806391542,0.06939351936084581
10/30/2025,BetOnline.ag,miami dolphins,baltimore ravens,18.5,38.038544874462126,13.198837971623302,Over,0.9306064806391542,-0.05078138974806273,0.0,1.91,1.85,0.9306064806391542,0.06939351936084581
10/30/2025,BetOnline.ag,miami dolphins,baltimore ravens,18.5,38.038544874462126,13.198837971623302,Over,0.9306064806391542,-0.05078138974806273,0.0,1.91,1.82,0.9306064806391542,0.06939351936084581
10/30/2025,BetRivers,miami dolphins,baltimore ravens,18.5,38.038544874462126,13.198837971623302,Over,0.9306064806391542,-0.05078138974806273,0.0,1.85,1.88,0.9306064806391542,0.06939351936084581
10/30/2025,DraftKings,miami dolphins,baltimore ravens,18.5,38.038544874462126,13.198837971623302,Over,0.9306064806391542,-0.05078138974806273,0.0,1.93,1.85,0.9306064806391542,0.06939351936084581
10/30/2025,BetMGM,miami dolphins,baltimore ravens,18.5,38.038544874462126,13.198837971623302,Over,0.9306064806391542,-0.05078138974806273,0.0,1.8,1.91,0.9306064806391542,0.06939351936084581
10/30/2025,BetMGM,miami dolphins,baltimore ravens,18.5,38.038544874462126,13.198837971623302,Over,0.9306064806391542,-0.05078138974806273,0.0,1.85,1.91,0.9306064806391542,0.06939351936084581
10/30/2025,FanDuel,miami dolphins,baltimore ravens,18.5,38.038544874462126,13.198837971623302,Over,0.9306064806391542,-0.05078138974806273,0.0,1.89,1.76,0.9306064806391542,0.06939351936084581
10/30/2025,DraftKings,miami dolphins,baltimore ravens,18.5,38.038544874462126,13.198837971623302,Over,0.9306064806391542,-0.05078138974806273,0.0,1.91,1.85,0.9306064806391542,0.06939351936084581
10/30/2025,DraftKings,miami dolphins,baltimore ravens,18.5,38.038544874462126,13.198837971623302,Over,0.9306064806391542,-0.05078138974806273,0.0,1.91,1.85,0.9306064806391542,0.06939351936084581
10/30/2025,DraftKings,miami dolphins,baltimore ravens,18.5,38.038544874462126,13.198837971623302,Over,0.9306064806391542,-0.05078138974806273,0.0,1.91,1.83,0.9306064806391542,0.06939351936084581
10/30/2025,FanDuel,miami dolphins,baltimore ravens,18.5,38.038544874462126,13.198837971623302,Over,0.9306064806391542,-0.05078138974806273,0.0,1.89,1.85,0.9306064806391542,0.06939351936084581
10/30/2025,BetRivers,miami dolphins,baltimore ravens,18.5,38.038544874462126,13.198837971623302,Over,0.9306064806391542,-0.05078138974806273,0.0,1.97,1.88,0.9306064806391542,0.06939351936084581
10/30/2025,FanDuel,miami dolphins,baltimore ravens,18.5,38.038544874462126,13.198837971623302,Over,0.9306064806391542,-0.05078138974806273,0.0,2.0,1.85,0.9306064806391542,0.06939351936084581
10/30/2025,DraftKings,miami dolphins,baltimore ravens,18.5,38.038544874462126,13.198837971623302,Over,0.9306064806391542,-0.05078138974806273,0.0,1.93,1.83,0.9306064806391542,0.06939351936084581
10/30/2025,BetOnline.ag,miami dolphins,baltimore ravens,18.5,38.038544874462126,13.198837971623302,Over,0.9306064806391542,-0.05078138974806273,0.0,1.91,1.85,0.9306064806391542,0.06939351936084581
10/30/2025,BetOnline.ag,miami dolphins,baltimore ravens,18.5,38.038544874462126,13.198837971623302,Over,0.9306064806391542,-0.05078138974806273,0.0,1.94,1.85,0.9306064806391542,0.06939351936084581
10/30/2025,BetMGM,miami dolphins,baltimore ravens,18.5,38.038544874462126,13.198837971623302,Over,0.9306064806391542,-0.05078138974806273,0.0,1.91,1.91,0.9306064806391542,0.06939351936084581
10/30/2025,BetMGM,miami dolphins,baltimore ravens,18.5,38.038544874462126,13.198837971623302,Over,0.9306064806391542,-0.05078138974806273,0.0,1.85,1.83,0.9306064806391542,0.06939351936084581
10/30/2025,DraftKings,miami dolphins,baltimore ravens,18.5,38.038544874462126,13.198837971623302,Over,0.9306064806391542,-0.05078138974806273,0.0,1.93,1.85,0.9306064806391542,0.06939351936084581
10/30/2025,DraftKings,miami dolphins,baltimore ravens,18.5,38.038544874462126,13.198837971623302,Over,0.9306064806391542,-0.05078138974806273,0.0,1.93,1.83,0.9306064806391542,0.06939351936084581
10/30/2025,BetMGM,miami dolphins,baltimore ravens,18.5,38.038544874462126,13.198837971623302,Over,0.9306064806391542,-0.05078138974806273,0.0,1.8,1.83,0.9306064806391542,0.06939351936084581
10/30/2025,DraftKings,miami dolphins,baltimore ravens,18.5,38.038544874462126,13.198837971623302,Over,0.9306064806391542,-0.05078138974806273,0.0,1.93,1.85,0.9306064806391542,0.06939351936084581
10/30/2025,BetOnline.ag,miami dolphins,baltimore ravens,18.5,38.038544874462126,13.198837971623302,Over,0.9306064806391542,-0.05078138974806273,0.0,1.94,1.85,0.9306064806391542,0.06939351936084581
10/30/2025,BetOnline.ag,miami dolphins,baltimore ravens,18.5,38.038544874462126,13.198837971623302,Over,0.9306064806391542,-0.05078138974806273,0.0,1.94,1.82,0.9306064806391542,0.06939351936084581
10/30/2025,FanDuel,miami dolphins,baltimore ravens,18.5,38.038544874462126,13.198837971623302,Over,0.9306064806391542,-0.05078138974806273,0.0,2.0,1.76,0.9306064806391542,0.06939351936084581
10/30/2025,BetOnline.ag,miami dolphins,baltimore ravens,18.5,38.038544874462126,13.198837971623302,Over,0.9306064806391542,-0.05078138974806273,0.0,1.91,1.82,0.9306064806391542,0.06939351936084581
10/30/2025,BetMGM,miami dolphins,baltimore ravens,18.5,38.038544874462126,13.198837971623302,Over,0.9306064806391542,-0.05078138974806273,0.0,1.91,1.95,0.9306064806391542,0.06939351936084581
11/2/2025,FanDuel,buffalo bills,kansas city chiefs,35.5,54.873209854565026,13.198837971623302,Over,0.928920263007917,-0.05250133173192469,0.0,1.88,1.88,0.928920263007917,0.07107973699208303
11/2/2025,FanDuel,buffalo bills,kansas city chiefs,35.5,54.873209854565026,13.198837971623302,Over,0.928920263007917,-0.05250133173192469,0.0,1.88,1.98,0.928920263007917,0.07107973699208303
11/2/2025,FanDuel,buffalo bills,kansas city chiefs,35.5,54.873209854565026,13.198837971623302,Over,0.928920263007917,-0.05250133173192469,0.0,1.78,1.98,0.928920263007917,0.07107973699208303
11/2/2025,FanDuel,buffalo bills,kansas city chiefs,35.5,54.873209854565026,13.198837971623302,Over,0.928920263007917,-0.05250133173192469,0.0,1.78,1.88,0.928920263007917,0.07107973699208303
10/30/2025,DraftKings,miami dolphins,baltimore ravens,19.5,38.038544874462126,13.198837971623302,Over,0.9199237519954464,-0.06167777296464467,0.0,1.91,1.83,0.9199237519954464,0.0800762480045536
10/30/2025,FanDuel,miami dolphins,baltimore ravens,19.5,38.038544874462126,13.198837971623302,Over,0.9199237519954464,-0.06167777296464467,0.0,2.0,1.89,0.9199237519954464,0.0800762480045536
10/30/2025,FanDuel,miami dolphins,baltimore ravens,19.5,38.038544874462126,13.198837971623302,Over,0.9199237519954464,-0.06167777296464467,0.0,2.02,1.89,0.9199237519954464,0.0800762480045536
10/30/2025,Bovada,miami dolphins,baltimore ravens,19.5,38.038544874462126,13.198837971623302,Over,0.9199237519954464,-0.06167777296464467,0.0,1.87,1.87,0.9199237519954464,0.0800762480045536
10/30/2025,DraftKings,miami dolphins,baltimore ravens,19.5,38.038544874462126,13.198837971623302,Over,0.9199237519954464,-0.06167777296464467,0.0,2.33,1.83,0.9199237519954464,0.0800762480045536
10/30/2025,Bovada,miami dolphins,baltimore ravens,19.5,38.038544874462126,13.198837971623302,Over,0.9199237519954464,-0.06167777296464467,0.0,2.05,1.87,0.9199237519954464,0.0800762480045536
10/30/2025,DraftKings,miami dolphins,baltimore ravens,19.5,38.038544874462126,13.198837971623302,Over,0.9199237519954464,-0.06167777296464467,0.0,1.75,1.83,0.9199237519954464,0.0800762480045536
10/30/2025,Bovada,miami dolphins,baltimore ravens,19.5,38.038544874462126,13.198837971623302,Over,0.9199237519954464,-0.06167777296464467,0.0,2.0,1.87,0.9199237519954464,0.0800762480045536
10/30/2025,FanDuel,miami dolphins,baltimore ravens,19.5,38.038544874462126,13.198837971623302,Over,0.9199237519954464,-0.06167777296464467,0.0,1.74,1.89,0.9199237519954464,0.0800762480045536
10/30/2025,BetMGM,miami dolphins,baltimore ravens,19.5,38.038544874462126,13.198837971623302,Over,0.9199237519954464,-0.06167777296464467,0.0,1.91,1.85,0.9199237519954464,0.0800762480045536
10/30/2025,FanDuel,miami dolphins,baltimore ravens,19.5,38.038544874462126,13.198837971623302,Over,0.9199237519954464,-0.06167777296464467,0.0,2.04,1.89,0.9199237519954464,0.0800762480045536
10/30/2025,BetMGM,miami dolphins,baltimore ravens,19.5,38.038544874462126,13.198837971623302,Over,0.9199237519954464,-0.06167777296464467,0.0,1.91,2.0,0.9199237519954464,0.0800762480045536
10/30/2025,BetMGM,miami dolphins,baltimore ravens,19.5,38.038544874462126,13.198837971623302,Over,0.9199237519954464,-0.06167777296464467,0.0,1.74,1.85,0.9199237519954464,0.0800762480045536
10/30/2025,BetMGM,miami dolphins,baltimore ravens,19.5,38.038544874462126,13.198837971623302,Over,0.9199237519954464,-0.06167777296464467,0.0,1.74,1.85,0.9199237519954464,0.0800762480045536
10/30/2025,BetMGM,miami dolphins,baltimore ravens,19.5,38.038544874462126,13.198837971623302,Over,0.9199237519954464,-0.06167777296464467,0.0,1.91,1.85,0.9199237519954464,0.0800762480045536
10/30/2025,BetMGM,miami dolphins,baltimore ravens,19.5,38.038544874462126,13.198837971623302,Over,0.9199237519954464,-0.06167777296464467,0.0,1.91,1.85,0.9199237519954464,0.0800762480045536
10/30/2025,FanDuel,miami dolphins,baltimore ravens,19.5,38.038544874462126,13.198837971623302,Over,0.9199237519954464,-0.06167777296464467,0.0,2.04,1.89,0.9199237519954464,0.0800762480045536
10/30/2025,BetMGM,miami dolphins,baltimore ravens,19.5,38.038544874462126,13.198837971623302,Over,0.9199237519954464,-0.06167777296464467,0.0,1.74,2.0,0.9199237519954464,0.0800762480045536
10/30/2025,BetOnline.ag,miami dolphins,baltimore ravens,19.5,38.038544874462126,13.198837971623302,Over,0.9199237519954464,-0.06167777296464467,0.0,2.11,1.97,0.9199237519954464,0.0800762480045536
10/30/2025,Bovada,miami dolphins,baltimore ravens,19.5,38.038544874462126,13.198837971623302,Over,0.9199237519954464,-0.06167777296464467,0.0,1.77,1.87,0.9199237519954464,0.0800762480045536
10/30/2025,FanDuel,miami dolphins,baltimore ravens,19.5,38.038544874462126,13.198837971623302,Over,0.9199237519954464,-0.06167777296464467,0.0,1.89,1.89,0.9199237519954464,0.0800762480045536
10/30/2025,BetOnline.ag,miami dolphins,baltimore ravens,19.5,38.038544874462126,13.198837971623302,Over,0.9199237519954464,-0.06167777296464467,0.0,1.8,1.97,0.9199237519954464,0.0800762480045536
10/30/2025,BetOnline.ag,miami dolphins,baltimore ravens,19.5,38.038544874462126,13.198837971623302,Over,0.9199237519954464,-0.06167777296464467,0.0,1.8,1.97,0.9199237519954464,0.0800762480045536
10/30/2025,Bovada,miami dolphins,baltimore ravens,19.5,38.038544874462126,13.198837971623302,Over,0.9199237519954464,-0.06167777296464467,0.0,2.0,1.87,0.9199237519954464,0.0800762480045536
10/30/2025,Bovada,miami dolphins,baltimore ravens,19.5,38.038544874462126,13.198837971623302,Over,0.9199237519954464,-0.06167777296464467,0.0,2.0,1.87,0.9199237519954464,0.0800762480045536
10/30/2025,BetMGM,miami dolphins,baltimore ravens,19.5,38.038544874462126,13.198837971623302,Over,0.9199237519954464,-0.06167777296464467,0.0,1.91,2.0,0.9199237519954464,0.0800762480045536
10/30/2025,BetMGM,miami dolphins,baltimore ravens,19.5,38.038544874462126,13.198837971623302,Over,0.9199237519954464,-0.06167777296464467,0.0,1.91,1.85,0.9199237519954464,0.0800762480045536
11/2/2025,FanDuel,buffalo bills,kansas city chiefs,36.5,54.873209854565026,13.198837971623302,Over,0.9180437037610418,-0.06359542216373734,0.0,1.88,1.88,0.9180437037610418,0.08195629623895817
11/2/2025,DraftKings,los angeles rams,new orleans saints,27.5,45.85213940589477,13.198837971623302,Over,0.9178017387119355,-0.0638422265138258,0.0,1.91,1.83,0.9178017387119355,0.08219826128806451
10/30/2025,DraftKings,miami dolphins,baltimore ravens,27.5,38.038544874462126,13.198837971623302,Over,0.7876938221416019,-0.07052128987290979,0.0,18.0,1.92,0.7876938221416019,0.21230617785839812
10/30/2025,DraftKings,miami dolphins,baltimore ravens,27.5,38.038544874462126,13.198837971623302,Over,0.7876938221416019,-0.07052128987290979,0.0,18.0,1.92,0.7876938221416019,0.21230617785839812
10/30/2025,FanDuel,miami dolphins,baltimore ravens,19.5,38.038544874462126,13.198837971623302,Over,0.9199237519954464,-0.07087701048459913,0.0,1.45,1.89,0.9199237519954464,0.0800762480045536
10/30/2025,FanDuel,miami dolphins,baltimore ravens,19.5,38.038544874462126,13.198837971623302,Over,0.9199237519954464,-0.07087701048459913,0.0,1.22,1.89,0.9199237519954464,0.0800762480045536
10/30/2025,Bovada,miami dolphins,baltimore ravens,19.5,38.038544874462126,13.198837971623302,Over,0.9199237519954464,-0.07087701048459913,0.0,1.45,1.87,0.9199237519954464,0.0800762480045536
10/30/2025,FanDuel,miami dolphins,baltimore ravens,19.5,38.038544874462126,13.198837971623302,Over,0.9199237519954464,-0.07087701048459913,0.0,1.44,1.89,0.9199237519954464,0.0800762480045536
10/30/2025,DraftKings,miami dolphins,baltimore ravens,19.5,38.038544874462126,13.198837971623302,Over,0.9199237519954464,-0.07087701048459913,0.0,1.45,1.83,0.9199237519954464,0.0800762480045536
10/30/2025,FanDuel,miami dolphins,baltimore ravens,19.5,38.038544874462126,13.198837971623302,Over,0.9199237519954464,-0.07087701048459913,0.0,1.36,1.89,0.9199237519954464,0.0800762480045536
10/30/2025,BetOnline.ag,miami dolphins,baltimore ravens,19.5,38.038544874462126,13.198837971623302,Over,0.9199237519954464,-0.07087701048459913,0.0,1.44,1.97,0.9199237519954464,0.0800762480045536
10/30/2025,FanDuel,miami dolphins,baltimore ravens,19.5,38.038544874462126,13.198837971623302,Over,0.9199237519954464,-0.07087701048459913,0.0,1.3,1.89,0.9199237519954464,0.0800762480045536
10/30/2025,Bovada,miami dolphins,baltimore ravens,19.5,38.038544874462126,13.198837971623302,Over,0.9199237519954464,-0.07087701048459913,0.0,1.3,1.87,0.9199237519954464,0.0800762480045536
10/30/2025,Bovada,miami dolphins,baltimore ravens,19.5,38.038544874462126,13.198837971623302,Over,0.9199237519954464,-0.07087701048459913,0.0,1.48,1.87,0.9199237519954464,0.0800762480045536
10/30/2025,Bovada,miami dolphins,baltimore ravens,19.5,38.038544874462126,13.198837971623302,Over,0.9199237519954464,-0.07087701048459913,0.0,1.22,1.87,0.9199237519954464,0.0800762480045536
10/30/2025,Bovada,miami dolphins,baltimore ravens,19.5,38.038544874462126,13.198837971623302,Over,0.9199237519954464,-0.07087701048459913,0.0,1.36,1.87,0.9199237519954464,0.0800762480045536
10/30/2025,FanDuel,miami dolphins,baltimore ravens,20.5,38.038544874462126,13.198837971623302,Over,0.9080421310261462,-0.07379702635333091,0.0,1.98,1.77,0.9080421310261462,0.09195786897385383
10/30/2025,Bovada,miami dolphins,baltimore ravens,20.5,38.038544874462126,13.198837971623302,Over,0.9080421310261462,-0.07379702635333091,0.0,2.05,1.74,0.9080421310261462,0.09195786897385383
10/30/2025,Bovada,miami dolphins,baltimore ravens,20.5,38.038544874462126,13.198837971623302,Over,0.9080421310261462,-0.07379702635333091,0.0,2.05,1.95,0.9080421310261462,0.09195786897385383
10/30/2025,Bovada,miami dolphins,baltimore ravens,20.5,38.038544874462126,13.198837971623302,Over,0.9080421310261462,-0.07379702635333091,0.0,1.8,1.95,0.9080421310261462,0.09195786897385383
10/30/2025,DraftKings,miami dolphins,baltimore ravens,20.5,38.038544874462126,13.198837971623302,Over,0.9080421310261462,-0.07379702635333091,0.0,2.04,1.75,0.9080421310261462,0.09195786897385383
10/30/2025,Bovada,miami dolphins,baltimore ravens,20.5,38.038544874462126,13.198837971623302,Over,0.9080421310261462,-0.07379702635333091,0.0,1.8,1.74,0.9080421310261462,0.09195786897385383
10/30/2025,BetRivers,miami dolphins,baltimore ravens,20.5,38.038544874462126,13.198837971623302,Over,0.9080421310261462,-0.07379702635333091,0.0,2.02,1.74,0.9080421310261462,0.09195786897385383
10/30/2025,DraftKings,miami dolphins,baltimore ravens,21.5,38.038544874462126,13.198837971623302,Over,0.8949026734640533,-0.07825024633202513,0.0,2.52,1.86,0.8949026734640533,0.10509732653594672
10/30/2025,DraftKings,miami dolphins,baltimore ravens,21.5,38.038544874462126,13.198837971623302,Over,0.8949026734640533,-0.07825024633202513,0.0,3.45,1.9,0.8949026734640533,0.10509732653594672
10/30/2025,BetOnline.ag,miami dolphins,baltimore ravens,21.5,38.038544874462126,13.198837971623302,Over,0.8949026734640533,-0.07825024633202513,0.0,2.59,1.92,0.8949026734640533,0.10509732653594672
10/30/2025,DraftKings,miami dolphins,baltimore ravens,21.5,38.038544874462126,13.198837971623302,Over,0.8949026734640533,-0.07825024633202513,0.0,2.52,1.9,0.8949026734640533,0.10509732653594672
10/30/2025,DraftKings,miami dolphins,baltimore ravens,21.5,38.038544874462126,13.198837971623302,Over,0.8949026734640533,-0.07825024633202513,0.0,3.45,1.86,0.8949026734640533,0.10509732653594672
10/30/2025,BetRivers,miami dolphins,baltimore ravens,21.5,38.038544874462126,13.198837971623302,Over,0.8949026734640533,-0.08719927306666565,0.0,1.83,1.83,0.8949026734640533,0.10509732653594672
10/30/2025,BetRivers,miami dolphins,baltimore ravens,21.5,38.038544874462126,13.198837971623302,Over,0.8949026734640533,-0.08719927306666565,0.0,1.83,1.89,0.8949026734640533,0.10509732653594672
10/30/2025,DraftKings,miami dolphins,baltimore ravens,21.5,38.038544874462126,13.198837971623302,Over,0.8949026734640533,-0.08719927306666565,0.0,1.87,1.86,0.8949026734640533,0.10509732653594672
10/30/2025,BetOnline.ag,miami dolphins,baltimore ravens,21.5,38.038544874462126,13.198837971623302,Over,0.8949026734640533,-0.08719927306666565,0.0,2.33,1.92,0.8949026734640533,0.10509732653594672
10/30/2025,DraftKings,miami dolphins,baltimore ravens,21.5,38.038544874462126,13.198837971623302,Over,0.8949026734640533,-0.08719927306666565,0.0,1.87,1.9,0.8949026734640533,0.10509732653594672
10/30/2025,DraftKings,miami dolphins,baltimore ravens,21.5,38.038544874462126,13.198837971623302,Over,0.8949026734640533,-0.08719927306666565,0.0,1.87,1.9,0.8949026734640533,0.10509732653594672
10/30/2025,DraftKings,miami dolphins,baltimore ravens,21.5,38.038544874462126,13.198837971623302,Over,0.8949026734640533,-0.08719927306666565,0.0,1.87,1.86,0.8949026734640533,0.10509732653594672
10/30/2025,BetRivers,miami dolphins,baltimore ravens,21.5,38.038544874462126,13.198837971623302,Over,0.8949026734640533,-0.08719927306666565,0.0,1.89,1.83,0.8949026734640533,0.10509732653594672
10/30/2025,BetOnline.ag,miami dolphins,baltimore ravens,21.5,38.038544874462126,13.198837971623302,Over,0.8949026734640533,-0.08719927306666565,0.0,1.84,1.92,0.8949026734640533,0.10509732653594672
10/30/2025,FanDuel,miami dolphins,baltimore ravens,21.5,38.038544874462126,13.198837971623302,Over,0.8949026734640533,-0.08719927306666565,0.0,1.8,1.94,0.8949026734640533,0.10509732653594672
10/30/2025,BetMGM,miami dolphins,baltimore ravens,21.5,38.038544874462126,13.198837971623302,Over,0.8949026734640533,-0.08719927306666565,0.0,1.77,2.0,0.8949026734640533,0.10509732653594672
10/30/2025,BetRivers,miami dolphins,baltimore ravens,21.5,38.038544874462126,13.198837971623302,Over,0.8949026734640533,-0.08719927306666565,0.0,1.89,1.89,0.8949026734640533,0.10509732653594672
10/30/2025,Bovada,miami dolphins,baltimore ravens,21.5,38.038544874462126,13.198837971623302,Over,0.8949026734640533,-0.08719927306666565,0.0,1.8,1.95,0.8949026734640533,0.10509732653594672
10/30/2025,DraftKings,miami dolphins,baltimore ravens,21.5,38.038544874462126,13.198837971623302,Over,0.8949026734640533,-0.08719927306666565,0.0,1.92,1.9,0.8949026734640533,0.10509732653594672
10/30/2025,DraftKings,miami dolphins,baltimore ravens,21.5,38.038544874462126,13.198837971623302,Over,0.8949026734640533,-0.08719927306666565,0.0,1.92,1.86,0.8949026734640533,0.10509732653594672
10/30/2025,BetOnline.ag,miami dolphins,baltimore ravens,21.5,38.038544874462126,13.198837971623302,Over,0.8949026734640533,-0.08719927306666565,0.0,1.84,1.92,0.8949026734640533,0.10509732653594672
10/30/2025,DraftKings,miami dolphins,baltimore ravens,25.5,38.038544874462126,13.198837971623302,Over,0.8289371135276482,-0.08816917511958697,0.0,9.9,1.87,0.8289371135276482,0.1710628864723518
10/30/2025,BetOnline.ag,miami dolphins,baltimore ravens,22.5,38.038544874462126,13.198837971623302,Over,0.8804553490635011,-0.09313099046459387,0.0,2.9,1.88,0.8804553490635011,0.11954465093649891
10/30/2025,DraftKings,miami dolphins,baltimore ravens,21.5,38.038544874462126,13.198837971623302,Over,0.8949026734640533,-0.0961482998013062,0.0,1.09,1.86,0.8949026734640533,0.10509732653594672
10/30/2025,DraftKings,miami dolphins,baltimore ravens,21.5,38.038544874462126,13.198837971623302,Over,0.8949026734640533,-0.0961482998013062,0.0,1.09,1.9,0.8949026734640533,0.10509732653594672
10/30/2025,BetOnline.ag,miami dolphins,baltimore ravens,22.5,38.038544874462126,13.198837971623302,Over,0.8804553490635011,-0.10193554395522889,0.0,1.88,1.88,0.8804553490635011,0.11954465093649891
10/30/2025,BetOnline.ag,miami dolphins,baltimore ravens,22.5,38.038544874462126,13.198837971623302,Over,0.8804553490635011,-0.10193554395522889,0.0,1.88,1.88,0.8804553490635011,0.11954465093649891
10/30/2025,BetMGM,miami dolphins,baltimore ravens,22.5,38.038544874462126,13.198837971623302,Over,0.8804553490635011,-0.10193554395522889,0.0,1.83,1.91,0.8804553490635011,0.11954465093649891
10/30/2025,BetMGM,miami dolphins,baltimore ravens,22.5,38.038544874462126,13.198837971623302,Over,0.8804553490635011,-0.10193554395522889,0.0,1.95,1.8,0.8804553490635011,0.11954465093649891
10/30/2025,DraftKings,miami dolphins,baltimore ravens,22.5,38.038544874462126,13.198837971623302,Over,0.8804553490635011,-0.10193554395522889,0.0,1.83,1.91,0.8804553490635011,0.11954465093649891
10/30/2025,BetMGM,miami dolphins,baltimore ravens,22.5,38.038544874462126,13.198837971623302,Over,0.8804553490635011,-0.10193554395522889,0.0,1.95,1.91,0.8804553490635011,0.11954465093649891
10/30/2025,BetMGM,miami dolphins,baltimore ravens,22.5,38.038544874462126,13.198837971623302,Over,0.8804553490635011,-0.10193554395522889,0.0,1.83,1.8,0.8804553490635011,0.11954465093649891
10/30/2025,DraftKings,miami dolphins,baltimore ravens,27.5,38.038544874462126,13.198837971623302,Over,0.7876938221416019,-0.10202904275857384,0.0,13.6,1.92,0.7876938221416019,0.21230617785839812
10/30/2025,DraftKings,miami dolphins,baltimore ravens,27.5,38.038544874462126,13.198837971623302,Over,0.7876938221416019,-0.10202904275857384,0.0,13.6,1.92,0.7876938221416019,0.21230617785839812
10/30/2025,BetOnline.ag,miami dolphins,baltimore ravens,22.5,38.038544874462126,13.198837971623302,Over,0.8804553490635011,-0.1107400974458639,0.0,1.42,1.88,0.8804553490635011,0.11954465093649891
10/30/2025,BetOnline.ag,miami dolphins,baltimore ravens,22.5,38.038544874462126,13.198837971623302,Over,0.8804553490635011,-0.1107400974458639,0.0,1.42,1.88,0.8804553490635011,0.11954465093649891
10/30/2025,DraftKings,miami dolphins,baltimore ravens,25.5,38.038544874462126,13.198837971623302,Over,0.8289371135276482,-0.11303728852541642,0.0,7.2,1.87,0.8289371135276482,0.1710628864723518
10/30/2025,FanDuel,miami dolphins,baltimore ravens,23.5,38.038544874462126,13.198837971623302,Over,0.8646608572140582,-0.11804592564166067,0.0,1.93,1.82,0.8646608572140582,0.13533914278594184
10/30/2025,FanDuel,miami dolphins,baltimore ravens,24.5,38.038544874462126,13.198837971623302,Over,0.8474923657395441,-0.12708286328826957,0.0,2.54,1.88,0.8474923657395441,0.15250763426045588
10/30/2025,FanDuel,miami dolphins,baltimore ravens,24.5,38.038544874462126,13.198837971623302,Over,0.8474923657395441,-0.12708286328826957,0.0,2.54,1.88,0.8474923657395441,0.15250763426045588
10/30/2025,FanDuel,miami dolphins,baltimore ravens,24.5,38.038544874462126,13.198837971623302,Over,0.8474923657395441,-0.12708286328826957,0.0,2.64,1.88,0.8474923657395441,0.15250763426045588
11/2/2025,DraftKings,detroit lions,minnesota vikings,34.5,48.48451349291664,13.198837971623302,Over,0.8553198783726117,-0.12757372405993606,0.0,1.87,1.87,0.8553198783726117,0.1446801216273883
11/2/2025,FanDuel,buffalo bills,kansas city chiefs,68.5,54.873209854565026,13.198837971623302,Under,0.8490631099027831,-0.13395562789916124,0.0,1.88,1.88,0.1509368900972169,0.8490631099027831
10/30/2025,FanDuel,miami dolphins,baltimore ravens,24.5,38.038544874462126,13.198837971623302,Over,0.8474923657395441,-0.135557786945665,0.0,1.88,1.88,0.8474923657395441,0.15250763426045588
10/30/2025,FanDuel,miami dolphins,baltimore ravens,24.5,38.038544874462126,13.198837971623302,Over,0.8474923657395441,-0.135557786945665,0.0,1.5,1.88,0.8474923657395441,0.15250763426045588
10/30/2025,FanDuel,miami dolphins,baltimore ravens,24.5,38.038544874462126,13.198837971623302,Over,0.8474923657395441,-0.135557786945665,0.0,2.4,1.88,0.8474923657395441,0.15250763426045588
10/30/2025,FanDuel,miami dolphins,baltimore ravens,24.5,38.038544874462126,13.198837971623302,Over,0.8474923657395441,-0.135557786945665,0.0,1.69,1.88,0.8474923657395441,0.15250763426045588
10/30/2025,FanDuel,miami dolphins,baltimore ravens,24.5,38.038544874462126,13.198837971623302,Over,0.8474923657395441,-0.135557786945665,0.0,1.69,1.88,0.8474923657395441,0.15250763426045588
10/30/2025,FanDuel,miami dolphins,baltimore ravens,24.5,38.038544874462126,13.198837971623302,Over,0.8474923657395441,-0.135557786945665,0.0,2.1,1.88,0.8474923657395441,0.15250763426045588
10/30/2025,DraftKings,miami dolphins,baltimore ravens,25.5,38.038544874462126,13.198837971623302,Over,0.8289371135276482,-0.13790540193124587,0.0,4.13,1.87,0.8289371135276482,0.1710628864723518
10/30/2025,FanDuel,miami dolphins,baltimore ravens,24.5,38.038544874462126,13.198837971623302,Over,0.8474923657395441,-0.14403271060306044,0.0,1.45,1.88,0.8474923657395441,0.15250763426045588
10/30/2025,FanDuel,miami dolphins,baltimore ravens,24.5,38.038544874462126,13.198837971623302,Over,0.8474923657395441,-0.14403271060306044,0.0,1.36,1.88,0.8474923657395441,0.15250763426045588
10/30/2025,FanDuel,miami dolphins,baltimore ravens,24.5,38.038544874462126,13.198837971623302,Over,0.8474923657395441,-0.14403271060306044,0.0,1.09,1.88,0.8474923657395441,0.15250763426045588
10/30/2025,FanDuel,miami dolphins,baltimore ravens,24.5,38.038544874462126,13.198837971623302,Over,0.8474923657395441,-0.14403271060306044,0.0,1.06,1.88,0.8474923657395441,0.15250763426045588
10/30/2025,DraftKings,miami dolphins,baltimore ravens,25.5,38.038544874462126,13.198837971623302,Over,0.8289371135276482,-0.15448414420179882,0.0,1.87,1.87,0.8289371135276482,0.1710628864723518
10/30/2025,BetMGM,miami dolphins,baltimore ravens,25.5,38.038544874462126,13.198837971623302,Over,0.8289371135276482,-0.15448414420179882,0.0,1.87,1.85,0.8289371135276482,0.1710628864723518
10/30/2025,FanDuel,miami dolphins,baltimore ravens,50.5,38.038544874462126,13.198837971623302,Under,0.827449090988774,-0.15600192719145056,0.0,1.88,1.88,0.17255090901122605,0.827449090988774
10/30/2025,BetOnline.ag,miami dolphins,baltimore ravens,27.5,38.038544874462126,13.198837971623302,Over,0.7876938221416019,-0.15716761030848597,0.0,7.25,2.0,0.7876938221416019,0.21230617785839812
10/30/2025,BetOnline.ag,miami dolphins,baltimore ravens,27.5,38.038544874462126,13.198837971623302,Over,0.7876938221416019,-0.15716761030848597,0.0,7.25,1.88,0.7876938221416019,0.21230617785839812
10/30/2025,BetOnline.ag,miami dolphins,baltimore ravens,27.5,38.038544874462126,13.198837971623302,Over,0.7876938221416019,-0.15716761030848597,0.0,7.25,1.89,0.7876938221416019,0.21230617785839812
10/30/2025,DraftKings,miami dolphins,baltimore ravens,27.5,38.038544874462126,13.198837971623302,Over,0.7876938221416019,-0.15716761030848597,0.0,6.94,1.92,0.7876938221416019,0.21230617785839812
10/30/2025,DraftKings,miami dolphins,baltimore ravens,27.5,38.038544874462126,13.198837971623302,Over,0.7876938221416019,-0.15716761030848597,0.0,6.94,1.92,0.7876938221416019,0.21230617785839812
11/2/2025,FanDuel,buffalo bills,kansas city chiefs,42.5,54.873209854565026,13.198837971623302,Over,0.8257356393847424,-0.1577496478275628,0.0,1.88,1.88,0.8257356393847424,0.17426436061525763
10/30/2025,DraftKings,miami dolphins,baltimore ravens,25.5,38.038544874462126,13.198837971623302,Over,0.8289371135276482,-0.16277351533707532,0.0,1.12,1.87,0.8289371135276482,0.1710628864723518
10/30/2025,DraftKings,miami dolphins,baltimore ravens,25.5,38.038544874462126,13.198837971623302,Over,0.8289371135276482,-0.16277351533707532,0.0,1.38,1.87,0.8289371135276482,0.1710628864723518
10/30/2025,Bovada,miami dolphins,baltimore ravens,26.5,38.038544874462126,13.198837971623302,Over,0.8089978169893404,-0.17482222667087283,0.0,1.87,1.87,0.8089978169893404,0.19100218301065963
10/30/2025,BetOnline.ag,miami dolphins,baltimore ravens,27.5,38.038544874462126,13.198837971623302,Over,0.7876938221416019,-0.18079842497273405,0.0,4.1,2.0,0.7876938221416019,0.21230617785839812
10/30/2025,BetOnline.ag,miami dolphins,baltimore ravens,27.5,38.038544874462126,13.198837971623302,Over,0.7876938221416019,-0.18079842497273405,0.0,4.1,1.89,0.7876938221416019,0.21230617785839812
10/30/2025,BetOnline.ag,miami dolphins,baltimore ravens,27.5,38.038544874462126,13.198837971623302,Over,0.7876938221416019,-0.18079842497273405,0.0,4.1,1.88,0.7876938221416019,0.21230617785839812
10/30/2025,BetOnline.ag,miami dolphins,baltimore ravens,27.5,38.038544874462126,13.198837971623302,Over,0.7876938221416019,-0.19655230141556607,0.0,1.77,1.88,0.7876938221416019,0.21230617785839812
10/30/2025,DraftKings,miami dolphins,baltimore ravens,27.5,38.038544874462126,13.198837971623302,Over,0.7876938221416019,-0.19655230141556607,0.0,1.7,1.92,0.7876938221416019,0.21230617785839812
10/30/2025,BetOnline.ag,miami dolphins,baltimore ravens,27.5,38.038544874462126,13.198837971623302,Over,0.7876938221416019,-0.19655230141556607,0.0,1.77,2.0,0.7876938221416019,0.21230617785839812
10/30/2025,BetMGM,miami dolphins,baltimore ravens,27.5,38.038544874462126,13.198837971623302,Over,0.7876938221416019,-0.19655230141556607,0.0,1.77,2.0,0.7876938221416019,0.21230617785839812
10/30/2025,DraftKings,miami dolphins,baltimore ravens,27.5,38.038544874462126,13.198837971623302,Over,0.7876938221416019,-0.19655230141556607,0.0,1.7,1.92,0.7876938221416019,0.21230617785839812
10/30/2025,BetRivers,miami dolphins,baltimore ravens,27.5,38.038544874462126,13.198837971623302,Over,0.7876938221416019,-0.19655230141556607,0.0,1.89,1.83,0.7876938221416019,0.21230617785839812
10/30/2025,BetOnline.ag,miami dolphins,baltimore ravens,27.5,38.038544874462126,13.198837971623302,Over,0.7876938221416019,-0.19655230141556607,0.0,1.77,1.89,0.7876938221416019,0.21230617785839812
10/30/2025,FanDuel,miami dolphins,baltimore ravens,27.5,38.038544874462126,13.198837971623302,Over,0.7876938221416019,-0.19655230141556607,0.0,1.88,1.88,0.7876938221416019,0.21230617785839812
10/30/2025,BetOnline.ag,miami dolphins,baltimore ravens,27.5,38.038544874462126,13.198837971623302,Over,0.7876938221416019,-0.19655230141556607,0.0,1.88,2.0,0.7876938221416019,0.21230617785839812
10/30/2025,BetOnline.ag,miami dolphins,baltimore ravens,27.5,38.038544874462126,13.198837971623302,Over,0.7876938221416019,-0.19655230141556607,0.0,1.87,2.0,0.7876938221416019,0.21230617785839812
10/30/2025,DraftKings,miami dolphins,baltimore ravens,27.5,38.038544874462126,13.198837971623302,Over,0.7876938221416019,-0.19655230141556607,0.0,1.87,1.92,0.7876938221416019,0.21230617785839812
10/30/2025,DraftKings,miami dolphins,baltimore ravens,27.5,38.038544874462126,13.198837971623302,Over,0.7876938221416019,-0.19655230141556607,0.0,1.87,1.92,0.7876938221416019,0.21230617785839812
10/30/2025,DraftKings,miami dolphins,baltimore ravens,27.5,38.038544874462126,13.198837971623302,Over,0.7876938221416019,-0.19655230141556607,0.0,1.87,1.92,0.7876938221416019,0.21230617785839812
10/30/2025,DraftKings,miami dolphins,baltimore ravens,27.5,38.038544874462126,13.198837971623302,Over,0.7876938221416019,-0.19655230141556607,0.0,1.87,1.92,0.7876938221416019,0.21230617785839812
10/30/2025,Bovada,miami dolphins,baltimore ravens,27.5,38.038544874462126,13.198837971623302,Over,0.7876938221416019,-0.19655230141556607,0.0,1.87,1.87,0.7876938221416019,0.21230617785839812
10/30/2025,BetOnline.ag,miami dolphins,baltimore ravens,27.5,38.038544874462126,13.198837971623302,Over,0.7876938221416019,-0.19655230141556607,0.0,1.88,1.88,0.7876938221416019,0.21230617785839812
10/30/2025,FanDuel,miami dolphins,baltimore ravens,27.5,38.038544874462126,13.198837971623302,Over,0.7876938221416019,-0.19655230141556607,0.0,1.88,1.88,0.7876938221416019,0.21230617785839812
10/30/2025,FanDuel,miami dolphins,baltimore ravens,27.5,38.038544874462126,13.198837971623302,Over,0.7876938221416019,-0.19655230141556607,0.0,1.88,1.88,0.7876938221416019,0.21230617785839812
10/30/2025,BetOnline.ag,miami dolphins,baltimore ravens,27.5,38.038544874462126,13.198837971623302,Over,0.7876938221416019,-0.19655230141556607,0.0,1.87,1.89,0.7876938221416019,0.21230617785839812
10/30/2025,BetOnline.ag,miami dolphins,baltimore ravens,27.5,38.038544874462126,13.198837971623302,Over,0.7876938221416019,-0.19655230141556607,0.0,1.87,1.88,0.7876938221416019,0.21230617785839812
10/30/2025,FanDuel,miami dolphins,baltimore ravens,27.5,38.038544874462126,13.198837971623302,Over,0.7876938221416019,-0.19655230141556607,0.0,1.88,1.88,0.7876938221416019,0.21230617785839812
10/30/2025,BetOnline.ag,miami dolphins,baltimore ravens,27.5,38.038544874462126,13.198837971623302,Over,0.7876938221416019,-0.19655230141556607,0.0,2.41,1.88,0.7876938221416019,0.21230617785839812
10/30/2025,BetOnline.ag,miami dolphins,baltimore ravens,27.5,38.038544874462126,13.198837971623302,Over,0.7876938221416019,-0.19655230141556607,0.0,1.88,1.89,0.7876938221416019,0.21230617785839812
10/30/2025,BetOnline.ag,miami dolphins,baltimore ravens,27.5,38.038544874462126,13.198837971623302,Over,0.7876938221416019,-0.19655230141556607,0.0,1.88,1.88,0.7876938221416019,0.21230617785839812
10/30/2025,BetOnline.ag,miami dolphins,baltimore ravens,27.5,38.038544874462126,13.198837971623302,Over,0.7876938221416019,-0.19655230141556607,0.0,1.87,1.89,0.7876938221416019,0.21230617785839812
10/30/2025,BetOnline.ag,miami dolphins,baltimore ravens,27.5,38.038544874462126,13.198837971623302,Over,0.7876938221416019,-0.19655230141556607,0.0,1.88,1.89,0.7876938221416019,0.21230617785839812
10/30/2025,BetOnline.ag,miami dolphins,baltimore ravens,27.5,38.038544874462126,13.198837971623302,Over,0.7876938221416019,-0.19655230141556607,0.0,1.88,2.0,0.7876938221416019,0.21230617785839812
10/30/2025,BetOnline.ag,miami dolphins,baltimore ravens,27.5,38.038544874462126,13.198837971623302,Over,0.7876938221416019,-0.19655230141556607,0.0,2.41,1.89,0.7876938221416019,0.21230617785839812
10/30/2025,BetOnline.ag,miami dolphins,baltimore ravens,27.5,38.038544874462126,13.198837971623302,Over,0.7876938221416019,-0.19655230141556607,0.0,2.41,2.0,0.7876938221416019,0.21230617785839812
10/30/2025,BetOnline.ag,miami dolphins,baltimore ravens,27.5,38.038544874462126,13.198837971623302,Over,0.7876938221416019,-0.19655230141556607,0.0,1.87,1.88,0.7876938221416019,0.21230617785839812
10/30/2025,BetOnline.ag,miami dolphins,baltimore ravens,27.5,38.038544874462126,13.198837971623302,Over,0.7876938221416019,-0.19655230141556607,0.0,1.87,2.0,0.7876938221416019,0.21230617785839812
10/30/2025,DraftKings,miami dolphins,baltimore ravens,27.5,38.038544874462126,13.198837971623302,Over,0.7876938221416019,-0.2044292396369821,0.0,1.23,1.92,0.7876938221416019,0.21230617785839812
10/30/2025,DraftKings,miami dolphins,baltimore ravens,27.5,38.038544874462126,13.198837971623302,Over,0.7876938221416019,-0.2044292396369821,0.0,1.23,1.92,0.7876938221416019,0.21230617785839812
10/30/2025,Bovada,miami dolphins,baltimore ravens,28.5,38.038544874462126,13.198837971623302,Over,0.7650619484680852,-0.21963681256255313,0.0,2.0,1.77,0.7650619484680852,0.23493805153191483
10/30/2025,FanDuel,miami dolphins,baltimore ravens,28.5,38.038544874462126,13.198837971623302,Over,0.7650619484680852,-0.21963681256255313,0.0,1.94,1.82,0.7650619484680852,0.23493805153191483
10/30/2025,BetRivers,miami dolphins,baltimore ravens,28.5,38.038544874462126,13.198837971623302,Over,0.7650619484680852,-0.21963681256255313,0.0,1.92,1.85,0.7650619484680852,0.23493805153191483
10/30/2025,BetRivers,miami dolphins,baltimore ravens,28.5,38.038544874462126,13.198837971623302,Over,0.7650619484680852,-0.21963681256255313,0.0,1.92,1.82,0.7650619484680852,0.23493805153191483
10/30/2025,DraftKings,miami dolphins,baltimore ravens,28.5,38.038544874462126,13.198837971623302,Over,0.7650619484680852,-0.21963681256255313,0.0,1.93,1.84,0.7650619484680852,0.23493805153191483
10/30/2025,BetRivers,miami dolphins,baltimore ravens,28.5,38.038544874462126,13.198837971623302,Over,0.7650619484680852,-0.21963681256255313,0.0,1.88,1.85,0.7650619484680852,0.23493805153191483
10/30/2025,BetRivers,miami dolphins,baltimore ravens,28.5,38.038544874462126,13.198837971623302,Over,0.7650619484680852,-0.21963681256255313,0.0,1.88,1.82,0.7650619484680852,0.23493805153191483
10/30/2025,BetMGM,miami dolphins,baltimore ravens,28.5,38.038544874462126,13.198837971623302,Over,0.7650619484680852,-0.21963681256255313,0.0,1.87,1.87,0.7650619484680852,0.23493805153191483
11/2/2025,DraftKings,green bay packers,carolina panthers,38.5,47.31001801748177,13.198837971623302,Over,0.7477686041938507,-0.23727602372227227,0.0,1.83,1.91,0.7477686041938507,0.2522313958061493
10/30/2025,BetMGM,miami dolphins,baltimore ravens,29.5,38.038544874462126,13.198837971623302,Over,0.7411569776401555,-0.24401988280704134,0.0,1.91,1.85,0.7411569776401555,0.25884302235984447
11/2/2025,FanDuel,buffalo bills,kansas city chiefs,46.5,54.873209854565026,13.198837971623302,Over,0.737086809067619,-0.2481714547510286,0.0,1.88,1.88,0.737086809067619,0.26291319093238097
11/2/2025,DraftKings,los angeles rams,new orleans saints,37.5,45.85213940589477,13.198837971623302,Over,0.7365657621094926,-0.2487029226483175,0.0,1.87,1.87,0.7365657621094926,0.26343423789050735
10/30/2025,BetMGM,miami dolphins,baltimore ravens,30.5,38.038544874462126,13.198837971623302,Over,0.7160517495391301,-0.26962721547008733,0.0,1.85,1.91,0.7160517495391301,0.2839482504608699
11/2/2025,FanDuel,buffalo bills,kansas city chiefs,47.5,54.873209854565026,13.198837971623302,Over,0.71179139529293,-0.2739727768012114,0.0,1.85,1.89,0.71179139529293,0.28820860470707
11/2/2025,FanDuel,buffalo bills,kansas city chiefs,47.5,54.873209854565026,13.198837971623302,Over,0.71179139529293,-0.2739727768012114,0.0,1.85,1.88,0.71179139529293,0.28820860470707
11/2/2025,FanDuel,buffalo bills,kansas city chiefs,47.5,54.873209854565026,13.198837971623302,Over,0.71179139529293,-0.2739727768012114,0.0,1.88,1.89,0.71179139529293,0.28820860470707
11/2/2025,FanDuel,buffalo bills,kansas city chiefs,47.5,54.873209854565026,13.198837971623302,Over,0.71179139529293,-0.2739727768012114,0.0,1.88,1.88,0.71179139529293,0.28820860470707
10/30/2025,BetMGM,miami dolphins,baltimore ravens,31.5,38.038544874462126,13.198837971623302,Over,0.6898368395346035,-0.29636642367470445,0.0,1.85,1.91,0.6898368395346035,0.3101631604653965
10/30/2025,FanDuel,miami dolphins,baltimore ravens,44.5,38.038544874462126,13.198837971623302,Under,0.6877728521322652,-0.29847169082508945,0.0,1.85,1.89,0.31222714786773476,0.6877728521322652
10/30/2025,DraftKings,miami dolphins,baltimore ravens,32.5,38.038544874462126,13.198837971623302,Over,0.6626198042370965,-0.3241277996781615,0.0,1.83,1.91,0.6626198042370965,0.33738019576290346
10/30/2025,DraftKings,miami dolphins,baltimore ravens,32.5,38.038544874462126,13.198837971623302,Over,0.6626198042370965,-0.3241277996781615,0.0,1.83,1.91,0.6626198042370965,0.33738019576290346
10/30/2025,DraftKings,miami dolphins,baltimore ravens,32.5,38.038544874462126,13.198837971623302,Over,0.6626198042370965,-0.3241277996781615,0.0,1.83,1.94,0.6626198042370965,0.33738019576290346
10/30/2025,DraftKings,miami dolphins,baltimore ravens,32.5,38.038544874462126,13.198837971623302,Over,0.6626198042370965,-0.3241277996781615,0.0,1.83,1.91,0.6626198042370965,0.33738019576290346
10/30/2025,BetMGM,miami dolphins,baltimore ravens,32.5,38.038544874462126,13.198837971623302,Over,0.6626198042370965,-0.3241277996781615,0.0,1.77,1.95,0.6626198042370965,0.33738019576290346
10/30/2025,BetOnline.ag,miami dolphins,baltimore ravens,32.5,38.038544874462126,13.198837971623302,Over,0.6626198042370965,-0.3241277996781615,0.0,2.38,1.88,0.6626198042370965,0.33738019576290346
10/30/2025,BetOnline.ag,miami dolphins,baltimore ravens,32.5,38.038544874462126,13.198837971623302,Over,0.6626198042370965,-0.3241277996781615,0.0,1.88,1.9,0.6626198042370965,0.33738019576290346
10/30/2025,BetMGM,miami dolphins,baltimore ravens,32.5,38.038544874462126,13.198837971623302,Over,0.6626198042370965,-0.3241277996781615,0.0,1.77,1.91,0.6626198042370965,0.33738019576290346
10/30/2025,BetOnline.ag,miami dolphins,baltimore ravens,32.5,38.038544874462126,13.198837971623302,Over,0.6626198042370965,-0.3241277996781615,0.0,2.38,1.87,0.6626198042370965,0.33738019576290346
10/30/2025,BetOnline.ag,miami dolphins,baltimore ravens,32.5,38.038544874462126,13.198837971623302,Over,0.6626198042370965,-0.3241277996781615,0.0,2.38,1.9,0.6626198042370965,0.33738019576290346
10/30/2025,BetOnline.ag,miami dolphins,baltimore ravens,32.5,38.038544874462126,13.198837971623302,Over,0.6626198042370965,-0.3241277996781615,0.0,1.89,1.87,0.6626198042370965,0.33738019576290346
10/30/2025,BetOnline.ag,miami dolphins,baltimore ravens,32.5,38.038544874462126,13.198837971623302,Over,0.6626198042370965,-0.3241277996781615,0.0,1.89,1.88,0.6626198042370965,0.33738019576290346
10/30/2025,BetOnline.ag,miami dolphins,baltimore ravens,32.5,38.038544874462126,13.198837971623302,Over,0.6626198042370965,-0.3241277996781615,0.0,1.89,1.9,0.6626198042370965,0.33738019576290346
10/30/2025,BetOnline.ag,miami dolphins,baltimore ravens,32.5,38.038544874462126,13.198837971623302,Over,0.6626198042370965,-0.3241277996781615,0.0,1.88,1.87,0.6626198042370965,0.33738019576290346
10/30/2025,BetOnline.ag,miami dolphins,baltimore ravens,32.5,38.038544874462126,13.198837971623302,Over,0.6626198042370965,-0.3241277996781615,0.0,1.88,1.88,0.6626198042370965,0.33738019576290346
10/30/2025,BetOnline.ag,miami dolphins,baltimore ravens,32.5,38.038544874462126,13.198837971623302,Over,0.6626198042370965,-0.3241277996781615,0.0,1.88,1.9,0.6626198042370965,0.33738019576290346
10/30/2025,BetOnline.ag,miami dolphins,baltimore ravens,32.5,38.038544874462126,13.198837971623302,Over,0.6626198042370965,-0.3241277996781615,0.0,1.89,1.87,0.6626198042370965,0.33738019576290346
10/30/2025,BetOnline.ag,miami dolphins,baltimore ravens,32.5,38.038544874462126,13.198837971623302,Over,0.6626198042370965,-0.3241277996781615,0.0,1.89,1.88,0.6626198042370965,0.33738019576290346
10/30/2025,BetOnline.ag,miami dolphins,baltimore ravens,32.5,38.038544874462126,13.198837971623302,Over,0.6626198042370965,-0.3241277996781615,0.0,1.89,1.9,0.6626198042370965,0.33738019576290346
10/30/2025,BetOnline.ag,miami dolphins,baltimore ravens,32.5,38.038544874462126,13.198837971623302,Over,0.6626198042370965,-0.3241277996781615,0.0,1.88,1.87,0.6626198042370965,0.33738019576290346
10/30/2025,BetOnline.ag,miami dolphins,baltimore ravens,32.5,38.038544874462126,13.198837971623302,Over,0.6626198042370965,-0.3241277996781615,0.0,1.88,1.88,0.6626198042370965,0.33738019576290346
10/30/2025,BetOnline.ag,miami dolphins,baltimore ravens,32.5,38.038544874462126,13.198837971623302,Over,0.6626198042370965,-0.3241277996781615,0.0,1.86,1.87,0.6626198042370965,0.33738019576290346
10/30/2025,FanDuel,miami dolphins,baltimore ravens,32.5,38.038544874462126,13.198837971623302,Over,0.6626198042370965,-0.3241277996781615,0.0,1.88,1.93,0.6626198042370965,0.33738019576290346
10/30/2025,BetOnline.ag,miami dolphins,baltimore ravens,32.5,38.038544874462126,13.198837971623302,Over,0.6626198042370965,-0.3241277996781615,0.0,1.86,1.88,0.6626198042370965,0.33738019576290346
10/30/2025,BetOnline.ag,miami dolphins,baltimore ravens,32.5,38.038544874462126,13.198837971623302,Over,0.6626198042370965,-0.3241277996781615,0.0,1.86,1.9,0.6626198042370965,0.33738019576290346
10/30/2025,BetRivers,miami dolphins,baltimore ravens,32.5,38.038544874462126,13.198837971623302,Over,0.6626198042370965,-0.3241277996781615,0.0,1.93,1.81,0.6626198042370965,0.33738019576290346
10/30/2025,BetRivers,miami dolphins,baltimore ravens,32.5,38.038544874462126,13.198837971623302,Over,0.6626198042370965,-0.3241277996781615,0.0,1.93,1.88,0.6626198042370965,0.33738019576290346
10/30/2025,BetRivers,miami dolphins,baltimore ravens,32.5,38.038544874462126,13.198837971623302,Over,0.6626198042370965,-0.3241277996781615,0.0,1.85,1.81,0.6626198042370965,0.33738019576290346
10/30/2025,BetRivers,miami dolphins,baltimore ravens,32.5,38.038544874462126,13.198837971623302,Over,0.6626198042370965,-0.3241277996781615,0.0,1.85,1.88,0.6626198042370965,0.33738019576290346
10/30/2025,DraftKings,miami dolphins,baltimore ravens,32.5,38.038544874462126,13.198837971623302,Over,0.6626198042370965,-0.3241277996781615,0.0,1.83,1.91,0.6626198042370965,0.33738019576290346
10/30/2025,BetMGM,miami dolphins,baltimore ravens,32.5,38.038544874462126,13.198837971623302,Over,0.6626198042370965,-0.3241277996781615,0.0,1.87,1.87,0.6626198042370965,0.33738019576290346
10/30/2025,BetMGM,miami dolphins,baltimore ravens,32.5,38.038544874462126,13.198837971623302,Over,0.6626198042370965,-0.3241277996781615,0.0,1.87,1.91,0.6626198042370965,0.33738019576290346
10/30/2025,BetMGM,miami dolphins,baltimore ravens,32.5,38.038544874462126,13.198837971623302,Over,0.6626198042370965,-0.3241277996781615,0.0,1.87,1.95,0.6626198042370965,0.33738019576290346
10/30/2025,BetMGM,miami dolphins,baltimore ravens,32.5,38.038544874462126,13.198837971623302,Over,0.6626198042370965,-0.3241277996781615,0.0,1.85,1.87,0.6626198042370965,0.33738019576290346
10/30/2025,BetMGM,miami dolphins,baltimore ravens,32.5,38.038544874462126,13.198837971623302,Over,0.6626198042370965,-0.3241277996781615,0.0,1.85,1.91,0.6626198042370965,0.33738019576290346
10/30/2025,BetMGM,miami dolphins,baltimore ravens,32.5,38.038544874462126,13.198837971623302,Over,0.6626198042370965,-0.3241277996781615,0.0,1.85,1.95,0.6626198042370965,0.33738019576290346
10/30/2025,BetMGM,miami dolphins,baltimore ravens,32.5,38.038544874462126,13.198837971623302,Over,0.6626198042370965,-0.3241277996781615,0.0,1.77,1.87,0.6626198042370965,0.33738019576290346
10/30/2025,FanDuel,miami dolphins,baltimore ravens,32.5,38.038544874462126,13.198837971623302,Over,0.6626198042370965,-0.3241277996781615,0.0,1.88,1.88,0.6626198042370965,0.33738019576290346
10/30/2025,DraftKings,miami dolphins,baltimore ravens,32.5,38.038544874462126,13.198837971623302,Over,0.6626198042370965,-0.3241277996781615,0.0,1.83,1.94,0.6626198042370965,0.33738019576290346
10/30/2025,FanDuel,miami dolphins,baltimore ravens,32.5,38.038544874462126,13.198837971623302,Over,0.6626198042370965,-0.3241277996781615,0.0,1.88,1.88,0.6626198042370965,0.33738019576290346
10/30/2025,Bovada,miami dolphins,baltimore ravens,32.5,38.038544874462126,13.198837971623302,Over,0.6626198042370965,-0.3241277996781615,0.0,1.87,1.87,0.6626198042370965,0.33738019576290346
10/30/2025,Bovada,miami dolphins,baltimore ravens,32.5,38.038544874462126,13.198837971623302,Over,0.6626198042370965,-0.3241277996781615,0.0,1.83,1.87,0.6626198042370965,0.33738019576290346
10/30/2025,Bovada,miami dolphins,baltimore ravens,32.5,38.038544874462126,13.198837971623302,Over,0.6626198042370965,-0.3241277996781615,0.0,1.83,1.91,0.6626198042370965,0.33738019576290346
10/30/2025,Bovada,miami dolphins,baltimore ravens,32.5,38.038544874462126,13.198837971623302,Over,0.6626198042370965,-0.3241277996781615,0.0,1.83,1.87,0.6626198042370965,0.33738019576290346
10/30/2025,Bovada,miami dolphins,baltimore ravens,32.5,38.038544874462126,13.198837971623302,Over,0.6626198042370965,-0.3241277996781615,0.0,1.83,1.87,0.6626198042370965,0.33738019576290346
10/30/2025,Bovada,miami dolphins,baltimore ravens,32.5,38.038544874462126,13.198837971623302,Over,0.6626198042370965,-0.3241277996781615,0.0,1.87,1.91,0.6626198042370965,0.33738019576290346
10/30/2025,Bovada,miami dolphins,baltimore ravens,32.5,38.038544874462126,13.198837971623302,Over,0.6626198042370965,-0.3241277996781615,0.0,1.87,1.87,0.6626198042370965,0.33738019576290346
10/30/2025,Bovada,miami dolphins,baltimore ravens,32.5,38.038544874462126,13.198837971623302,Over,0.6626198042370965,-0.3241277996781615,0.0,1.87,1.87,0.6626198042370965,0.33738019576290346
10/30/2025,Bovada,miami dolphins,baltimore ravens,32.5,38.038544874462126,13.198837971623302,Over,0.6626198042370965,-0.3241277996781615,0.0,1.87,1.87,0.6626198042370965,0.33738019576290346
10/30/2025,Bovada,miami dolphins,baltimore ravens,32.5,38.038544874462126,13.198837971623302,Over,0.6626198042370965,-0.3241277996781615,0.0,1.87,1.91,0.6626198042370965,0.33738019576290346
10/30/2025,Bovada,miami dolphins,baltimore ravens,32.5,38.038544874462126,13.198837971623302,Over,0.6626198042370965,-0.3241277996781615,0.0,1.87,1.87,0.6626198042370965,0.33738019576290346
10/30/2025,Bovada,miami dolphins,baltimore ravens,32.5,38.038544874462126,13.198837971623302,Over,0.6626198042370965,-0.3241277996781615,0.0,1.87,1.87,0.6626198042370965,0.33738019576290346
10/30/2025,DraftKings,miami dolphins,baltimore ravens,32.5,38.038544874462126,13.198837971623302,Over,0.6626198042370965,-0.3241277996781615,0.0,1.88,1.91,0.6626198042370965,0.33738019576290346
10/30/2025,DraftKings,miami dolphins,baltimore ravens,32.5,38.038544874462126,13.198837971623302,Over,0.6626198042370965,-0.3241277996781615,0.0,1.88,1.91,0.6626198042370965,0.33738019576290346
10/30/2025,DraftKings,miami dolphins,baltimore ravens,32.5,38.038544874462126,13.198837971623302,Over,0.6626198042370965,-0.3241277996781615,0.0,1.88,1.94,0.6626198042370965,0.33738019576290346
10/30/2025,Bovada,miami dolphins,baltimore ravens,32.5,38.038544874462126,13.198837971623302,Over,0.6626198042370965,-0.3241277996781615,0.0,1.87,1.87,0.6626198042370965,0.33738019576290346
10/30/2025,Bovada,miami dolphins,baltimore ravens,32.5,38.038544874462126,13.198837971623302,Over,0.6626198042370965,-0.3241277996781615,0.0,1.87,1.87,0.6626198042370965,0.33738019576290346
10/30/2025,Bovada,miami dolphins,baltimore ravens,32.5,38.038544874462126,13.198837971623302,Over,0.6626198042370965,-0.3241277996781615,0.0,1.87,1.91,0.6626198042370965,0.33738019576290346
10/30/2025,Bovada,miami dolphins,baltimore ravens,32.5,38.038544874462126,13.198837971623302,Over,0.6626198042370965,-0.3241277996781615,0.0,1.87,1.87,0.6626198042370965,0.33738019576290346
10/30/2025,FanDuel,miami dolphins,baltimore ravens,32.5,38.038544874462126,13.198837971623302,Over,0.6626198042370965,-0.3241277996781615,0.0,1.88,1.88,0.6626198042370965,0.33738019576290346
10/30/2025,FanDuel,miami dolphins,baltimore ravens,32.5,38.038544874462126,13.198837971623302,Over,0.6626198042370965,-0.3241277996781615,0.0,1.85,1.88,0.6626198042370965,0.33738019576290346
10/30/2025,FanDuel,miami dolphins,baltimore ravens,32.5,38.038544874462126,13.198837971623302,Over,0.6626198042370965,-0.3241277996781615,0.0,1.88,1.93,0.6626198042370965,0.33738019576290346
10/30/2025,FanDuel,miami dolphins,baltimore ravens,32.5,38.038544874462126,13.198837971623302,Over,0.6626198042370965,-0.3241277996781615,0.0,1.88,1.88,0.6626198042370965,0.33738019576290346
10/30/2025,FanDuel,miami dolphins,baltimore ravens,32.5,38.038544874462126,13.198837971623302,Over,0.6626198042370965,-0.3241277996781615,0.0,1.85,1.88,0.6626198042370965,0.33738019576290346
10/30/2025,FanDuel,miami dolphins,baltimore ravens,32.5,38.038544874462126,13.198837971623302,Over,0.6626198042370965,-0.3241277996781615,0.0,1.85,1.93,0.6626198042370965,0.33738019576290346
10/30/2025,DraftKings,miami dolphins,baltimore ravens,33.5,38.038544874462126,13.198837971623302,Over,0.634523997433217,-0.33374980269512217,0.0,4.52,1.88,0.634523997433217,0.36547600256678303
10/30/2025,DraftKings,miami dolphins,baltimore ravens,33.5,38.038544874462126,13.198837971623302,Over,0.634523997433217,-0.3527855226181187,0.0,1.9,1.88,0.634523997433217,0.36547600256678303
10/30/2025,FanDuel,miami dolphins,baltimore ravens,33.5,38.038544874462126,13.198837971623302,Over,0.634523997433217,-0.3527855226181187,0.0,1.88,1.88,0.634523997433217,0.36547600256678303
10/30/2025,DraftKings,miami dolphins,baltimore ravens,33.5,38.038544874462126,13.198837971623302,Over,0.634523997433217,-0.3527855226181187,0.0,2.08,1.88,0.634523997433217,0.36547600256678303
10/30/2025,BetRivers,miami dolphins,baltimore ravens,33.5,38.038544874462126,13.198837971623302,Over,0.634523997433217,-0.3527855226181187,0.0,1.85,1.88,0.634523997433217,0.36547600256678303
11/2/2025,FanDuel,buffalo bills,kansas city chiefs,50.5,54.873209854565026,13.198837971623302,Over,0.6298034955406828,-0.35760043454850354,0.0,1.88,1.88,0.6298034955406828,0.3701965044593172
10/30/2025,BetRivers,miami dolphins,baltimore ravens,34.5,38.038544874462126,13.198837971623302,Over,0.6056869730133851,-0.38219928752634713,0.0,1.87,1.87,0.6056869730133851,0.39431302698661486
10/30/2025,BetMGM,miami dolphins,baltimore ravens,34.5,38.038544874462126,13.198837971623302,Over,0.6056869730133851,-0.38219928752634713,0.0,1.85,1.87,0.6056869730133851,0.39431302698661486
10/30/2025,DraftKings,miami dolphins,baltimore ravens,35.5,38.038544874462126,13.198837971623302,Over,0.576258506740273,-0.3834033977879079,0.0,6.85,1.92,0.576258506740273,0.423741493259727
10/30/2025,BetOnline.ag,miami dolphins,baltimore ravens,35.5,38.038544874462126,13.198837971623302,Over,0.576258506740273,-0.4064537380575188,0.0,3.0,1.88,0.576258506740273,0.423741493259727
10/30/2025,DraftKings,miami dolphins,baltimore ravens,35.5,38.038544874462126,13.198837971623302,Over,0.576258506740273,-0.4064537380575188,0.0,2.7,1.92,0.576258506740273,0.423741493259727
10/30/2025,BetOnline.ag,miami dolphins,baltimore ravens,35.5,38.038544874462126,13.198837971623302,Over,0.576258506740273,-0.4122163231249215,0.0,1.88,1.88,0.576258506740273,0.423741493259727
10/30/2025,DraftKings,miami dolphins,baltimore ravens,35.5,38.038544874462126,13.198837971623302,Over,0.576258506740273,-0.4122163231249215,0.0,1.86,1.92,0.576258506740273,0.423741493259727
10/30/2025,FanDuel,miami dolphins,baltimore ravens,35.5,38.038544874462126,13.198837971623302,Over,0.576258506740273,-0.4122163231249215,0.0,1.88,1.88,0.576258506740273,0.423741493259727
10/30/2025,BetOnline.ag,miami dolphins,baltimore ravens,35.5,38.038544874462126,13.198837971623302,Over,0.576258506740273,-0.4122163231249215,0.0,1.88,1.88,0.576258506740273,0.423741493259727
10/30/2025,Bovada,miami dolphins,baltimore ravens,35.5,38.038544874462126,13.198837971623302,Over,0.576258506740273,-0.4122163231249215,0.0,1.87,1.87,0.576258506740273,0.423741493259727
10/30/2025,DraftKings,miami dolphins,baltimore ravens,37.5,38.038544874462126,13.198837971623302,Over,0.516273305346814,-0.42693663106503643,0.0,11.0,1.83,0.516273305346814,0.48372669465318596
11/2/2025,FanDuel,buffalo bills,kansas city chiefs,56.5,54.873209854565026,13.198837971623302,Under,0.5490464343182695,-0.4399726369953651,0.0,1.88,1.88,0.4509535656817305,0.5490464343182695
10/30/2025,FanDuel,miami dolphins,baltimore ravens,36.5,38.038544874462126,13.198837971623302,Over,0.5463982829803842,-0.44267375136000814,0.0,1.85,1.93,0.5463982829803842,0.4536017170196158
10/30/2025,DraftKings,miami dolphins,baltimore ravens,37.5,38.038544874462126,13.198837971623302,Over,0.516273305346814,-0.4630757624393134,0.0,3.59,1.83,0.516273305346814,0.48372669465318596
10/30/2025,Bovada,miami dolphins,baltimore ravens,37.5,38.038544874462126,13.198837971623302,Over,0.516273305346814,-0.47340122854624966,0.0,1.91,1.83,0.516273305346814,0.48372669465318596
10/30/2025,DraftKings,miami dolphins,baltimore ravens,37.5,38.038544874462126,13.198837971623302,Over,0.516273305346814,-0.47340122854624966,0.0,1.91,1.83,0.516273305346814,0.48372669465318596
10/30/2025,BetMGM,miami dolphins,baltimore ravens,37.5,38.038544874462126,13.198837971623302,Over,0.516273305346814,-0.47340122854624966,0.0,1.91,1.83,0.516273305346814,0.48372669465318596
